crop,country,correction_bnusd_per_mha
alfalfa,AFG,-0.3613618314266205
alfalfa,AGO,-0.9381504952907562
alfalfa,ALB,-0.21057342505082488
alfalfa,ARE,-0.5616742968559265
alfalfa,ARG,-0.4484255313873291
alfalfa,ARM,-0.0
alfalfa,ATG,-7.5
alfalfa,AUS,1.1249650120735168
alfalfa,AUT,-0.8089405298233032
alfalfa,AZE,0.7512823343276978
alfalfa,BDI,-0.8992443978786469
alfalfa,BEL,0.045041752979159355
alfalfa,BEN,0.509820744395256
alfalfa,BFA,-0.0
alfalfa,BGD,1.34209805727005
alfalfa,BGR,0.22462893277406693
alfalfa,BHS,-4.105992168188095
alfalfa,BIH,3.9570419043302536
alfalfa,BLR,-2.554411143064499
alfalfa,BLZ,-0.010105629451572895
alfalfa,BOL,-0.37848326563835144
alfalfa,BRA,-0.6524094343185425
alfalfa,BRB,2.1073940992355347
alfalfa,BRN,-0.8346583247184753
alfalfa,BTN,-0.2713441401720047
alfalfa,BWA,-7.5
alfalfa,CAF,-0.9728804230690002
alfalfa,CAN,-0.5801257193088531
alfalfa,CHE,0.49974900484085083
alfalfa,CHL,-0.8672170341014862
alfalfa,CHN,0.1025860533118248
alfalfa,CIV,7.5
alfalfa,CMR,0.5480649471282959
alfalfa,COD,-0.10757382959127426
alfalfa,COG,-0.09945236518979073
alfalfa,COL,-0.1985142081975937
alfalfa,COM,0.42428551614284515
alfalfa,CPV,-7.5
alfalfa,CRI,-0.22407843172550201
alfalfa,CUB,-0.2862354665994644
alfalfa,CYP,3.1265496015548706
alfalfa,CZE,-0.053136203438043594
alfalfa,DEU,0.06634383089840412
alfalfa,DJI,-0.835690438747406
alfalfa,DNK,6.584723472595215
alfalfa,DOM,-1.0948958098888397
alfalfa,DZA,-0.0
alfalfa,ECU,-0.07392867282032967
alfalfa,EGY,2.2787458896636963
alfalfa,ERI,-0.8745495080947876
alfalfa,ESP,-1.1050764322280884
alfalfa,EST,-0.026798568665981293
alfalfa,ETH,-0.8379373550415039
alfalfa,FIN,-0.0
alfalfa,FJI,-0.22047322988510132
alfalfa,FRA,-0.31077052652835846
alfalfa,GAB,-0.8469574749469757
alfalfa,GBR,0.17221324890851974
alfalfa,GEO,-0.5318324565887451
alfalfa,GHA,-0.9061825275421143
alfalfa,GIN,-0.8761205673217773
alfalfa,GMB,-7.5
alfalfa,GNB,-0.0
alfalfa,GNQ,-0.7592925727367401
alfalfa,GRC,-0.5888340771198273
alfalfa,GRD,0.22709673643112183
alfalfa,GTM,-0.5668327510356903
alfalfa,GUF,-2.7332428693771362
alfalfa,GUY,-0.07167529128491879
alfalfa,HND,-0.3269353359937668
alfalfa,HRV,-3.989750787615776
alfalfa,HTI,-0.9849196076393127
alfalfa,HUN,-0.5287011563777924
alfalfa,IDN,-0.14206960052251816
alfalfa,IND,2.838315486907959
alfalfa,IRL,-0.5063982009887695
alfalfa,IRN,-1.4752857685089111
alfalfa,IRQ,1.8651609420776367
alfalfa,ISL,-0.7714725732803345
alfalfa,ISR,1.363986611366272
alfalfa,ITA,0.28998690843582153
alfalfa,JAM,1.6716321110725403
alfalfa,JOR,0.9228179454803467
alfalfa,JPN,-0.03383052349090576
alfalfa,KAZ,-0.524880051612854
alfalfa,KEN,-0.4995366930961609
alfalfa,KGZ,-0.8171840310096741
alfalfa,KHM,-0.847377210855484
alfalfa,KOR,-0.033373056910932064
alfalfa,LAO,3.503615453839302
alfalfa,LBN,2.5468711853027344
alfalfa,LBR,-0.9216444790363312
alfalfa,LBY,-1.7812474370002747
alfalfa,LKA,-0.7087520360946655
alfalfa,LSO,-0.9258889853954315
alfalfa,LTU,0.40700384974479675
alfalfa,LUX,-0.31373557448387146
alfalfa,LVA,-0.549990713596344
alfalfa,MAR,1.5388485193252563
alfalfa,MDA,0.2783278673887253
alfalfa,MDG,-0.26456888020038605
alfalfa,MEX,-0.3489631116390228
alfalfa,MKD,0.20892014354467392
alfalfa,MLI,-7.5
alfalfa,MLT,-7.5
alfalfa,MMR,4.112518787384033
alfalfa,MNE,1.9577288627624512
alfalfa,MNG,-0.8200724124908447
alfalfa,MOZ,-0.6108028888702393
alfalfa,MRT,-1.277125060558319
alfalfa,MUS,-0.8317568600177765
alfalfa,MWI,-0.453051894903183
alfalfa,MYS,-0.5323594212532043
alfalfa,NAM,-7.5
alfalfa,NER,-0.10631614085286856
alfalfa,NGA,-0.9605015814304352
alfalfa,NIC,-1.8630978465080261
alfalfa,NLD,7.192660331726074
alfalfa,NOR,-0.0
alfalfa,NPL,-0.9016903936862946
alfalfa,NZL,-0.2654487043619156
alfalfa,OMN,-0.0
alfalfa,PAK,-0.8345114588737488
alfalfa,PAN,-1.0434016585350037
alfalfa,PER,-0.8726335763931274
alfalfa,PHL,-0.07465366646647453
alfalfa,PNG,-0.18700392544269562
alfalfa,POL,-0.4525585323572159
alfalfa,PRI,-0.8348888158798218
alfalfa,PRT,2.5423593521118164
alfalfa,PRY,-0.2994462549686432
alfalfa,PSE,0.6155930161476135
alfalfa,ROU,0.12652400881052017
alfalfa,RUS,-0.3809717297554016
alfalfa,RWA,-0.22617708891630173
alfalfa,SAU,-0.6612821817398071
alfalfa,SDN,-0.7491106390953064
alfalfa,SEN,-0.0
alfalfa,SLB,-0.6203618347644806
alfalfa,SLE,-0.49844561517238617
alfalfa,SLV,0.9646515250205994
alfalfa,SOM,-1.204360544681549
alfalfa,SRB,0.17493992671370506
alfalfa,SSD,-0.8797294795513153
alfalfa,STP,0.977385014295578
alfalfa,SUR,-0.7841159105300903
alfalfa,SVK,0.022232964634895325
alfalfa,SVN,0.0366378016769886
alfalfa,SWE,-0.0
alfalfa,SWZ,-0.23123173415660858
alfalfa,SYR,-0.0
alfalfa,TCD,-0.9309031963348389
alfalfa,TGO,-0.03396269865334034
alfalfa,THA,-0.6562699973583221
alfalfa,TJK,-0.24193023145198822
alfalfa,TKM,-0.0
alfalfa,TLS,-0.038952913135290146
alfalfa,TTO,-0.7199581563472748
alfalfa,TUN,0.18258178234100342
alfalfa,TUR,2.9713433980941772
alfalfa,TWN,1.2630319595336914
alfalfa,TZA,-0.6803342700004578
alfalfa,UGA,-0.23317663371562958
alfalfa,UKR,-0.3081798553466797
alfalfa,URY,-0.6376457810401917
alfalfa,USA,-0.5345850884914398
alfalfa,UZB,-1.2272357940673828
alfalfa,VEN,-0.20795536041259766
alfalfa,VNM,1.5713831782341003
alfalfa,VUT,-0.10066892206668854
alfalfa,YEM,-0.843728244304657
alfalfa,ZAF,-0.6283970773220062
alfalfa,ZMB,-7.5
alfalfa,ZWE,-0.7460032999515533
apple,AFG,-0.0
apple,ALB,-0.0
apple,ARG,-7.5
apple,ARM,-0.0
apple,AUS,-0.0
apple,AUT,-0.0
apple,AZE,-0.0
apple,BEL,-0.0
apple,BGR,-0.0
apple,BIH,-0.0
apple,BLR,-0.0
apple,BLZ,-7.5
apple,BOL,-7.5
apple,BRA,-0.0
apple,BTN,-0.0
apple,BWA,-0.0
apple,CAN,-7.5
apple,CHE,-0.0
apple,CHL,-0.0
apple,CHN,-0.0
apple,COL,-3.75
apple,CZE,-0.0
apple,DEU,-0.0
apple,DNK,-0.0
apple,DZA,-0.0
apple,ECU,-0.0
apple,EGY,-0.0
apple,ESP,-0.0
apple,EST,-0.0
apple,ETH,-0.0
apple,FIN,-0.0
apple,FRA,-0.0
apple,GBR,-0.0
apple,GEO,-0.0
apple,GRC,-0.0
apple,GTM,-0.0
apple,HND,-0.0
apple,HRV,-0.0
apple,HUN,-0.0
apple,IND,-0.0
apple,IRL,-0.0
apple,IRN,-0.0
apple,IRQ,-0.0
apple,ISR,-0.0
apple,ITA,-0.0
apple,JOR,-0.0
apple,JPN,-0.0
apple,KAZ,-0.0
apple,KEN,-7.5
apple,KGZ,-0.0
apple,KOR,-0.0
apple,LAO,-7.5
apple,LBN,-0.0
apple,LBY,-7.5
apple,LSO,-7.5
apple,LTU,-0.0
apple,LUX,-0.0
apple,LVA,-0.0
apple,MAR,-0.0
apple,MDA,-0.0
apple,MDG,-1.9526464939117432
apple,MEX,-0.0
apple,MKD,-0.0
apple,MMR,-7.5
apple,MNE,-0.0
apple,MNG,7.5
apple,MOZ,-0.0
apple,NIC,-0.0
apple,NLD,-0.0
apple,NOR,-0.0
apple,NPL,-0.0
apple,NZL,-0.0
apple,PAK,-0.0
apple,PER,-0.0
apple,POL,-0.0
apple,PRT,-0.0
apple,PRY,-3.75
apple,PSE,-0.0
apple,ROU,-0.0
apple,RUS,-0.0
apple,SAU,0.0
apple,SLV,-0.0
apple,SRB,-0.0
apple,SVK,-0.0
apple,SVN,-0.0
apple,SWE,-0.0
apple,SWZ,-0.0
apple,SYR,-0.0
apple,TJK,-0.0
apple,TKM,-0.0
apple,TUN,-0.0
apple,TUR,-0.0
apple,TWN,-0.0
apple,TZA,-0.0
apple,UGA,-0.0
apple,UKR,-0.0
apple,URY,-0.0
apple,USA,-0.0
apple,UZB,-0.0
apple,VEN,-0.0
apple,VNM,-7.5
apple,YEM,-0.0
apple,ZAF,-0.0
apple,ZMB,-0.0
apple,ZWE,-3.75
banana,AFG,-0.0
banana,AGO,-7.5
banana,ALB,-0.0
banana,ARE,-7.5
banana,ARG,-4.428112506866455
banana,ATG,7.5
banana,AUS,-7.5
banana,BDI,-1.2008941769599915
banana,BEN,-7.5
banana,BFA,-6.44601583480835
banana,BGD,-6.86294412612915
banana,BHS,-7.161089181900024
banana,BLZ,-6.84427547454834
banana,BOL,-1.7895594835281372
banana,BRA,-3.4255881309509277
banana,BRB,-7.5
banana,BRN,-2.360949158668518
banana,BTN,-7.5
banana,BWA,-0.0
banana,CAF,-7.5
banana,CHN,-7.5
banana,CIV,-7.5
banana,CMR,-7.5
banana,COD,-7.5
banana,COG,-7.5
banana,COL,-7.5
banana,COM,-7.5
banana,CPV,-7.5
banana,CRI,-7.5
banana,CUB,-7.5
banana,CYP,-5.794865131378174
banana,DJI,-0.0
banana,DOM,-6.129595041275024
banana,DZA,-5.15472936630249
banana,ECU,-6.74228572845459
banana,EGY,-7.5
banana,ERI,-6.363975524902344
banana,ESP,-7.5
banana,ETH,-1.0261940360069275
banana,FJI,-7.437006950378418
banana,FRA,-5.923784494400024
banana,GAB,-7.5
banana,GHA,-2.228266954421997
banana,GIN,0.01749230921268463
banana,GMB,-0.0
banana,GNB,-7.5
banana,GNQ,-7.5
banana,GRC,-7.5
banana,GRD,-1.6912221908569336
banana,GTM,-4.769919514656067
banana,GUF,7.5
banana,GUY,-7.5
banana,HND,-7.5
banana,HTI,-7.5
banana,IDN,-2.746943473815918
banana,IND,-2.0360801219940186
banana,IRN,-7.5
banana,IRQ,1.6739842891693115
banana,ISR,-7.5
banana,JAM,-3.435916781425476
banana,JOR,-7.5
banana,KEN,-2.709620952606201
banana,KHM,-7.021571159362793
banana,LAO,-6.176559925079346
banana,LBN,-7.5
banana,LBR,-7.5
banana,LKA,-6.1637773513793945
banana,MAR,-7.5
banana,MDG,-7.5
banana,MEX,-2.232845902442932
banana,MLI,-7.5
banana,MMR,-7.0846734046936035
banana,MOZ,-7.5
banana,MRT,-6.913681507110596
banana,MUS,-2.834419369697571
banana,MWI,-7.5
banana,MYS,-3.7646676301956177
banana,NAM,-6.7275519371032715
banana,NER,-7.090794801712036
banana,NGA,7.5
banana,NIC,-7.347582817077637
banana,NPL,-4.332919359207153
banana,OMN,-7.03851842880249
banana,PAK,-7.5
banana,PAN,-5.386607646942139
banana,PER,-7.5
banana,PHL,-6.516285181045532
banana,PNG,-7.409019231796265
banana,PRI,-7.5
banana,PRT,-5.408705234527588
banana,PRY,-3.9426798820495605
banana,PSE,-7.5
banana,RWA,-5.588335752487183
banana,SAU,-5.158573627471924
banana,SDN,-6.1674909591674805
banana,SEN,-7.5
banana,SLB,-7.5
banana,SLE,-7.5
banana,SLV,-1.881784975528717
banana,SOM,-7.237588405609131
banana,SSD,-7.5
banana,STP,-7.5
banana,SUR,-7.5
banana,SWZ,-7.5
banana,SYR,-3.303374171257019
banana,TGO,-4.056127071380615
banana,THA,-4.904109716415405
banana,TLS,-0.6666444540023804
banana,TTO,-7.5
banana,TUR,-7.5
banana,TWN,-6.074144124984741
banana,TZA,-2.389644145965576
banana,UGA,-7.5
banana,URY,-6.251404285430908
banana,USA,-7.5
banana,VEN,-7.482161998748779
banana,VNM,-2.8918635845184326
banana,VUT,-7.5
banana,YEM,-4.691721200942993
banana,ZAF,-7.5
banana,ZMB,-1.7154631614685059
banana,ZWE,-7.5
barley,AFG,-0.3476627767086029
barley,AGO,-0.0
barley,ALB,-0.6474834382534027
barley,ARE,0.03253453690558672
barley,ARG,-0.3254019021987915
barley,ARM,-0.21222978830337524
barley,AUS,0.03633137792348862
barley,AUT,-0.4798000454902649
barley,AZE,-0.17878949642181396
barley,BDI,-0.0
barley,BEL,-0.25907009840011597
barley,BGD,7.5
barley,BGR,-0.1747969426214695
barley,BIH,-0.20579774677753448
barley,BLR,-0.09558979421854019
barley,BOL,-0.08896302431821823
barley,BRA,-0.27645741403102875
barley,BTN,0.34182656556367874
barley,BWA,7.5
barley,CAN,-0.40964475274086
barley,CHE,-0.9121987223625183
barley,CHL,-0.6926488280296326
barley,CHN,-0.24694082140922546
barley,COD,-0.5335617065429688
barley,COL,-0.40225592255592346
barley,CYP,0.1985347392037511
barley,CZE,-0.3450833559036255
barley,DEU,-0.27434487640857697
barley,DNK,-0.41034993529319763
barley,DZA,-0.15749713778495789
barley,ECU,-0.3262464255094528
barley,EGY,-0.8606491088867188
barley,ERI,-0.48099713027477264
barley,ESP,-0.17455540597438812
barley,EST,-0.16141607612371445
barley,ETH,-0.32355737686157227
barley,FIN,3.6495317816734314
barley,FRA,-0.46384942531585693
barley,GBR,-0.4972924292087555
barley,GEO,-0.15790121257305145
barley,GRC,-0.010701650753617287
barley,GTM,-0.0
barley,HRV,3.6410507932305336
barley,HUN,0.053924372885376215
barley,IND,-0.29307880997657776
barley,IRL,-0.4511191323399544
barley,IRN,-0.3920487314462662
barley,IRQ,-0.29072827845811844
barley,ISR,0.5936363339424133
barley,ITA,-0.19367270171642303
barley,JOR,-0.3214017003774643
barley,JPN,0.9878115057945251
barley,KAZ,-0.09602656215429306
barley,KEN,-0.6854597628116608
barley,KGZ,-0.23027736693620682
barley,KOR,-0.11268256232142448
barley,LAO,-0.3206327557563782
barley,LBN,-0.25796932727098465
barley,LBY,-0.816925585269928
barley,LSO,-0.4983159303665161
barley,LTU,-0.21386344730854034
barley,LUX,-0.1615077992901206
barley,LVA,-0.1637200266122818
barley,MAR,-0.5232122838497162
barley,MDA,0.0031802523881196976
barley,MEX,-0.47843727469444275
barley,MKD,-0.06401967816054821
barley,MLT,-2.2853883504867554
barley,MMR,-0.26088446378707886
barley,MNE,-0.13932045549154282
barley,MNG,-0.1465219259262085
barley,MOZ,7.5
barley,MRT,-0.24240867793560028
barley,MWI,-0.0
barley,NAM,-0.0
barley,NLD,-1.4106691479682922
barley,NOR,-0.8651977479457855
barley,NPL,0.03278335928916931
barley,NZL,-0.7647801637649536
barley,OMN,-1.0524596124887466
barley,PAK,-0.49490979313850403
barley,PER,-0.13192854076623917
barley,POL,-0.22517330944538116
barley,PRT,-0.2139340043067932
barley,PRY,7.5
barley,PSE,-0.41524064540863037
barley,ROU,-0.41547854244709015
barley,RUS,-0.15339279174804688
barley,RWA,-0.0
barley,SAU,-0.14321957528591156
barley,SDN,-0.5295842885971069
barley,SRB,-0.11995629593729973
barley,SVK,-0.28374339640140533
barley,SVN,-0.11720498278737068
barley,SWE,-0.5354317426681519
barley,SWZ,7.5
barley,SYR,-0.4372308552265167
barley,THA,-0.33963605761528015
barley,TJK,-0.27482014894485474
barley,TKM,-0.33806344866752625
barley,TUN,-0.11499639973044395
barley,TUR,-0.08450521528720856
barley,TZA,-0.4594644755125046
barley,UGA,-0.0
barley,UKR,-0.2782163918018341
barley,URY,-0.08352252864278853
barley,USA,-0.5263327956199646
barley,UZB,-0.26075440645217896
barley,VEN,-0.0
barley,VNM,-0.2550186887383461
barley,YEM,-0.24627869576215744
barley,ZAF,-0.35723254084587097
barley,ZMB,7.5
barley,ZWE,1.785612165927887
biomass-sorghum,AFG,-0.0
biomass-sorghum,AGO,-0.0
biomass-sorghum,ALB,-0.0
biomass-sorghum,ARE,-0.0
biomass-sorghum,ARG,-0.0
biomass-sorghum,ARM,-0.0
biomass-sorghum,AUS,-0.0
biomass-sorghum,AUT,-0.0
biomass-sorghum,AZE,-0.0
biomass-sorghum,BDI,-0.0
biomass-sorghum,BEL,-0.0
biomass-sorghum,BEN,-0.0
biomass-sorghum,BFA,-0.0
biomass-sorghum,BGD,-0.0
biomass-sorghum,BGR,-0.0
biomass-sorghum,BIH,-0.0
biomass-sorghum,BLR,-0.0
biomass-sorghum,BLZ,-0.0
biomass-sorghum,BOL,-0.0
biomass-sorghum,BRA,-0.0
biomass-sorghum,BTN,-0.0
biomass-sorghum,BWA,-0.0
biomass-sorghum,CAF,-0.0
biomass-sorghum,CAN,-0.0
biomass-sorghum,CHE,-0.0
biomass-sorghum,CHN,-0.0
biomass-sorghum,CIV,-0.0
biomass-sorghum,CMR,-0.0
biomass-sorghum,COD,-0.0
biomass-sorghum,COG,-0.0
biomass-sorghum,COL,-0.0
biomass-sorghum,CRI,-0.0
biomass-sorghum,CUB,-0.0
biomass-sorghum,CZE,-0.0
biomass-sorghum,DEU,-0.0
biomass-sorghum,DOM,-0.0
biomass-sorghum,DZA,-0.0
biomass-sorghum,ECU,-0.0
biomass-sorghum,EGY,-0.0
biomass-sorghum,ERI,-0.0
biomass-sorghum,ESP,-0.0
biomass-sorghum,EST,-0.0
biomass-sorghum,ETH,-0.0
biomass-sorghum,FJI,-0.0
biomass-sorghum,FRA,-0.0
biomass-sorghum,GAB,-0.0
biomass-sorghum,GEO,-0.0
biomass-sorghum,GHA,-0.0
biomass-sorghum,GIN,-0.0
biomass-sorghum,GMB,-0.0
biomass-sorghum,GNB,-0.0
biomass-sorghum,GRC,-0.0
biomass-sorghum,GTM,-0.0
biomass-sorghum,GUY,-0.0
biomass-sorghum,HND,-0.0
biomass-sorghum,HRV,-0.0
biomass-sorghum,HTI,-0.0
biomass-sorghum,HUN,-0.0
biomass-sorghum,IDN,-0.0
biomass-sorghum,IND,-0.0
biomass-sorghum,IRN,-0.0
biomass-sorghum,IRQ,-0.0
biomass-sorghum,ISR,-0.0
biomass-sorghum,ITA,-0.0
biomass-sorghum,JOR,-0.0
biomass-sorghum,KAZ,-0.0
biomass-sorghum,KEN,-0.0
biomass-sorghum,KGZ,-0.0
biomass-sorghum,KHM,-0.0
biomass-sorghum,KOR,-0.0
biomass-sorghum,LAO,-0.0
biomass-sorghum,LBN,-0.0
biomass-sorghum,LBR,-0.0
biomass-sorghum,LSO,-0.0
biomass-sorghum,LTU,-0.0
biomass-sorghum,LUX,-0.0
biomass-sorghum,LVA,-0.0
biomass-sorghum,MAR,-0.0
biomass-sorghum,MDA,-0.0
biomass-sorghum,MDG,-0.0
biomass-sorghum,MEX,-0.0
biomass-sorghum,MKD,-0.0
biomass-sorghum,MLI,-0.0
biomass-sorghum,MMR,-0.0
biomass-sorghum,MNE,-0.0
biomass-sorghum,MNG,-0.0
biomass-sorghum,MOZ,-0.0
biomass-sorghum,MRT,-0.0
biomass-sorghum,MWI,-0.0
biomass-sorghum,MYS,-0.0
biomass-sorghum,NAM,-0.0
biomass-sorghum,NER,-0.0
biomass-sorghum,NGA,-0.0
biomass-sorghum,NIC,-0.0
biomass-sorghum,NPL,-0.0
biomass-sorghum,OMN,-0.0
biomass-sorghum,PAK,-0.0
biomass-sorghum,PAN,-0.0
biomass-sorghum,PER,-0.0
biomass-sorghum,PNG,-0.0
biomass-sorghum,POL,-0.0
biomass-sorghum,PRT,-0.0
biomass-sorghum,PRY,-0.0
biomass-sorghum,PSE,-0.0
biomass-sorghum,ROU,-0.0
biomass-sorghum,RUS,-0.0
biomass-sorghum,RWA,-0.0
biomass-sorghum,SAU,-0.0
biomass-sorghum,SDN,-0.0
biomass-sorghum,SEN,-0.0
biomass-sorghum,SLE,-0.0
biomass-sorghum,SLV,-0.0
biomass-sorghum,SOM,-0.0
biomass-sorghum,SRB,-0.0
biomass-sorghum,SSD,-0.0
biomass-sorghum,SUR,-0.0
biomass-sorghum,SVK,-0.0
biomass-sorghum,SVN,-0.0
biomass-sorghum,SWZ,-0.0
biomass-sorghum,SYR,-0.0
biomass-sorghum,TCD,-0.0
biomass-sorghum,TGO,-0.0
biomass-sorghum,THA,-0.0
biomass-sorghum,TJK,-0.0
biomass-sorghum,TKM,-0.0
biomass-sorghum,TUN,-0.0
biomass-sorghum,TUR,-0.0
biomass-sorghum,TWN,-0.0
biomass-sorghum,TZA,-0.0
biomass-sorghum,UGA,-0.0
biomass-sorghum,UKR,-0.0
biomass-sorghum,URY,-0.0
biomass-sorghum,USA,-0.0
biomass-sorghum,UZB,-0.0
biomass-sorghum,VEN,-0.0
biomass-sorghum,VNM,-0.0
biomass-sorghum,YEM,-0.0
biomass-sorghum,ZAF,-0.0
biomass-sorghum,ZMB,-0.0
biomass-sorghum,ZWE,-0.0
buckwheat,AFG,-0.0
buckwheat,AGO,-0.0
buckwheat,ALB,-0.3355475217103958
buckwheat,ARE,-0.0
buckwheat,ARG,-0.11553116142749786
buckwheat,ARM,-0.14585287868976593
buckwheat,AUS,-0.014870350249111652
buckwheat,AUT,0.4293997287750244
buckwheat,AZE,-0.09439994767308235
buckwheat,BDI,-0.33530770242214203
buckwheat,BEL,4.169734865427017
buckwheat,BEN,-7.5
buckwheat,BFA,-0.3439079821109772
buckwheat,BGD,-0.0
buckwheat,BGR,3.8244801238179207
buckwheat,BIH,-0.16766421496868134
buckwheat,BLR,-2.301487483084202
buckwheat,BLZ,-0.0
buckwheat,BOL,-0.37040555477142334
buckwheat,BRA,-0.0492234081029892
buckwheat,BTN,-0.7186522483825684
buckwheat,BWA,-7.5
buckwheat,CAF,0.0
buckwheat,CAN,7.5
buckwheat,CHE,0.6273294687271118
buckwheat,CHL,0.4929092526435852
buckwheat,CHN,-0.21122365444898605
buckwheat,CIV,-0.24722421914339066
buckwheat,CMR,-7.5
buckwheat,COD,7.5
buckwheat,COG,-7.5
buckwheat,COL,-7.5
buckwheat,CYP,7.5
buckwheat,CZE,0.6436637043952942
buckwheat,DEU,0.7602745592594147
buckwheat,DNK,0.672460526227951
buckwheat,DZA,0.000787455472163856
buckwheat,ECU,-3.886240601539612
buckwheat,EGY,-0.10290247201919556
buckwheat,ERI,-0.3888661563396454
buckwheat,ESP,-0.11405331268906593
buckwheat,EST,0.21889065206050873
buckwheat,ETH,-0.24472244083881378
buckwheat,FIN,0.05935291759669781
buckwheat,FRA,0.5348614454269409
buckwheat,GAB,-0.0
buckwheat,GBR,0.35567623376846313
buckwheat,GEO,-0.7248763740062714
buckwheat,GHA,0.0
buckwheat,GIN,-0.36948148906230927
buckwheat,GMB,-7.5
buckwheat,GNB,-7.5
buckwheat,GRC,-0.28312304615974426
buckwheat,GTM,-0.0
buckwheat,GUF,-0.0
buckwheat,GUY,-0.0
buckwheat,HRV,3.9175499975681305
buckwheat,HUN,0.5225288718938828
buckwheat,IND,7.5
buckwheat,IRL,1.1427944898605347
buckwheat,IRN,0.0564996711909771
buckwheat,IRQ,7.5
buckwheat,ISR,3.5922320634126663
buckwheat,ITA,-0.0
buckwheat,JOR,-0.0
buckwheat,JPN,-0.5141761004924774
buckwheat,KAZ,-0.03893754631280899
buckwheat,KEN,-7.5
buckwheat,KGZ,3.6411236226558685
buckwheat,KHM,0.0
buckwheat,KOR,-0.12482988089323044
buckwheat,LAO,7.5
buckwheat,LBN,7.5
buckwheat,LBR,-0.0
buckwheat,LBY,-0.0
buckwheat,LSO,3.6759068593382835
buckwheat,LTU,3.842952348291874
buckwheat,LUX,0.36917921900749207
buckwheat,LVA,3.9719358682632446
buckwheat,MAR,-0.3218204528093338
buckwheat,MDA,7.5
buckwheat,MEX,-7.5
buckwheat,MKD,-0.03838020749390125
buckwheat,MLI,-0.34532108902931213
buckwheat,MMR,-0.3925597369670868
buckwheat,MNE,0.11100137233734131
buckwheat,MNG,-0.16369260847568512
buckwheat,MOZ,7.5
buckwheat,MRT,7.5
buckwheat,MWI,-0.0
buckwheat,MYS,-0.0
buckwheat,NAM,-0.0
buckwheat,NER,-7.5
buckwheat,NGA,-0.3740900605916977
buckwheat,NLD,-0.8710180521011353
buckwheat,NOR,0.08606140967458487
buckwheat,NPL,-0.23516471683979034
buckwheat,NZL,0.3272620588541031
buckwheat,OMN,-7.5
buckwheat,PER,-0.25624987483024597
buckwheat,POL,0.0989581998437643
buckwheat,PRT,-0.30326561629772186
buckwheat,PRY,7.5
buckwheat,PSE,7.5
buckwheat,ROU,3.8510216996073723
buckwheat,RUS,-0.12454737350344658
buckwheat,RWA,-7.5
buckwheat,SAU,0.3032923489809036
buckwheat,SDN,-7.5
buckwheat,SEN,-7.5
buckwheat,SLE,-0.3689611107110977
buckwheat,SOM,-0.0
buckwheat,SRB,0.36468514800071716
buckwheat,SSD,-7.5
buckwheat,SUR,-0.0
buckwheat,SVK,0.3354925364255905
buckwheat,SVN,3.8488539159297943
buckwheat,SWE,0.3808821737766266
buckwheat,SWZ,-0.0
buckwheat,SYR,-0.10457790642976761
buckwheat,TCD,-0.214783176779747
buckwheat,TGO,-7.5
buckwheat,THA,-0.3444291353225708
buckwheat,TJK,-0.15341263264417648
buckwheat,TKM,7.5
buckwheat,TUN,-0.09053550474345684
buckwheat,TUR,0.07720039412379265
buckwheat,TWN,3.7330512274056673
buckwheat,TZA,-0.29597237706184387
buckwheat,UGA,-0.0
buckwheat,UKR,-0.09515035524964333
buckwheat,URY,3.7465330054983497
buckwheat,USA,0.23247803002595901
buckwheat,UZB,0.006850853096693754
buckwheat,VEN,-0.0
buckwheat,VNM,-0.0
buckwheat,YEM,-0.0
buckwheat,ZAF,-0.25801295787096024
buckwheat,ZMB,-0.0
buckwheat,ZWE,-7.5
cabbage,AFG,-5.611191749572754
cabbage,AGO,-6.320974826812744
cabbage,ALB,-3.0682380199432373
cabbage,ARE,-1.1752893924713135
cabbage,ARG,-3.276780605316162
cabbage,ARM,-1.1778666526079178
cabbage,ATG,-7.5
cabbage,AUS,-7.5
cabbage,AUT,-3.7288748025894165
cabbage,AZE,0.3864201307296753
cabbage,BDI,-6.749347686767578
cabbage,BEL,-7.5
cabbage,BEN,-5.923673152923584
cabbage,BFA,-7.5
cabbage,BGD,0.9815003499388695
cabbage,BGR,-0.9267120361328125
cabbage,BHS,-6.426521301269531
cabbage,BIH,2.473936378955841
cabbage,BLR,3.126329720020294
cabbage,BLZ,-7.5
cabbage,BOL,-2.459995985031128
cabbage,BRA,-5.329397916793823
cabbage,BRB,-7.5
cabbage,BRN,-7.5
cabbage,BTN,-0.8268683850765228
cabbage,BWA,-4.353037357330322
cabbage,CAF,-7.5
cabbage,CAN,-4.488381862640381
cabbage,CHE,-7.5
cabbage,CHL,-7.5
cabbage,CHN,-3.972334384918213
cabbage,CIV,-6.806721210479736
cabbage,CMR,-7.5
cabbage,COD,-6.920718669891357
cabbage,COG,-7.5
cabbage,COL,-7.5
cabbage,COM,-7.5
cabbage,CPV,-0.0
cabbage,CRI,-4.710611820220947
cabbage,CUB,-4.383371949195862
cabbage,CYP,-7.5
cabbage,CZE,-0.30422675609588623
cabbage,DEU,-3.9566057920455933
cabbage,DJI,-7.5
cabbage,DNK,-3.4825117588043213
cabbage,DOM,-7.5
cabbage,DZA,-5.250915050506592
cabbage,ECU,0.7595062553882599
cabbage,EGY,-0.0
cabbage,ERI,-7.5
cabbage,ESP,-3.0665398836135864
cabbage,EST,-2.6214559674263
cabbage,ETH,-0.028657998889684677
cabbage,FIN,-7.5
cabbage,FJI,-7.5
cabbage,FRA,-7.5
cabbage,GAB,-7.5
cabbage,GBR,-7.470782041549683
cabbage,GEO,-1.7052862644195557
cabbage,GHA,-3.520357608795166
cabbage,GIN,-7.5
cabbage,GMB,-7.3026039600372314
cabbage,GNB,-7.5
cabbage,GNQ,7.5
cabbage,GRC,-6.270978927612305
cabbage,GRD,-6.776722431182861
cabbage,GTM,-6.043471813201904
cabbage,GUF,-7.5
cabbage,GUY,-7.5
cabbage,HND,-4.069469332695007
cabbage,HRV,6.540051698684692
cabbage,HTI,-7.5
cabbage,HUN,-0.2806664928793907
cabbage,IDN,-5.96737265586853
cabbage,IND,-4.77736496925354
cabbage,IRL,-2.8306689262390137
cabbage,IRN,-4.672985553741455
cabbage,IRQ,-1.3563910126686096
cabbage,ISR,-2.7396128177642822
cabbage,ITA,-5.39353346824646
cabbage,JAM,-7.293308734893799
cabbage,JOR,-3.386529803276062
cabbage,JPN,-7.5
cabbage,KAZ,-0.051951080560684204
cabbage,KEN,-2.277944326400757
cabbage,KGZ,-1.7449923753738403
cabbage,KHM,-7.341169118881226
cabbage,KOR,1.2332157492637634
cabbage,LAO,-7.192166566848755
cabbage,LBN,-7.320003271102905
cabbage,LBR,-7.5
cabbage,LBY,-7.5
cabbage,LKA,-6.771643877029419
cabbage,LSO,-6.522233963012695
cabbage,LTU,-2.121640622615814
cabbage,LUX,-7.5
cabbage,LVA,0.978212982416153
cabbage,MAR,1.7743402123451233
cabbage,MDA,1.0718497335910797
cabbage,MDG,-6.673964023590088
cabbage,MEX,-0.628743976354599
cabbage,MKD,-2.7489575147628784
cabbage,MLI,-5.139614582061768
cabbage,MLT,-2.462719678878784
cabbage,MMR,-5.640859842300415
cabbage,MNE,-5.126811981201172
cabbage,MNG,-5.736113548278809
cabbage,MOZ,-7.001847267150879
cabbage,MRT,-7.5
cabbage,MUS,-7.5
cabbage,MWI,-4.372614622116089
cabbage,MYS,-5.774547100067139
cabbage,NAM,-7.114439010620117
cabbage,NER,-2.3356754779815674
cabbage,NGA,-7.5
cabbage,NIC,-7.5
cabbage,NLD,4.629988193511963
cabbage,NOR,-7.5
cabbage,NPL,-3.132064461708069
cabbage,NZL,-4.215324401855469
cabbage,OMN,-5.494814395904541
cabbage,PAK,-0.0
cabbage,PAN,-7.5
cabbage,PER,2.4200795888900757
cabbage,PHL,-3.8181629180908203
cabbage,PNG,-5.014582872390747
cabbage,POL,0.3676561415195465
cabbage,PRI,-7.5
cabbage,PRT,-3.9901671409606934
cabbage,PRY,-7.422320604324341
cabbage,PSE,-7.5
cabbage,ROU,-3.197558283805847
cabbage,RUS,1.2312650680541992
cabbage,RWA,-1.2024741768836975
cabbage,SAU,-6.570187330245972
cabbage,SDN,-6.881592750549316
cabbage,SEN,-7.5
cabbage,SLB,-7.5
cabbage,SLE,-7.5
cabbage,SLV,-0.0
cabbage,SOM,-7.5
cabbage,SRB,-1.0493361353874207
cabbage,SSD,-7.247451066970825
cabbage,STP,-7.093213319778442
cabbage,SUR,-7.5
cabbage,SVK,-1.2656856290996075
cabbage,SVN,1.1473959684371948
cabbage,SWE,-7.5
cabbage,SWZ,-7.5
cabbage,SYR,-5.1417412757873535
cabbage,TCD,-7.372105121612549
cabbage,TGO,-3.8998230695724487
cabbage,THA,-5.564460754394531
cabbage,TJK,-2.2506799697875977
cabbage,TKM,-4.65995979309082
cabbage,TLS,-6.185270547866821
cabbage,TTO,-7.5
cabbage,TUN,2.7783093452453613
cabbage,TUR,0.4663049951195717
cabbage,TWN,-4.957915544509888
cabbage,TZA,-2.064137578010559
cabbage,UGA,0.0
cabbage,UKR,1.895115852355957
cabbage,URY,-3.3633846044540405
cabbage,USA,-7.5
cabbage,UZB,-1.8313884735107422
cabbage,VEN,-7.5
cabbage,VNM,-4.729036331176758
cabbage,VUT,-7.5
cabbage,YEM,-6.173388481140137
cabbage,ZAF,-3.545754909515381
cabbage,ZMB,-7.1423020362854
cabbage,ZWE,-7.5
carrot,AFG,-5.583843469619751
carrot,AGO,-6.816049575805664
carrot,ALB,-6.376521348953247
carrot,ARE,-1.2614904642105103
carrot,ARG,-7.5
carrot,ARM,-1.8070749938488007
carrot,ATG,-6.933510780334473
carrot,AUS,-7.5
carrot,AUT,-7.5
carrot,AZE,-1.6979166269302368
carrot,BDI,-7.291239261627197
carrot,BEL,-7.5
carrot,BEN,-5.725542306900024
carrot,BFA,-6.099970579147339
carrot,BGD,-5.086546301841736
carrot,BGR,-0.509593054652214
carrot,BHS,-6.987031936645508
carrot,BIH,2.5118550062179565
carrot,BLR,5.738905668258667
carrot,BLZ,-5.437174081802368
carrot,BOL,-1.326857566833496
carrot,BRA,-4.1647398471832275
carrot,BRB,-7.5
carrot,BRN,-7.5
carrot,BTN,-4.436755895614624
carrot,BWA,-5.418674945831299
carrot,CAF,-7.5
carrot,CAN,-4.832883834838867
carrot,CHE,-7.5
carrot,CHL,-7.5
carrot,CHN,-7.5
carrot,CIV,-7.22547721862793
carrot,CMR,-7.5
carrot,COD,-7.5
carrot,COG,-7.5
carrot,COL,-4.268596887588501
carrot,COM,-7.5
carrot,CPV,-0.3172872066497803
carrot,CRI,-5.298543453216553
carrot,CUB,-4.6794867515563965
carrot,CYP,-7.11236834526062
carrot,CZE,-0.8392224311828613
carrot,DEU,-5.1901209354400635
carrot,DJI,-7.5
carrot,DNK,-7.5
carrot,DOM,-5.611053228378296
carrot,DZA,-3.61807119846344
carrot,ECU,0.45263485610485077
carrot,EGY,-0.0
carrot,ERI,-7.5
carrot,ESP,-6.9599220752716064
carrot,EST,-2.006892681121826
carrot,ETH,1.0999367833137512
carrot,FIN,-7.5
carrot,FJI,-5.45484459400177
carrot,FRA,-3.3530051708221436
carrot,GAB,-7.5
carrot,GBR,-7.5
carrot,GEO,0.20009752898477018
carrot,GHA,-1.3119189739227295
carrot,GIN,-7.5
carrot,GMB,-7.5
carrot,GNB,-7.5
carrot,GNQ,7.5
carrot,GRC,-7.5
carrot,GRD,-7.5
carrot,GTM,-6.517182111740112
carrot,GUF,-7.5
carrot,GUY,1.4224155992269516
carrot,HND,-4.330567002296448
carrot,HRV,7.5
carrot,HTI,-7.5
carrot,HUN,-1.0114171504974365
carrot,IDN,-7.473660945892334
carrot,IND,-5.293682336807251
carrot,IRL,-7.5
carrot,IRN,-0.0
carrot,IRQ,-0.9160926938056946
carrot,ISR,-7.5
carrot,ITA,-5.79025673866272
carrot,JAM,-5.588523268699646
carrot,JOR,-7.5
carrot,JPN,-7.5
carrot,KAZ,0.21055984497070312
carrot,KEN,-1.118358850479126
carrot,KGZ,-1.2711839079856873
carrot,KHM,-6.930665731430054
carrot,KOR,1.1289386302232742
carrot,LAO,-7.5
carrot,LBN,-7.5
carrot,LBR,-7.5
carrot,LBY,-6.654725551605225
carrot,LKA,-7.394930124282837
carrot,LSO,-6.841726541519165
carrot,LTU,-1.028818041086197
carrot,LUX,-7.5
carrot,LVA,2.1224292516708374
carrot,MAR,1.7293790578842163
carrot,MDA,1.2636070251464844
carrot,MDG,-7.226606369018555
carrot,MEX,1.0480540990829468
carrot,MKD,2.5618388652801514
carrot,MLI,-7.5
carrot,MLT,-6.002828359603882
carrot,MMR,-6.106963396072388
carrot,MNE,-5.475543975830078
carrot,MNG,-1.248692512512207
carrot,MOZ,-7.5
carrot,MRT,-7.5
carrot,MUS,-7.459490776062012
carrot,MWI,0.0
carrot,MYS,-6.070571422576904
carrot,NAM,-7.5
carrot,NER,-7.5
carrot,NGA,-7.5
carrot,NIC,-4.632974624633789
carrot,NLD,6.105079412460327
carrot,NOR,-7.5
carrot,NPL,-6.417714595794678
carrot,NZL,-4.688003182411194
carrot,OMN,-7.105195999145508
carrot,PAK,-6.483922481536865
carrot,PAN,-7.5
carrot,PER,0.8835475444793701
carrot,PHL,-4.284719705581665
carrot,PNG,-5.846246957778931
carrot,POL,6.30933141708374
carrot,PRI,-7.256326675415039
carrot,PRT,-7.095975875854492
carrot,PRY,-3.3595598936080933
carrot,PSE,-7.5
carrot,ROU,-2.5412516593933105
carrot,RUS,3.3629491329193115
carrot,RWA,-2.661017417907715
carrot,SAU,-7.5
carrot,SDN,-6.695739269256592
carrot,SEN,-7.269092798233032
carrot,SLB,-7.5
carrot,SLE,-7.5
carrot,SLV,3.7111943922936916
carrot,SOM,-7.5
carrot,SRB,-1.2014813125133514
carrot,SSD,-7.5
carrot,STP,-7.358628988265991
carrot,SUR,-7.5
carrot,SVK,-5.1481510400772095
carrot,SVN,2.0563982725143433
carrot,SWE,-7.5
carrot,SWZ,-7.5
carrot,SYR,-5.570474624633789
carrot,TCD,-5.1873297691345215
carrot,TGO,-7.5
carrot,THA,-6.7266881465911865
carrot,TJK,2.501464366912842
carrot,TKM,-5.055946350097656
carrot,TLS,-7.5
carrot,TTO,-7.5
carrot,TUN,2.1719298362731934
carrot,TUR,-1.184827744960785
carrot,TWN,-5.484530448913574
carrot,TZA,-7.5
carrot,UGA,0.0
carrot,UKR,3.662266492843628
carrot,URY,-3.5549135208129883
carrot,USA,-7.5
carrot,UZB,1.9909945726394653
carrot,VEN,-4.957686901092529
carrot,VNM,-6.17441201210022
carrot,VUT,-3.899410843849182
carrot,YEM,-2.2357229590415955
carrot,ZAF,-1.8170968294143677
carrot,ZMB,-7.5
carrot,ZWE,-3.5629866123199463
cassava,AGO,-3.368254780769348
cassava,ARG,-4.572738170623779
cassava,ATG,-3.1860220432281494
cassava,BDI,-2.2261104583740234
cassava,BEN,-2.7432491779327393
cassava,BFA,-3.412958860397339
cassava,BGD,-1.9624274373054504
cassava,BHS,-2.862037181854248
cassava,BLZ,-4.22730827331543
cassava,BOL,-1.5594969987869263
cassava,BRA,-1.4006676077842712
cassava,BRB,-7.5
cassava,BRN,-7.5
cassava,BTN,7.5
cassava,BWA,-7.5
cassava,CAF,-3.595512270927429
cassava,CHN,-3.340678334236145
cassava,CIV,-0.869417816400528
cassava,CMR,-3.348803758621216
cassava,COD,-3.4651288986206055
cassava,COG,-3.3320748805999756
cassava,COL,-3.3928191661834717
cassava,COM,-3.4919859170913696
cassava,CPV,-7.5
cassava,CRI,-3.166003704071045
cassava,CUB,-3.5695937871932983
cassava,DOM,-1.9970237016677856
cassava,ECU,-1.1322318315505981
cassava,ETH,-3.438047170639038
cassava,FJI,-6.385437965393066
cassava,GAB,-3.627926826477051
cassava,GHA,-2.452528953552246
cassava,GIN,-0.7363861501216888
cassava,GMB,-3.631705164909363
cassava,GNB,-3.4562312364578247
cassava,GNQ,-3.6687086820602417
cassava,GRD,-0.0
cassava,GTM,-3.750185012817383
cassava,GUF,-0.0
cassava,GUY,-7.5
cassava,HND,-6.811861276626587
cassava,HTI,-3.6037129163742065
cassava,IDN,-3.695106863975525
cassava,IND,-2.2043070793151855
cassava,JAM,-5.561173439025879
cassava,KEN,-3.585238218307495
cassava,KHM,-3.2028229236602783
cassava,LAO,-2.9102267026901245
cassava,LBR,-3.5533206462860107
cassava,LKA,-2.9168214797973633
cassava,MDG,-3.354444146156311
cassava,MEX,-1.5285500884056091
cassava,MLI,-4.386051177978516
cassava,MMR,-3.5013256072998047
cassava,MOZ,-1.8388153314590454
cassava,MUS,-5.6517369747161865
cassava,MWI,-6.116942882537842
cassava,MYS,-3.664657473564148
cassava,NAM,-3.3497891426086426
cassava,NER,-4.031291484832764
cassava,NGA,-3.689332962036133
cassava,NIC,-1.203276515007019
cassava,NPL,-1.8235373497009277
cassava,PAK,-1.8344217538833618
cassava,PAN,-5.314960956573486
cassava,PER,-1.3262403011322021
cassava,PHL,-1.312020480632782
cassava,PNG,-3.279124617576599
cassava,PRI,-3.6556252241134644
cassava,PRY,-0.6325285136699677
cassava,RWA,-2.445767402648926
cassava,SDN,-3.435230255126953
cassava,SEN,-2.416374683380127
cassava,SLB,-2.867190957069397
cassava,SLE,-3.5800808668136597
cassava,SLV,2.054063558578491
cassava,SOM,-3.47141170501709
cassava,SSD,-3.148552656173706
cassava,STP,-3.441824436187744
cassava,SUR,-7.5
cassava,SWZ,-3.378351330757141
cassava,TCD,-3.4801658391952515
cassava,TGO,-0.7394966781139374
cassava,THA,-0.6414855122566223
cassava,TLS,-2.4759665727615356
cassava,TTO,-4.669861316680908
cassava,TWN,-3.1108338832855225
cassava,TZA,-0.5696118474006653
cassava,UGA,-3.69805109500885
cassava,URY,2.044939160346985
cassava,USA,-0.0
cassava,VEN,-3.195744514465332
cassava,VNM,-2.997985601425171
cassava,ZAF,-3.5313199758529663
cassava,ZMB,-4.7618019580841064
cassava,ZWE,-3.2085832357406616
chickpea,AFG,-0.8080361485481262
chickpea,AGO,-0.908797025680542
chickpea,ALB,-0.14692037040367723
chickpea,ARE,-0.0
chickpea,ARG,-0.1323384866118431
chickpea,ARM,0.4062881041318178
chickpea,AUS,0.8473900556564331
chickpea,AUT,0.2639838308095932
chickpea,AZE,0.5921053290367126
chickpea,BDI,-0.8194330632686615
chickpea,BEL,5.067162036895752
chickpea,BEN,-0.5245106071233749
chickpea,BFA,-0.909062385559082
chickpea,BGD,0.2558080330491066
chickpea,BGR,0.2547345794737339
chickpea,BHS,-7.5
chickpea,BIH,3.990173354744911
chickpea,BLR,4.414005279541016
chickpea,BLZ,-0.45527777075767517
chickpea,BOL,7.5
chickpea,BRA,-0.6405691504478455
chickpea,BRB,-7.5
chickpea,BRN,0.0
chickpea,BTN,-0.34706197679042816
chickpea,BWA,-0.9827189445495605
chickpea,CAF,-0.5668359100818634
chickpea,CAN,0.39990419149398804
chickpea,CHE,2.323651671409607
chickpea,CHL,0.1495119407773018
chickpea,CHN,0.9727789759635925
chickpea,CIV,-0.6742362678050995
chickpea,CMR,-0.5926991701126099
chickpea,COD,-0.877752423286438
chickpea,COG,-0.8161742091178894
chickpea,COL,7.5
chickpea,COM,-0.5831182599067688
chickpea,CPV,-1.129824936389923
chickpea,CRI,-0.9811961948871613
chickpea,CUB,-0.3953009620308876
chickpea,CYP,3.529429629445076
chickpea,CZE,1.2649085521697998
chickpea,DEU,2.066950559616089
chickpea,DJI,-7.5
chickpea,DNK,-0.0
chickpea,DOM,-0.0
chickpea,DZA,0.022225311025977135
chickpea,ECU,-0.5532186478376389
chickpea,EGY,1.0593062341213226
chickpea,ERI,-0.8356009721755981
chickpea,ESP,0.6380552053451538
chickpea,EST,-0.0
chickpea,ETH,-0.3008505553007126
chickpea,FIN,3.75
chickpea,FJI,-7.5
chickpea,FRA,1.1394072771072388
chickpea,GAB,-7.5
chickpea,GBR,-0.0
chickpea,GEO,-0.28913426399230957
chickpea,GHA,-0.6905339956283569
chickpea,GIN,-0.5677732229232788
chickpea,GMB,-0.8199054300785065
chickpea,GNB,-0.9786809384822845
chickpea,GNQ,7.5
chickpea,GRC,-2.2267898321151733
chickpea,GRD,-7.5
chickpea,GTM,-0.38124576210975647
chickpea,GUF,7.5
chickpea,GUY,-7.5
chickpea,HND,-0.8345319628715515
chickpea,HRV,3.914081409573555
chickpea,HTI,-0.8373245894908905
chickpea,HUN,0.8685125112533569
chickpea,IDN,-0.8900873363018036
chickpea,IND,-0.6349109709262848
chickpea,IRL,-0.0
chickpea,IRN,0.0022426832001656294
chickpea,IRQ,7.5
chickpea,ISR,-2.7227243185043335
chickpea,ITA,0.07698672264814377
chickpea,JAM,-7.5
chickpea,JOR,-1.1010633707046509
chickpea,JPN,0.6191431283950806
chickpea,KAZ,-0.3322855830192566
chickpea,KEN,0.24814580380916595
chickpea,KGZ,0.29010531306266785
chickpea,KHM,-0.3642992824316025
chickpea,KOR,0.2589937299489975
chickpea,LAO,0.07108482904732227
chickpea,LBN,-0.2738274931907654
chickpea,LBR,-4.154155671596527
chickpea,LBY,7.5
chickpea,LKA,-0.45360197126865387
chickpea,LSO,-0.8371503353118896
chickpea,LTU,-0.0
chickpea,LUX,0.5116190016269684
chickpea,LVA,-0.0
chickpea,MAR,0.05850498145446181
chickpea,MDA,0.6079802140593529
chickpea,MDG,-0.26950400322675705
chickpea,MEX,-0.6907674670219421
chickpea,MKD,0.815693587064743
chickpea,MLI,-0.6266210675239563
chickpea,MMR,-0.5259549021720886
chickpea,MNE,1.1454066038131714
chickpea,MNG,0.0
chickpea,MOZ,-0.8375687599182129
chickpea,MRT,-1.1196767687797546
chickpea,MWI,3.5217777490615845
chickpea,MYS,3.749336086155381
chickpea,NAM,-0.22205625474452972
chickpea,NER,-7.5
chickpea,NGA,-0.5932419300079346
chickpea,NIC,3.4459328353405
chickpea,NLD,0.45581212267279625
chickpea,NOR,-0.17421671748161316
chickpea,NPL,0.21609314158558846
chickpea,NZL,-7.5
chickpea,OMN,-0.0
chickpea,PAK,-0.8489704728126526
chickpea,PAN,-1.0676034092903137
chickpea,PER,3.946354866027832
chickpea,PHL,-0.686396598815918
chickpea,PNG,-7.5
chickpea,POL,4.15951532125473
chickpea,PRI,7.5
chickpea,PRT,-0.37909167259931564
chickpea,PRY,-0.6062327027320862
chickpea,PSE,-1.7580406665802002
chickpea,ROU,0.513735294342041
chickpea,RUS,-0.025009913370013237
chickpea,RWA,-0.7512563467025757
chickpea,SAU,1.0890910029411316
chickpea,SDN,-0.6064454019069672
chickpea,SEN,-0.8483933210372925
chickpea,SLB,-0.2688346654176712
chickpea,SLE,-0.8403773307800293
chickpea,SLV,3.6046163141727448
chickpea,SOM,-1.0555683970451355
chickpea,SRB,0.7035959661006927
chickpea,SSD,-0.4926130324602127
chickpea,SUR,0.0
chickpea,SVK,1.1274800598621368
chickpea,SVN,4.3630393743515015
chickpea,SWE,-7.5
chickpea,SWZ,-0.777256965637207
chickpea,SYR,0.09880504012107849
chickpea,TCD,-0.8800315260887146
chickpea,TGO,-0.8278498649597168
chickpea,THA,-0.4942129850387573
chickpea,TJK,0.03174493834376335
chickpea,TKM,-0.3286518454551697
chickpea,TLS,3.71512995287776
chickpea,TTO,-3.52810201048851
chickpea,TUN,0.06649177521467209
chickpea,TUR,0.5590296983718872
chickpea,TWN,0.25157663226127625
chickpea,TZA,-0.29669031500816345
chickpea,UGA,-0.6341643631458282
chickpea,UKR,0.6105837523937225
chickpea,URY,0.2327994704246521
chickpea,USA,0.7436425089836121
chickpea,UZB,-0.2670413553714752
chickpea,VEN,-7.5
chickpea,VNM,3.567805916070938
chickpea,YEM,-1.122497409582138
chickpea,ZAF,-0.8770202398300171
chickpea,ZMB,-0.7852945327758789
chickpea,ZWE,-1.0331883430480957
citrus,AFG,-2.178968071937561
citrus,AGO,-2.7227981090545654
citrus,ALB,-0.5606780629605055
citrus,ARG,2.495741128921509
citrus,AUS,-5.043182134628296
citrus,AZE,-1.4407609701156616
citrus,BDI,-0.0
citrus,BEN,-3.369483709335327
citrus,BFA,1.616169810295105
citrus,BGD,5.527747631072998
citrus,BGR,-0.0
citrus,BHS,2.111612915992737
citrus,BIH,-6.800734996795654
citrus,BLZ,2.042192816734314
citrus,BOL,-4.111902713775635
citrus,BRA,2.0156986713409424
citrus,BTN,0.5065940767526627
citrus,BWA,-0.6231242977082729
citrus,CAF,-5.015147686004639
citrus,CHL,-5.704423189163208
citrus,CHN,-7.5
citrus,CIV,-0.6990315914154053
citrus,CMR,-4.619676113128662
citrus,COD,-1.0098663568496704
citrus,COG,-4.916575193405151
citrus,COL,0.9798120856285095
citrus,COM,-0.0
citrus,CPV,-0.0
citrus,CRI,7.5
citrus,CUB,-2.5368871688842773
citrus,CYP,-1.1260484457015991
citrus,DOM,7.5
citrus,DZA,-7.403381586074829
citrus,ECU,2.1343547701835632
citrus,EGY,-0.0
citrus,ERI,-0.0
citrus,ESP,-1.5414900183677673
citrus,ETH,1.1133671402931213
citrus,FJI,-7.5
citrus,FRA,-0.6947020590305328
citrus,GAB,-6.096924543380737
citrus,GEO,-1.1136439144611359
citrus,GHA,-1.690492868423462
citrus,GIN,1.2948395609855652
citrus,GRC,4.3091630935668945
citrus,GTM,-0.27191025018692017
citrus,GUY,-7.5
citrus,HND,7.5
citrus,HRV,-4.9848997592926025
citrus,HTI,-2.283531904220581
citrus,IDN,-7.5
citrus,IND,-0.8428760766983032
citrus,IRN,-5.105066537857056
citrus,IRQ,-0.0
citrus,ISR,-7.5
citrus,ITA,-3.4349728375673294
citrus,JAM,-7.5
citrus,JOR,-0.5974099636077881
citrus,JPN,-7.5
citrus,KEN,5.640035152435303
citrus,KHM,-2.937056541442871
citrus,KOR,1.6982207000255585
citrus,LAO,-2.438051462173462
citrus,LBN,-7.5
citrus,LBR,-4.375595688819885
citrus,LBY,0.7973034381866455
citrus,LKA,3.635963559150696
citrus,LSO,-0.0
citrus,MAR,1.2535122632980347
citrus,MDG,-4.982327461242676
citrus,MEX,2.9531776905059814
citrus,MKD,-0.0
citrus,MLI,2.1791536808013916
citrus,MLT,-7.5
citrus,MMR,-0.0
citrus,MNE,1.0202890634536743
citrus,MOZ,-3.0071699619293213
citrus,MRT,-0.0
citrus,MUS,-2.924850344657898
citrus,MWI,-0.04575151205062866
citrus,MYS,0.6273860335350037
citrus,NAM,-2.424891948699951
citrus,NER,-0.0
citrus,NGA,-4.436213254928589
citrus,NIC,3.565375432372093
citrus,NPL,1.25429467856884
citrus,NZL,3.240681290626526
citrus,OMN,7.5
citrus,PAK,-0.6828719899058342
citrus,PAN,4.259383201599121
citrus,PER,6.283696174621582
citrus,PHL,3.4516422748565674
citrus,PNG,-0.0
citrus,PRI,-7.19201922416687
citrus,PRT,-7.1773974895477295
citrus,PRY,-3.112849712371826
citrus,PSE,-3.327514886856079
citrus,RUS,-2.272864282131195
citrus,RWA,0.300917892716825
citrus,SAU,-1.8330891132354736
citrus,SDN,0.6721886396408081
citrus,SEN,0.36528991162776947
citrus,SLE,-1.8745002150535583
citrus,SLV,3.4375663697719574
citrus,SOM,-2.819664239883423
citrus,SSD,-4.639884948730469
citrus,SUR,-7.5
citrus,SVN,-0.0
citrus,SWZ,-4.70198392868042
citrus,SYR,0.5590498745441437
citrus,TGO,1.9021804928779602
citrus,THA,-7.282884836196899
citrus,TJK,-7.5
citrus,TKM,-0.0
citrus,TLS,0.6549955377122387
citrus,TTO,-4.28690505027771
citrus,TUN,-0.3339721839874983
citrus,TUR,1.9372615814208984
citrus,TWN,-0.0
citrus,TZA,-5.11951208114624
citrus,UGA,-0.0
citrus,URY,-1.708142340183258
citrus,USA,-1.7638187408447266
citrus,UZB,-6.856789588928223
citrus,VEN,-0.47123342752456665
citrus,VNM,-5.318417072296143
citrus,VUT,-0.0
citrus,YEM,-4.647449493408203
citrus,ZAF,-3.5522665977478027
citrus,ZMB,-2.590416669845581
citrus,ZWE,-0.7490525245666504
cocoa,AGO,-0.7186420559883118
cocoa,BDI,0.17092011123895645
cocoa,BEN,0.03707966208457947
cocoa,BLZ,0.7389209270477295
cocoa,BOL,0.15873511880636215
cocoa,BRA,-0.13828761875629425
cocoa,BRN,3.4387579262256622
cocoa,CAF,-0.8235343098640442
cocoa,CIV,-0.09374546259641647
cocoa,CMR,-0.06243612617254257
cocoa,COD,0.18140756338834763
cocoa,COG,-0.38097698986530304
cocoa,COL,0.11375031620264053
cocoa,COM,-7.5
cocoa,CRI,-0.6181105971336365
cocoa,CUB,-0.3916383385658264
cocoa,DOM,-0.6965262293815613
cocoa,ECU,-0.05475593917071819
cocoa,FJI,0.5728858560323715
cocoa,GAB,-0.8064033687114716
cocoa,GHA,-0.07474450767040253
cocoa,GIN,0.6389002501964569
cocoa,GNQ,-0.7571614682674408
cocoa,GRD,-0.01948007568717003
cocoa,GTM,4.467069387435913
cocoa,GUF,-0.0
cocoa,GUY,-0.02507608849555254
cocoa,HND,-0.5473648756742477
cocoa,HTI,-0.3025696203112602
cocoa,IDN,0.24130182713270187
cocoa,IND,-0.18498730659484863
cocoa,JAM,0.357521116733551
cocoa,KEN,0.6352471709251404
cocoa,KHM,-0.2666178345680237
cocoa,LAO,-0.0
cocoa,LBR,-0.6117293834686279
cocoa,LKA,1.4770294427871704
cocoa,MDG,0.4413721263408661
cocoa,MEX,-0.040098097175359726
cocoa,MWI,1.8081773519515991
cocoa,MYS,0.06002945080399513
cocoa,NGA,-0.49385377764701843
cocoa,NIC,0.5765094757080078
cocoa,PAN,-0.6694892048835754
cocoa,PER,-0.45842844247817993
cocoa,PHL,-0.006441449630074203
cocoa,PNG,-0.09799185022711754
cocoa,PRY,-0.0
cocoa,RWA,0.4719235897064209
cocoa,SLB,-0.23429382592439651
cocoa,SLE,-0.4169292151927948
cocoa,SLV,-0.13897289335727692
cocoa,SSD,-0.17789345607161522
cocoa,STP,-0.0
cocoa,SUR,-0.8365963697433472
cocoa,TGO,-0.08740594610571861
cocoa,THA,7.5
cocoa,TLS,0.09764359146356583
cocoa,TTO,-0.6299357712268829
cocoa,TZA,-0.0
cocoa,UGA,-0.09800025075674057
cocoa,VEN,-0.12239008396863937
cocoa,VNM,0.08234326168894768
cocoa,VUT,0.4530647546052933
coconut,AGO,-1.5783940553665161
coconut,BDI,-2.199753761291504
coconut,BEN,-1.4506812691688538
coconut,BGD,-2.830963134765625
coconut,BHS,-7.5
coconut,BLZ,-1.6405155062675476
coconut,BOL,-2.5779664516448975
coconut,BRA,-3.217677354812622
coconut,BRB,-7.5
coconut,BRN,-1.522233247756958
coconut,CAF,7.5
coconut,CHN,-7.5
coconut,CIV,-1.5441800355911255
coconut,CMR,-1.5808170437812805
coconut,COD,-1.5329362154006958
coconut,COG,-1.5736029744148254
coconut,COL,-6.128021478652954
coconut,COM,-1.560677170753479
coconut,CPV,-1.7150810956954956
coconut,CRI,-2.4872835874557495
coconut,CUB,-1.7790489792823792
coconut,DOM,-4.37563681602478
coconut,ECU,-2.008396863937378
coconut,FJI,-4.4000163078308105
coconut,GAB,-1.5814270973205566
coconut,GHA,-1.7279033660888672
coconut,GIN,-1.589298665523529
coconut,GNB,-1.6071395874023438
coconut,GNQ,-1.5303460359573364
coconut,GRD,-7.5
coconut,GTM,-1.7254225015640259
coconut,GUF,2.422058343887329
coconut,GUY,-1.1921936869621277
coconut,HND,-1.9830588698387146
coconut,HTI,-1.6080706715583801
coconut,IDN,-1.4934587478637695
coconut,IND,-1.8668404817581177
coconut,JAM,-1.905731737613678
coconut,KEN,-0.6798382103443146
coconut,KHM,-1.8853646516799927
coconut,LAO,-2.0544952154159546
coconut,LBR,-1.5949644446372986
coconut,LKA,-1.7397496700286865
coconut,MDG,-1.4884226322174072
coconut,MEX,-1.6645939350128174
coconut,MMR,-2.155534267425537
coconut,MOZ,-1.2188047170639038
coconut,MUS,-1.3876540660858154
coconut,MWI,-2.3638278245925903
coconut,MYS,-2.287657380104065
coconut,NGA,-1.8401905298233032
coconut,NIC,-1.6652851104736328
coconut,OMN,-7.5
coconut,PAK,-1.9731605052947998
coconut,PAN,-1.4490604996681213
coconut,PER,-2.866175413131714
coconut,PHL,-0.9059582650661469
coconut,PNG,-1.8964866995811462
coconut,PRI,-3.4823319911956787
coconut,PRY,-2.4287383556365967
coconut,SEN,-1.561457633972168
coconut,SLB,-1.7282443642616272
coconut,SLE,-0.6111947894096375
coconut,SLV,-3.216750979423523
coconut,SOM,-1.677034616470337
coconut,STP,-1.7161573767662048
coconut,SUR,-7.5
coconut,TGO,-1.549814522266388
coconut,THA,-2.118385970592499
coconut,TLS,-1.957261323928833
coconut,TTO,-1.9570561647415161
coconut,TWN,-2.188586950302124
coconut,TZA,-1.6825653314590454
coconut,VEN,-2.3748817443847656
coconut,VNM,-4.497603416442871
coconut,VUT,-1.828326404094696
coconut,ZAF,-7.5
coffee,AGO,-0.9506014585494995
coffee,ARG,7.5
coffee,BDI,0.4341273456811905
coffee,BEN,-0.9852059483528137
coffee,BGD,-0.0
coffee,BLZ,-0.3832239657640457
coffee,BOL,0.41871178150177
coffee,BRA,0.8091004192829132
coffee,BRN,-0.0
coffee,BTN,-0.0
coffee,CAF,-0.748501718044281
coffee,CHN,2.9732112884521484
coffee,CIV,-0.04216654709307477
coffee,CMR,-0.4025406390428543
coffee,COD,-0.7227544188499451
coffee,COG,-0.8230364620685577
coffee,COL,-1.6792138814926147
coffee,COM,-0.9103385806083679
coffee,CPV,-0.8592715263366699
coffee,CRI,-1.556145429611206
coffee,CUB,-0.8027857542037964
coffee,DOM,-0.7394409775733948
coffee,ECU,0.09154342114925385
coffee,ERI,-0.0
coffee,ETH,-0.310863733291626
coffee,FJI,-0.19525223597884178
coffee,GAB,-0.7845479249954224
coffee,GHA,-0.2710554897785187
coffee,GIN,0.384910449385643
coffee,GNQ,-0.7694944441318512
coffee,GTM,-0.3019874840974808
coffee,GUF,-0.0
coffee,GUY,0.14235851168632507
coffee,HND,-0.7566825225949287
coffee,HTI,-0.4930472820997238
coffee,IDN,-0.02843944914638996
coffee,IND,0.0667387992143631
coffee,JAM,1.0861213207244873
coffee,KEN,-1.0165563821792603
coffee,KHM,-0.4493902549147606
coffee,LAO,1.1737581491470337
coffee,LBR,-1.028562307357788
coffee,LKA,-0.5995996287092566
coffee,MDG,-0.6495911478996277
coffee,MEX,0.28065070509910583
coffee,MMR,-0.25023171305656433
coffee,MOZ,1.276774287223816
coffee,MWI,0.6201237887144089
coffee,MYS,2.2992974519729614
coffee,NAM,-7.5
coffee,NGA,-0.021662278100848198
coffee,NIC,-0.005282234400510788
coffee,NPL,-0.08693523705005646
coffee,OMN,-7.5
coffee,PAN,-0.8895375728607178
coffee,PER,-0.61656853556633
coffee,PHL,-0.16436035186052322
coffee,PNG,0.4150860458612442
coffee,PRI,-1.3750629425048828
coffee,PRY,0.3725593686103821
coffee,RWA,0.6026889681816101
coffee,SAU,-7.5
coffee,SDN,-7.5
coffee,SLE,-0.09393800050020218
coffee,SLV,0.026994645595550537
coffee,SSD,-0.6390317678451538
coffee,STP,7.5
coffee,SUR,-1.1543826460838318
coffee,TGO,0.24870377779006958
coffee,THA,-0.07038337737321854
coffee,TLS,-0.07177948951721191
coffee,TTO,-0.870389997959137
coffee,TWN,0.1767781302332878
coffee,TZA,-0.8592462539672852
coffee,UGA,-0.4595620781183243
coffee,USA,-2.3416415452957153
coffee,VEN,-0.5810476839542389
coffee,VNM,0.7182274162769318
coffee,VUT,-0.1436947991605848
coffee,YEM,-1.4218811988830566
coffee,ZAF,-0.0
coffee,ZMB,-0.6201182007789612
coffee,ZWE,-0.12965911999344826
cotton,AFG,-1.266438364982605
cotton,AGO,7.5
cotton,ALB,-1.2817163467407227
cotton,ARG,-1.2191131711006165
cotton,ARM,-1.1879957914352417
cotton,ATG,-7.5
cotton,AUS,-5.794042348861694
cotton,AZE,-0.6761363744735718
cotton,BDI,-0.27611780166625977
cotton,BEN,-1.3130319118499756
cotton,BFA,-1.272163212299347
cotton,BGD,-1.2493109107017517
cotton,BGR,-1.379250705242157
cotton,BLZ,-0.0
cotton,BOL,-1.1185575723648071
cotton,BRA,-2.6187245845794678
cotton,BTN,-7.5
cotton,BWA,-1.1849296689033508
cotton,CAF,-1.2856630682945251
cotton,CHN,-5.325240612030029
cotton,CIV,-0.40959106385707855
cotton,CMR,-1.2660629749298096
cotton,COD,-1.285003900527954
cotton,COG,-7.5
cotton,COL,-2.7439829111099243
cotton,CRI,-1.2035547494888306
cotton,DJI,-1.2152539491653442
cotton,DOM,7.5
cotton,DZA,7.5
cotton,ECU,-0.8883878588676453
cotton,EGY,-1.53323495388031
cotton,ERI,-1.2634596228599548
cotton,ESP,-1.5981845259666443
cotton,ETH,-1.3349072933197021
cotton,GAB,-0.0
cotton,GEO,-1.2679328322410583
cotton,GHA,-1.256274163722992
cotton,GIN,-0.10699015110731125
cotton,GMB,-1.2817448377609253
cotton,GNB,-1.2642412781715393
cotton,GRC,-1.578932762145996
cotton,GRD,-7.5
cotton,GTM,-1.8984832763671875
cotton,HND,3.136984169483185
cotton,HTI,-1.2772241234779358
cotton,IND,-1.2845081686973572
cotton,IRN,-2.660555601119995
cotton,IRQ,7.5
cotton,ISR,-1.1745733618736267
cotton,JOR,2.846762239933014
cotton,KAZ,-1.0391653776168823
cotton,KEN,7.5
cotton,KGZ,-1.2366780042648315
cotton,KHM,-1.2667729258537292
cotton,KOR,-1.2287298440933228
cotton,LAO,-1.2793524265289307
cotton,LBN,3.157701253890991
cotton,LBR,-4.390970706939697
cotton,LSO,7.5
cotton,MAR,-2.161128520965576
cotton,MDG,-1.2543565034866333
cotton,MEX,-2.92842435836792
cotton,MKD,3.0486526489257812
cotton,MLI,-0.3886738270521164
cotton,MMR,-1.2878237962722778
cotton,MNE,-0.0
cotton,MOZ,-1.2794395685195923
cotton,MRT,-7.5
cotton,MWI,-1.2787657380104065
cotton,MYS,-0.0
cotton,NAM,7.5
cotton,NER,-0.6609823107719421
cotton,NGA,-1.2842311263084412
cotton,NIC,3.171981394290924
cotton,NPL,-1.2942566871643066
cotton,OMN,-0.0
cotton,PAK,-1.093341886997223
cotton,PER,-2.428823232650757
cotton,PRT,-1.225501537322998
cotton,PRY,-0.595515638589859
cotton,PSE,-1.7766882181167603
cotton,ROU,-0.0
cotton,RUS,7.5
cotton,RWA,-1.2797179818153381
cotton,SAU,2.9358189702033997
cotton,SDN,-1.2605310678482056
cotton,SEN,-1.2683467268943787
cotton,SLE,-1.2783806920051575
cotton,SLV,3.034158229827881
cotton,SOM,-1.3387112617492676
cotton,SSD,-1.2011847496032715
cotton,SWZ,-1.2776371836662292
cotton,SYR,-2.0975446701049805
cotton,TCD,-1.2225002646446228
cotton,TGO,-1.274692952632904
cotton,THA,-1.2775529623031616
cotton,TJK,-3.684838056564331
cotton,TKM,-1.2074086666107178
cotton,TUN,-1.7580979466438293
cotton,TUR,-1.3787307739257812
cotton,TWN,-7.5
cotton,TZA,-1.2777115106582642
cotton,UGA,-1.2622658610343933
cotton,URY,-1.188675880432129
cotton,USA,-1.2772517204284668
cotton,UZB,-1.9368369579315186
cotton,VEN,-1.2403104305267334
cotton,VNM,-1.2863258123397827
cotton,YEM,-1.5995438694953918
cotton,ZAF,7.5
cotton,ZMB,-1.2799776792526245
cotton,ZWE,-0.5043754875659943
cowpea,AFG,-0.7222325503826141
cowpea,AGO,-0.7761321067810059
cowpea,ALB,-0.7198095321655273
cowpea,ARE,-0.0
cowpea,ARG,-0.7036706805229187
cowpea,ARM,-7.5
cowpea,AUS,-0.6280384063720703
cowpea,AUT,-0.7460844814777374
cowpea,AZE,-0.5066823959350586
cowpea,BDI,-0.7907886803150177
cowpea,BEL,3.6943480372428894
cowpea,BEN,-0.7296827137470245
cowpea,BFA,-0.7754761874675751
cowpea,BGD,-0.687211662530899
cowpea,BGR,-0.6133016347885132
cowpea,BHS,-0.6914227604866028
cowpea,BIH,0.0
cowpea,BLR,3.57282093167305
cowpea,BLZ,-0.7245605289936066
cowpea,BOL,-0.6921577453613281
cowpea,BRA,-0.7303193211555481
cowpea,BRB,-0.5588736832141876
cowpea,BRN,0.0
cowpea,BTN,-0.6873262226581573
cowpea,BWA,-0.7760134935379028
cowpea,CAF,-0.7172659933567047
cowpea,CAN,-7.5
cowpea,CHE,-3.9537246078252792
cowpea,CHL,-0.7122704088687897
cowpea,CHN,-0.4532642215490341
cowpea,CIV,-0.7296455502510071
cowpea,CMR,-0.7479206919670105
cowpea,COD,-0.7944669425487518
cowpea,COG,-0.7843787670135498
cowpea,COL,-0.6884553730487823
cowpea,COM,-0.7141440808773041
cowpea,CPV,-0.8048521280288696
cowpea,CRI,-0.7730718851089478
cowpea,CUB,-0.7005704045295715
cowpea,CYP,-2.383043646812439
cowpea,CZE,-0.5972703099250793
cowpea,DEU,-0.2669389620423317
cowpea,DJI,-0.6618905663490295
cowpea,DNK,-0.3157530725002289
cowpea,DOM,-1.5761862993240356
cowpea,DZA,-0.6122723817825317
cowpea,ECU,-0.7183620929718018
cowpea,EGY,-1.39998859167099
cowpea,ERI,-0.7493636608123779
cowpea,ESP,-0.6404647529125214
cowpea,EST,-0.5606059730052948
cowpea,ETH,-0.7369884550571442
cowpea,FIN,3.52916944026947
cowpea,FJI,-0.46985994279384613
cowpea,FRA,-0.3858482241630554
cowpea,GAB,-0.6990946531295776
cowpea,GBR,-0.48186957836151123
cowpea,GEO,-0.6631256341934204
cowpea,GHA,-0.7540659308433533
cowpea,GIN,-0.7088155448436737
cowpea,GMB,-0.7501715123653412
cowpea,GNB,-0.7777683734893799
cowpea,GNQ,7.5
cowpea,GRC,-0.6855347156524658
cowpea,GRD,-0.5835431814193726
cowpea,GTM,-0.7138214111328125
cowpea,GUF,-0.7064963281154633
cowpea,GUY,-4.272764205932617
cowpea,HND,-0.7920480668544769
cowpea,HRV,3.4734327495098114
cowpea,HTI,-0.7791548073291779
cowpea,HUN,-0.49875296652317047
cowpea,IDN,-0.6868568062782288
cowpea,IND,-0.7800282537937164
cowpea,IRL,-0.17142198234796524
cowpea,IRN,-0.7505945265293121
cowpea,IRQ,0.783811628818512
cowpea,ISR,-0.6423477530479431
cowpea,ITA,-0.5990620851516724
cowpea,JAM,-2.491708755493164
cowpea,JOR,-1.408377766609192
cowpea,JPN,-0.2787296026945114
cowpea,KAZ,-0.777746319770813
cowpea,KEN,-0.21796539425849915
cowpea,KGZ,-0.577924907207489
cowpea,KHM,-0.6366963088512421
cowpea,KOR,-0.4554949849843979
cowpea,LAO,-0.5381192564964294
cowpea,LBN,-0.5043561160564423
cowpea,LBR,-0.7604785859584808
cowpea,LBY,-0.8858796060085297
cowpea,LKA,-1.2112879753112793
cowpea,LSO,-0.7459454834461212
cowpea,LTU,-0.49251727759838104
cowpea,LUX,-7.5
cowpea,LVA,-0.380747526884079
cowpea,MAR,-1.2017585039138794
cowpea,MDA,-0.7062484920024872
cowpea,MDG,-0.6372465789318085
cowpea,MEX,-0.7679524123668671
cowpea,MKD,-0.4947390854358673
cowpea,MLI,-0.13956084847450256
cowpea,MMR,-0.670863151550293
cowpea,MNE,-3.954490050673485
cowpea,MNG,0.0
cowpea,MOZ,-0.7476767301559448
cowpea,MRT,-0.7477189600467682
cowpea,MWI,3.7079166881740093
cowpea,MYS,3.4854085743427277
cowpea,NAM,-0.6187760829925537
cowpea,NER,-0.8073380291461945
cowpea,NGA,-0.7496193945407867
cowpea,NIC,3.3866041898727417
cowpea,NLD,-4.020468980073929
cowpea,NOR,-0.6160274744033813
cowpea,NPL,-0.6467015147209167
cowpea,NZL,-3.9657277315855026
cowpea,OMN,-0.0
cowpea,PAK,-0.7683221697807312
cowpea,PAN,-0.7930266261100769
cowpea,PER,-0.5514059662818909
cowpea,PHL,-0.6738699674606323
cowpea,PNG,-0.782528430223465
cowpea,POL,3.5154164880514145
cowpea,PRI,3.5156120508909225
cowpea,PRT,-0.6768963038921356
cowpea,PRY,-0.7596688568592072
cowpea,PSE,-4.247691124677658
cowpea,ROU,-4.093199789524078
cowpea,RUS,-0.7401562035083771
cowpea,RWA,-0.7759105861186981
cowpea,SAU,-0.7428586781024933
cowpea,SDN,-0.7214550375938416
cowpea,SEN,-0.7015336155891418
cowpea,SLB,-0.6452441513538361
cowpea,SLE,-0.7540819048881531
cowpea,SLV,3.3998068273067474
cowpea,SOM,-0.7980003356933594
cowpea,SRB,-4.050498157739639
cowpea,SSD,-0.7124814093112946
cowpea,SUR,3.3835150003433228
cowpea,SVK,-0.5719682276248932
cowpea,SVN,3.55056931078434
cowpea,SWE,-7.5
cowpea,SWZ,-0.7232273817062378
cowpea,SYR,-0.7727274298667908
cowpea,TCD,-0.7786136567592621
cowpea,TGO,-0.7763469517230988
cowpea,THA,-0.6811809539794922
cowpea,TJK,-1.4923286736011505
cowpea,TKM,-0.6295175552368164
cowpea,TLS,3.4464928805828094
cowpea,TTO,-0.5857326686382294
cowpea,TUN,-0.8328838050365448
cowpea,TUR,-0.6452314853668213
cowpea,TWN,-0.44759683310985565
cowpea,TZA,-0.22585493326187134
cowpea,UGA,-0.7386779487133026
cowpea,UKR,-0.7116662263870239
cowpea,URY,-0.6261972188949585
cowpea,USA,-0.7143069505691528
cowpea,UZB,-0.7168575525283813
cowpea,VEN,-0.707596629858017
cowpea,VNM,3.4371292889118195
cowpea,YEM,-0.6446608006954193
cowpea,ZAF,-1.2486603260040283
cowpea,ZMB,-0.730728030204773
cowpea,ZWE,-0.8735994696617126
dry-pea,AFG,-0.5540627539157867
dry-pea,AGO,-0.612304151058197
dry-pea,ALB,-0.5539470314979553
dry-pea,ARE,-0.0
dry-pea,ARG,-0.5429785549640656
dry-pea,ARM,-0.3345439285039902
dry-pea,AUS,-0.4644179344177246
dry-pea,AUT,-0.14515987411141396
dry-pea,AZE,-1.7867381572723389
dry-pea,BDI,-0.6155320703983307
dry-pea,BEL,-0.00870907527860254
dry-pea,BEN,-0.5591942071914673
dry-pea,BFA,-0.6063521802425385
dry-pea,BGD,-0.503976434469223
dry-pea,BGR,-0.2995627373456955
dry-pea,BHS,-7.5
dry-pea,BIH,3.5653722882270813
dry-pea,BLR,3.4952856600284576
dry-pea,BLZ,-0.6303189694881439
dry-pea,BOL,-0.4910105913877487
dry-pea,BRA,7.5
dry-pea,BRB,-7.5
dry-pea,BRN,-7.5
dry-pea,BTN,-0.514857828617096
dry-pea,BWA,-0.6178085803985596
dry-pea,CAF,-0.5544529259204865
dry-pea,CAN,-0.43419408798217773
dry-pea,CHE,-0.5670808553695679
dry-pea,CHL,-0.9681069552898407
dry-pea,CHN,-0.2665282040834427
dry-pea,CIV,-0.5598853826522827
dry-pea,CMR,-0.5815232396125793
dry-pea,COD,-7.5
dry-pea,COG,-0.6138882637023926
dry-pea,COL,-0.8873157203197479
dry-pea,COM,-0.5733024775981903
dry-pea,CPV,-0.6252569556236267
dry-pea,CRI,-0.6026854813098907
dry-pea,CUB,-0.5343006253242493
dry-pea,CYP,-0.28391213715076447
dry-pea,CZE,-0.14146572351455688
dry-pea,DEU,-0.10082073509693146
dry-pea,DJI,-7.5
dry-pea,DNK,-0.2784958481788635
dry-pea,DOM,-0.5579332709312439
dry-pea,DZA,-0.47066643834114075
dry-pea,ECU,-0.3817998170852661
dry-pea,EGY,7.5
dry-pea,ERI,-0.5783190131187439
dry-pea,ESP,-0.18709434568881989
dry-pea,EST,-0.38093477487564087
dry-pea,ETH,-0.7396066784858704
dry-pea,FIN,3.6120713651180267
dry-pea,FJI,-7.5
dry-pea,FRA,-0.22046183049678802
dry-pea,GAB,-7.5
dry-pea,GBR,-0.37930020689964294
dry-pea,GEO,-0.41522544622421265
dry-pea,GHA,-0.5836206674575806
dry-pea,GIN,-0.5412963032722473
dry-pea,GMB,-0.5807642638683319
dry-pea,GNB,-0.6082728505134583
dry-pea,GNQ,7.5
dry-pea,GRC,-0.517694741487503
dry-pea,GRD,-7.5
dry-pea,GTM,-0.5439135432243347
dry-pea,GUF,-7.5
dry-pea,GUY,-0.48975422978401184
dry-pea,HND,-0.7801789045333862
dry-pea,HRV,3.520639553666115
dry-pea,HTI,-0.6099904179573059
dry-pea,HUN,-0.6305565237998962
dry-pea,IDN,-0.5784235000610352
dry-pea,IND,-0.5776615142822266
dry-pea,IRL,-0.009435940533876419
dry-pea,IRN,-0.5806416273117065
dry-pea,IRQ,1.015314131975174
dry-pea,ISR,0.0302946288138628
dry-pea,ITA,-0.4097575545310974
dry-pea,JAM,-4.331490933895111
dry-pea,JOR,-0.709798276424408
dry-pea,JPN,-0.028429471887648106
dry-pea,KAZ,-0.09289779886603355
dry-pea,KEN,-0.6297520399093628
dry-pea,KGZ,-0.3455584645271301
dry-pea,KHM,-0.468271404504776
dry-pea,KOR,3.605567455291748
dry-pea,LAO,-0.3552350252866745
dry-pea,LBN,-0.3249344825744629
dry-pea,LBR,-0.5914000868797302
dry-pea,LBY,-0.7343617379665375
dry-pea,LKA,-0.480135440826416
dry-pea,LSO,3.770116161555052
dry-pea,LTU,-0.14869380742311478
dry-pea,LUX,-0.21598751470446587
dry-pea,LVA,-0.06594528257846832
dry-pea,MAR,-0.5481991171836853
dry-pea,MDA,-0.07489170154440217
dry-pea,MDG,-0.46978147327899933
dry-pea,MEX,-0.4303802251815796
dry-pea,MKD,-0.36355364322662354
dry-pea,MLI,-0.579335629940033
dry-pea,MMR,-0.5140929818153381
dry-pea,MNE,-0.2354738786816597
dry-pea,MNG,-0.19996389746665955
dry-pea,MOZ,-0.5926648378372192
dry-pea,MRT,-0.6169121861457825
dry-pea,MWI,3.4973524510860443
dry-pea,MYS,3.580597370862961
dry-pea,NAM,-0.4817165434360504
dry-pea,NER,-0.6286517679691315
dry-pea,NGA,-0.5787141025066376
dry-pea,NIC,3.4703076779842377
dry-pea,NLD,-1.5012067556381226
dry-pea,NOR,-0.34757599234580994
dry-pea,NPL,-0.46295541524887085
dry-pea,NZL,-0.2564593628048897
dry-pea,OMN,-0.0
dry-pea,PAK,-0.5972973108291626
dry-pea,PAN,-0.6177443563938141
dry-pea,PER,-0.7525192499160767
dry-pea,PHL,-0.510081484913826
dry-pea,PNG,-7.5
dry-pea,POL,-0.3004549741744995
dry-pea,PRI,-7.5
dry-pea,PRT,-0.5109197646379471
dry-pea,PRY,-0.582318514585495
dry-pea,PSE,-1.8287639617919922
dry-pea,ROU,-1.909882366657257
dry-pea,RUS,-0.20156045258045197
dry-pea,RWA,-0.7336167395114899
dry-pea,SAU,-0.3970138430595398
dry-pea,SDN,-0.5732234716415405
dry-pea,SEN,-0.5569961667060852
dry-pea,SLB,-0.5109200775623322
dry-pea,SLE,-0.5880454778671265
dry-pea,SLV,3.4848428070545197
dry-pea,SOM,-0.603676438331604
dry-pea,SRB,-0.332267165184021
dry-pea,SSD,-0.546635240316391
dry-pea,SUR,0.0
dry-pea,SVK,-0.2781725376844406
dry-pea,SVN,-0.282710537314415
dry-pea,SWE,-0.37309354543685913
dry-pea,SWZ,-0.5648300349712372
dry-pea,SYR,-0.5663904547691345
dry-pea,TCD,-0.6130446195602417
dry-pea,TGO,-0.6058608591556549
dry-pea,THA,-0.5387319922447205
dry-pea,TJK,-0.5790106058120728
dry-pea,TKM,-0.46809637546539307
dry-pea,TLS,3.529785990715027
dry-pea,TTO,-3.953287750482559
dry-pea,TUN,-0.5915791094303131
dry-pea,TUR,-1.12238347530365
dry-pea,TWN,-0.247643381357193
dry-pea,TZA,-0.48633497953414917
dry-pea,UGA,-0.567087322473526
dry-pea,UKR,-0.33423465490341187
dry-pea,URY,-0.4733234792947769
dry-pea,USA,-0.3161514401435852
dry-pea,UZB,-2.2843267917633057
dry-pea,VEN,3.520694985985756
dry-pea,VNM,-0.41919906437397003
dry-pea,YEM,-1.5713756084442139
dry-pea,ZAF,-0.5784857273101807
dry-pea,ZMB,-0.5727023482322693
dry-pea,ZWE,-0.7103389501571655
dryland-rice,AFG,-1.0860410928726196
dryland-rice,AGO,-1.5230071544647217
dryland-rice,ALB,-0.0
dryland-rice,ARG,-1.0037654042243958
dryland-rice,ARM,-0.0
dryland-rice,AUS,-1.56003999710083
dryland-rice,AZE,-2.691248297691345
dryland-rice,BDI,-0.4050811678171158
dryland-rice,BEN,-1.4960324168205261
dryland-rice,BFA,-1.399987280368805
dryland-rice,BGD,-0.38704247772693634
dryland-rice,BGR,-1.2987024784088135
dryland-rice,BLZ,-1.6304585337638855
dryland-rice,BOL,-0.5692117810249329
dryland-rice,BRA,-0.9533381164073944
dryland-rice,BRN,-1.4511957168579102
dryland-rice,BTN,-1.5472479462623596
dryland-rice,BWA,-0.0
dryland-rice,CAF,-1.510866641998291
dryland-rice,CAN,-0.0
dryland-rice,CHE,-0.0
dryland-rice,CHL,-4.194204956293106
dryland-rice,CHN,-1.8526485562324524
dryland-rice,CIV,-0.28750866651535034
dryland-rice,CMR,-1.431455373764038
dryland-rice,COD,-1.6191142797470093
dryland-rice,COG,-1.6088287234306335
dryland-rice,COL,-1.4110705256462097
dryland-rice,COM,-0.0
dryland-rice,CRI,-1.3374427556991577
dryland-rice,CUB,-1.2421439290046692
dryland-rice,DOM,-1.986408770084381
dryland-rice,DZA,7.5
dryland-rice,ECU,-0.6984084248542786
dryland-rice,EGY,-1.975818932056427
dryland-rice,ERI,-0.0
dryland-rice,ESP,-1.7207438945770264
dryland-rice,ETH,-0.7618565261363983
dryland-rice,FJI,-0.8087637424468994
dryland-rice,FRA,-1.0143264532089233
dryland-rice,GAB,7.5
dryland-rice,GEO,7.5
dryland-rice,GHA,-0.5233045518398285
dryland-rice,GIN,-0.6491895020008087
dryland-rice,GMB,-0.3904530704021454
dryland-rice,GNB,-1.4593681693077087
dryland-rice,GNQ,7.5
dryland-rice,GRC,-1.2271961867809296
dryland-rice,GTM,-1.556951880455017
dryland-rice,GUF,7.5
dryland-rice,GUY,-1.3172473311424255
dryland-rice,HND,-1.4329577684402466
dryland-rice,HRV,-0.0
dryland-rice,HTI,-1.444748342037201
dryland-rice,HUN,-3.9190744012594223
dryland-rice,IDN,-1.4702503085136414
dryland-rice,IND,-1.1076604723930359
dryland-rice,IRN,-3.3329111337661743
dryland-rice,IRQ,-1.591196596622467
dryland-rice,ISR,0.0
dryland-rice,ITA,-2.0039255023002625
dryland-rice,JPN,-3.6158775091171265
dryland-rice,KAZ,-0.2849026769399643
dryland-rice,KEN,-1.2153223156929016
dryland-rice,KGZ,-3.125279188156128
dryland-rice,KHM,-1.372724175453186
dryland-rice,KOR,-6.382339239120483
dryland-rice,LAO,-1.3194835186004639
dryland-rice,LBR,-1.5679981708526611
dryland-rice,LBY,-0.0
dryland-rice,LKA,-0.45845769345760345
dryland-rice,LSO,-0.0
dryland-rice,MAR,-0.7486304044723511
dryland-rice,MDA,-0.0
dryland-rice,MDG,-0.4364711195230484
dryland-rice,MEX,-0.6213438510894775
dryland-rice,MKD,-7.5
dryland-rice,MLI,-0.5387940406799316
dryland-rice,MMR,-1.417944610118866
dryland-rice,MOZ,-0.38679438829421997
dryland-rice,MRT,-1.1696844100952148
dryland-rice,MUS,-0.0
dryland-rice,MWI,-1.191969633102417
dryland-rice,MYS,-0.5244838297367096
dryland-rice,NAM,7.5
dryland-rice,NER,-1.3803337216377258
dryland-rice,NGA,-0.43479005992412567
dryland-rice,NIC,0.19000694155693054
dryland-rice,NPL,-0.39636915922164917
dryland-rice,PAK,-1.3109246492385864
dryland-rice,PAN,-1.1047260761260986
dryland-rice,PER,-0.41227737069129944
dryland-rice,PHL,-0.8586320877075195
dryland-rice,PNG,7.5
dryland-rice,PRI,-2.61838960647583
dryland-rice,PRT,-1.2758210897445679
dryland-rice,PRY,-0.9883935451507568
dryland-rice,PSE,-7.5
dryland-rice,ROU,-4.494353890419006
dryland-rice,RUS,-3.05655837059021
dryland-rice,RWA,-2.056155264377594
dryland-rice,SAU,7.5
dryland-rice,SDN,7.5
dryland-rice,SEN,-0.25543977320194244
dryland-rice,SLB,-1.495643436908722
dryland-rice,SLE,-0.39416083693504333
dryland-rice,SLV,2.9836552143096924
dryland-rice,SOM,-1.406947374343872
dryland-rice,SRB,-0.0
dryland-rice,SSD,-1.522653579711914
dryland-rice,SUR,-0.28942133486270905
dryland-rice,SVK,-0.0
dryland-rice,SVN,-0.0
dryland-rice,SWZ,7.5
dryland-rice,SYR,-7.5
dryland-rice,TCD,-0.8517529964447021
dryland-rice,TGO,-0.2815353572368622
dryland-rice,THA,-0.5308436304330826
dryland-rice,TJK,-3.6188762187957764
dryland-rice,TKM,-1.0752671957015991
dryland-rice,TLS,-1.9555611610412598
dryland-rice,TTO,-0.18833693116903305
dryland-rice,TUN,-0.0
dryland-rice,TUR,-2.5597819089889526
dryland-rice,TWN,-0.998031884431839
dryland-rice,TZA,-0.12022015079855919
dryland-rice,UGA,3.0055383443832397
dryland-rice,UKR,-1.8866965770721436
dryland-rice,URY,-0.7081832587718964
dryland-rice,USA,-1.3898755311965942
dryland-rice,UZB,-4.519080638885498
dryland-rice,VEN,-1.1211530566215515
dryland-rice,VNM,-1.0841984152793884
dryland-rice,YEM,-0.0
dryland-rice,ZAF,7.5
dryland-rice,ZMB,-1.1621359586715698
dryland-rice,ZWE,7.5
foxtail-millet,AFG,-0.5469042658805847
foxtail-millet,AGO,-0.40684472024440765
foxtail-millet,ARG,-0.4919593334197998
foxtail-millet,ARM,-0.0
foxtail-millet,AUS,7.5
foxtail-millet,AZE,-4.347458600997925
foxtail-millet,BDI,-0.48558299243450165
foxtail-millet,BEN,-0.5482176244258881
foxtail-millet,BFA,-0.3707796037197113
foxtail-millet,BGD,-0.4723270982503891
foxtail-millet,BGR,-0.0
foxtail-millet,BLR,-0.3229052722454071
foxtail-millet,BOL,-0.0
foxtail-millet,BRA,-0.0
foxtail-millet,BTN,-3.8287546560168266
foxtail-millet,BWA,-0.4347858130931854
foxtail-millet,CAF,-7.5
foxtail-millet,CAN,-0.0
foxtail-millet,CHE,-2.6688425540924072
foxtail-millet,CHN,-0.7170159220695496
foxtail-millet,CIV,-0.577817440032959
foxtail-millet,CMR,-0.4593006670475006
foxtail-millet,COD,-0.4489215761423111
foxtail-millet,COG,-0.4458978623151779
foxtail-millet,DEU,7.5
foxtail-millet,DZA,-0.0
foxtail-millet,ERI,-0.4153728485107422
foxtail-millet,ETH,-0.7273882031440735
foxtail-millet,FRA,3.2705741226673126
foxtail-millet,GAB,-0.0
foxtail-millet,GEO,-0.0
foxtail-millet,GHA,-0.6622898280620575
foxtail-millet,GIN,-0.22182247042655945
foxtail-millet,GMB,-0.46135395765304565
foxtail-millet,GNB,-0.4469609558582306
foxtail-millet,GRC,-0.0
foxtail-millet,HUN,7.5
foxtail-millet,IND,-0.4367288649082184
foxtail-millet,IRN,-1.2599350810050964
foxtail-millet,IRQ,-0.8340024352073669
foxtail-millet,KAZ,-0.2774594873189926
foxtail-millet,KEN,-0.49875615537166595
foxtail-millet,KGZ,-0.7159605026245117
foxtail-millet,KHM,-0.0
foxtail-millet,KOR,-0.40312229096889496
foxtail-millet,LAO,0.0
foxtail-millet,LBY,-0.8158671259880066
foxtail-millet,LKA,-1.034119188785553
foxtail-millet,LSO,7.5
foxtail-millet,MAR,-0.7630157768726349
foxtail-millet,MDA,3.4062991440296173
foxtail-millet,MLI,-0.3181726336479187
foxtail-millet,MMR,-0.46037325263023376
foxtail-millet,MNG,-0.0
foxtail-millet,MOZ,-0.44207559525966644
foxtail-millet,MRT,-0.36481301486492157
foxtail-millet,MWI,-0.4817148894071579
foxtail-millet,NAM,-0.07812097668647766
foxtail-millet,NER,-0.13796497881412506
foxtail-millet,NGA,-0.46686674654483795
foxtail-millet,NPL,-0.49501223862171173
foxtail-millet,OMN,-0.0
foxtail-millet,PAK,-0.3077806532382965
foxtail-millet,POL,7.5
foxtail-millet,PRY,-0.0
foxtail-millet,ROU,7.5
foxtail-millet,RUS,-0.2878616452217102
foxtail-millet,RWA,-0.4246528446674347
foxtail-millet,SAU,-7.5
foxtail-millet,SDN,-0.4389075040817261
foxtail-millet,SEN,-0.49853432178497314
foxtail-millet,SLE,-0.4648708999156952
foxtail-millet,SOM,7.5
foxtail-millet,SSD,-0.40603186190128326
foxtail-millet,SVK,7.5
foxtail-millet,SWZ,3.5366004556417465
foxtail-millet,SYR,7.5
foxtail-millet,TCD,-0.21842259913682938
foxtail-millet,TGO,-0.3329737037420273
foxtail-millet,THA,-0.7428369671106339
foxtail-millet,TJK,-0.4736505150794983
foxtail-millet,TKM,7.5
foxtail-millet,TUN,-0.0
foxtail-millet,TUR,-1.2957784533500671
foxtail-millet,TWN,-7.5
foxtail-millet,TZA,-0.5091361999511719
foxtail-millet,UGA,-0.4788183271884918
foxtail-millet,UKR,-0.5722740292549133
foxtail-millet,URY,-0.0
foxtail-millet,USA,-0.43647652864456177
foxtail-millet,UZB,-0.800752580165863
foxtail-millet,VNM,2.965010344982147
foxtail-millet,YEM,-0.48086604475975037
foxtail-millet,ZAF,-0.3926069587469101
foxtail-millet,ZMB,-0.40837621688842773
foxtail-millet,ZWE,0.03398766973987222
gram,AFG,-0.7224279344081879
gram,AGO,-0.899444043636322
gram,ALB,-0.1283540464937687
gram,ARE,-0.0
gram,ARG,-0.07491883262991905
gram,ARM,-7.5
gram,AUS,1.0703482627868652
gram,AUT,-0.2909654378890991
gram,AZE,0.6398890316486359
gram,BDI,-0.8072541356086731
gram,BEL,3.75
gram,BEN,-0.5050402134656906
gram,BFA,-0.8999973833560944
gram,BGD,0.30489660054445267
gram,BGR,0.04963036999106407
gram,BHS,-0.03945009596645832
gram,BIH,4.012606054544449
gram,BLR,3.75
gram,BLZ,-0.43359893560409546
gram,BOL,7.5
gram,BRA,-0.3412286341190338
gram,BRB,0.6225399971008301
gram,BRN,0.0
gram,BTN,-0.3150663673877716
gram,BWA,-0.9767758846282959
gram,CAF,-0.5218968391418457
gram,CAN,-7.5
gram,CHE,2.4137197136878967
gram,CHL,0.1703679859638214
gram,CHN,0.2811867594718933
gram,CIV,-0.6592907011508942
gram,CMR,-0.5745219588279724
gram,COD,-0.86709925532341
gram,COG,-0.8038790225982666
gram,COL,7.5
gram,COM,-0.5653558671474457
gram,CPV,-1.1266677975654602
gram,CRI,-0.9755737781524658
gram,CUB,-0.3729383274912834
gram,CYP,3.5520095378160477
gram,CZE,-0.0
gram,DEU,-0.0
gram,DJI,-0.3393569886684418
gram,DNK,-0.0
gram,DOM,-0.0
gram,DZA,-0.0
gram,ECU,-0.5351289659738541
gram,EGY,1.1193999648094177
gram,ERI,-0.8252326846122742
gram,ESP,0.6740077435970306
gram,EST,-0.0
gram,ETH,-0.27844157069921494
gram,FIN,3.75
gram,FJI,0.8620097935199738
gram,FRA,1.200761318206787
gram,GAB,-0.24465718120336533
gram,GBR,-0.0
gram,GEO,-0.3959186226129532
gram,GHA,-0.6754277944564819
gram,GIN,-0.5502663552761078
gram,GMB,-0.8087741434574127
gram,GNB,-0.971616119146347
gram,GNQ,7.5
gram,GRC,-2.2020117044448853
gram,GRD,0.2593216001987457
gram,GTM,-0.3575645089149475
gram,GUF,7.5
gram,GUY,-0.10621557384729385
gram,HND,-0.7105872631072998
gram,HRV,3.934391811490059
gram,HTI,-0.8259447813034058
gram,HUN,-0.0
gram,IDN,-0.5531434416770935
gram,IND,-0.6221430003643036
gram,IRL,-0.0
gram,IRN,-0.0
gram,IRQ,7.5
gram,ISR,-2.7023072242736816
gram,ITA,0.0949050560593605
gram,JAM,0.25505026429891586
gram,JOR,-1.0869088172912598
gram,JPN,0.5173669904470444
gram,KAZ,-7.5
gram,KEN,0.26021409034729004
gram,KGZ,0.33397797867655754
gram,KHM,-0.3422279804944992
gram,KOR,0.08004416525363922
gram,LAO,0.0918126767501235
gram,LBN,-0.23486953228712082
gram,LBR,-0.8688076734542847
gram,LBY,7.5
gram,LKA,-0.43406131863594055
gram,LSO,-0.8264794051647186
gram,LTU,-0.0
gram,LUX,-7.5
gram,LVA,-0.0
gram,MAR,-0.08030140213668346
gram,MDA,-3.9867861568927765
gram,MDG,-0.24424779415130615
gram,MEX,-0.6752154231071472
gram,MKD,0.9196514189243317
gram,MLI,-0.6104013919830322
gram,MMR,-0.44743940234184265
gram,MNE,1.206932783126831
gram,MNG,0.0
gram,MOZ,-0.8269363641738892
gram,MRT,-0.4549832195043564
gram,MWI,3.5318540036678314
gram,MYS,3.7643878301605582
gram,NAM,-0.19691665470600128
gram,NER,-1.1066038608551025
gram,NGA,-0.5752793848514557
gram,NIC,3.4538390934467316
gram,NLD,-3.75
gram,NOR,-0.14845485985279083
gram,NPL,0.24338651448488235
gram,NZL,-7.5
gram,OMN,-0.0
gram,PAK,-0.8545888066291809
gram,PAN,-1.0640122890472412
gram,PER,4.073210656642914
gram,PHL,-0.673001229763031
gram,PNG,-0.9406136572360992
gram,POL,3.75
gram,PRI,7.5
gram,PRT,-0.3568218797445297
gram,PRY,-0.5880894064903259
gram,PSE,-1.8850900530815125
gram,ROU,-3.9044624865055084
gram,RUS,-0.8063134551048279
gram,RWA,-0.737376481294632
gram,SAU,1.1136308908462524
gram,SDN,-0.5654671788215637
gram,SEN,-0.006521798670291901
gram,SLB,-0.24319685250520706
gram,SLE,-0.8298742473125458
gram,SLV,3.617624819278717
gram,SOM,-1.075678288936615
gram,SRB,-0.0
gram,SSD,-0.47389450669288635
gram,SUR,3.4570164382457733
gram,SVK,-0.0
gram,SVN,4.394844591617584
gram,SWE,-7.5
gram,SWZ,-0.7653747498989105
gram,SYR,-0.0
gram,TCD,-0.8710505664348602
gram,TGO,-0.816396176815033
gram,THA,-0.47539058327674866
gram,TJK,0.024036066606640816
gram,TKM,-0.3070851266384125
gram,TLS,3.7304899655282497
gram,TTO,0.4026298224925995
gram,TUN,-0.105301633477211
gram,TUR,0.35334504395723343
gram,TWN,0.40627992153167725
gram,TZA,-0.27206259965896606
gram,UGA,-0.6179071962833405
gram,UKR,-0.0
gram,URY,0.2623838782310486
gram,USA,0.09906517714262009
gram,UZB,-0.22769801318645477
gram,VEN,-0.4345783591270447
gram,VNM,3.5786690711975098
gram,YEM,-1.1357987523078918
gram,ZAF,-0.8973642587661743
gram,ZMB,-0.7733388543128967
gram,ZWE,-1.0259044170379639
groundnut,AFG,7.5
groundnut,AGO,-1.3208272457122803
groundnut,ARG,-1.0872088074684143
groundnut,ARM,3.405026614665985
groundnut,AUS,-1.6500450372695923
groundnut,AZE,-0.6803073883056641
groundnut,BDI,-1.3499863743782043
groundnut,BEN,-1.3086609840393066
groundnut,BFA,-1.2975723147392273
groundnut,BGD,-0.9845328629016876
groundnut,BGR,-0.0
groundnut,BLZ,-2.078643560409546
groundnut,BOL,-0.7794869542121887
groundnut,BRA,-1.3456087708473206
groundnut,BRB,-0.0
groundnut,BRN,-0.0
groundnut,BTN,0.13423245772719383
groundnut,BWA,-1.269090175628662
groundnut,CAF,-1.1718055605888367
groundnut,CAN,-0.0
groundnut,CHN,-3.5533971786499023
groundnut,CIV,-0.4599658250808716
groundnut,CMR,-1.2414164543151855
groundnut,COD,-1.3222259879112244
groundnut,COG,-1.3445029258728027
groundnut,COL,-1.117728352546692
groundnut,COM,-1.2938282489776611
groundnut,CRI,-1.2110245823860168
groundnut,CUB,-1.25300532579422
groundnut,DOM,-1.465698003768921
groundnut,DZA,-0.048376720398664474
groundnut,ECU,-2.2522852420806885
groundnut,EGY,-5.8210742473602295
groundnut,ERI,-1.322383165359497
groundnut,ETH,-1.1874126195907593
groundnut,FJI,-1.2823888063430786
groundnut,GAB,-1.298919141292572
groundnut,GEO,-1.177168607711792
groundnut,GHA,-1.0644314885139465
groundnut,GIN,-0.08626286685466766
groundnut,GMB,-0.5972692966461182
groundnut,GNB,-1.2573580741882324
groundnut,GNQ,0.0
groundnut,GRC,-2.897675395011902
groundnut,GTM,3.3650237321853638
groundnut,GUF,-0.0
groundnut,GUY,-1.2553489804267883
groundnut,HND,-1.3788273930549622
groundnut,HTI,-1.375563383102417
groundnut,IDN,-2.0007249116897583
groundnut,IND,-0.9855843186378479
groundnut,IRN,-1.4038468599319458
groundnut,IRQ,-0.8466922342777252
groundnut,ISR,-5.38525390625
groundnut,JAM,-2.530810832977295
groundnut,JOR,-1.0871769189834595
groundnut,JPN,-4.384505748748779
groundnut,KAZ,7.5
groundnut,KEN,-0.9613072872161865
groundnut,KGZ,-0.9495261013507843
groundnut,KHM,-1.2598735094070435
groundnut,KOR,-0.9151270389556885
groundnut,LAO,-1.0318819880485535
groundnut,LBN,-0.666491836309433
groundnut,LBR,-1.3542136549949646
groundnut,LBY,-1.7762131690979004
groundnut,LKA,-1.369163691997528
groundnut,LSO,7.5
groundnut,MAR,-2.7009165287017822
groundnut,MDG,-1.3228185176849365
groundnut,MEX,-0.8393023610115051
groundnut,MLI,-0.37804701924324036
groundnut,MMR,-1.2220275402069092
groundnut,MOZ,-0.28700190782546997
groundnut,MRT,-1.3313875198364258
groundnut,MUS,-4.121578931808472
groundnut,MWI,3.508123829960823
groundnut,MYS,-1.1637077331542969
groundnut,NAM,-1.333800196647644
groundnut,NER,-0.1500258818268776
groundnut,NGA,-1.2832357287406921
groundnut,NIC,-0.9556841850280762
groundnut,NPL,-0.8425608277320862
groundnut,OMN,-0.0
groundnut,PAK,-1.1767915487289429
groundnut,PAN,-0.0
groundnut,PER,-0.992246150970459
groundnut,PHL,-0.756073385477066
groundnut,PNG,-1.3053222298622131
groundnut,PRY,-0.47534433007240295
groundnut,PSE,-7.5
groundnut,RWA,-0.5218934416770935
groundnut,SAU,-0.9851703345775604
groundnut,SDN,-1.3508983254432678
groundnut,SEN,-0.3858571946620941
groundnut,SLE,-0.3774408549070358
groundnut,SLV,7.5
groundnut,SOM,-1.2712141871452332
groundnut,SSD,-1.2605972290039062
groundnut,SUR,-2.924680233001709
groundnut,SWZ,-1.3414077758789062
groundnut,SYR,3.2478742599487305
groundnut,TCD,-0.4975595027208328
groundnut,TGO,-0.3014187067747116
groundnut,THA,-2.0484273433685303
groundnut,TJK,-1.0054441690444946
groundnut,TKM,-0.7780851721763611
groundnut,TLS,3.7255183812230825
groundnut,TUN,-0.0
groundnut,TUR,-3.6984283924102783
groundnut,TWN,-1.004554808139801
groundnut,TZA,-0.22146698832511902
groundnut,UGA,-1.3480655550956726
groundnut,URY,-1.3283900618553162
groundnut,USA,-1.4774223566055298
groundnut,UZB,-7.5
groundnut,VEN,-0.8769166171550751
groundnut,VNM,-2.0820770263671875
groundnut,VUT,-1.219205915927887
groundnut,YEM,-1.2941794395446777
groundnut,ZAF,-0.4502963423728943
groundnut,ZMB,-0.5864359736442566
groundnut,ZWE,-0.46012911200523376
maize,AFG,3.4572551250457764
maize,AGO,-0.8878821134567261
maize,ALB,-1.365470051765442
maize,ARE,0.87457475066185
maize,ARG,-0.33359989523887634
maize,ARM,-0.43035198748111725
maize,ATG,-1.0980077981948853
maize,AUS,7.5
maize,AUT,-0.6659227311611176
maize,AZE,-0.44717393815517426
maize,BDI,-0.422823041677475
maize,BEL,-0.06987638212740421
maize,BEN,-0.2545655518770218
maize,BFA,-0.2857655882835388
maize,BGD,-0.07383942231535912
maize,BGR,-0.20258060842752457
maize,BHS,-0.060773395001888275
maize,BIH,-3.3517847061157227
maize,BLR,-0.7947996854782104
maize,BLZ,-1.096729338169098
maize,BOL,-0.34425000846385956
maize,BRA,-0.3897848576307297
maize,BRB,5.433790445327759
maize,BTN,0.20054616034030914
maize,BWA,-0.8972728252410889
maize,CAF,-0.9536155462265015
maize,CAN,-1.0350744128227234
maize,CHE,-1.733721911907196
maize,CHL,-1.5560131072998047
maize,CHN,-1.4924650192260742
maize,CIV,-0.663198709487915
maize,CMR,-0.8019908666610718
maize,COD,-0.9719100296497345
maize,COG,-0.8967293500900269
maize,COL,-0.8957509696483612
maize,COM,-0.7760477960109711
maize,CPV,-0.002983112121000886
maize,CRI,-0.4905859977006912
maize,CUB,-0.6778831779956818
maize,CZE,-0.2933426946401596
maize,DEU,-0.6259305477142334
maize,DJI,-0.0
maize,DNK,-0.33707380294799805
maize,DOM,3.505734294652939
maize,DZA,-0.282567098736763
maize,ECU,-0.8250366449356079
maize,EGY,-1.2235095500946045
maize,ERI,-0.8327888250350952
maize,ESP,-1.780222773551941
maize,EST,-0.495559960603714
maize,ETH,-0.0
maize,FIN,7.5
maize,FJI,-1.9329494833946228
maize,FRA,-0.5657656788825989
maize,GAB,-0.8658054172992706
maize,GEO,-0.2255759835243225
maize,GHA,-0.4678580015897751
maize,GIN,-0.2609805762767792
maize,GMB,-0.3001963198184967
maize,GNB,-0.9231915473937988
maize,GNQ,-0.9808827042579651
maize,GRC,-1.9506813883781433
maize,GRD,-0.5218422412872314
maize,GTM,-0.882541298866272
maize,GUF,-7.5
maize,GUY,-0.9249363541603088
maize,HND,-0.6102652847766876
maize,HRV,-4.10288342833519
maize,HTI,-0.9261622726917267
maize,HUN,-0.08024373278021812
maize,IDN,7.5
maize,IND,-0.44424019753932953
maize,IRN,-1.5500670671463013
maize,IRQ,3.4283908009529114
maize,ISR,-7.469679117202759
maize,ITA,-1.2479720711708069
maize,JAM,-0.533883273601532
maize,JOR,0.38029254018329084
maize,KAZ,-0.31188473105430603
maize,KEN,-0.2433830127120018
maize,KGZ,-0.955475240945816
maize,KHM,-0.5540110766887665
maize,KOR,-0.11711069196462631
maize,LAO,-0.6288523077964783
maize,LBN,-0.3323936015367508
maize,LBR,-0.9074060916900635
maize,LBY,-0.6393165588378906
maize,LKA,-0.6312821507453918
maize,LSO,-0.31308014690876007
maize,LTU,-0.3023272901773453
maize,LUX,-0.49948930740356445
maize,LVA,-0.4051724523305893
maize,MAR,-0.15038888156414032
maize,MDA,0.21373848337680101
maize,MDG,-0.7681422233581543
maize,MEX,-0.4973579943180084
maize,MKD,-0.3800259530544281
maize,MLI,-0.26162412762641907
maize,MMR,-0.5901434123516083
maize,MNE,-0.2927127182483673
maize,MNG,-0.4321640282869339
maize,MOZ,-0.19956347346305847
maize,MRT,-0.9085105061531067
maize,MUS,0.26618990674614906
maize,MWI,-0.10774237290024757
maize,MYS,-7.5
maize,NAM,-0.3343336880207062
maize,NER,-0.23064253479242325
maize,NGA,-0.28425921499729156
maize,NIC,0.03540144860744476
maize,NLD,-1.1611397117376328
maize,NOR,-0.0
maize,NPL,-0.3019770383834839
maize,NZL,-1.456876516342163
maize,OMN,-3.6565033197402954
maize,PAK,-0.6130648255348206
maize,PAN,-0.8360174596309662
maize,PER,-1.1342411041259766
maize,PHL,-0.465382918715477
maize,PNG,-0.41644319891929626
maize,POL,-0.272317111492157
maize,PRI,-1.5600281953811646
maize,PRT,-0.417856901884079
maize,PRY,-0.29775547981262207
maize,PSE,4.513672769069672
maize,ROU,-0.27295538038015366
maize,RUS,-0.26950451731681824
maize,RWA,-0.31043918430805206
maize,SAU,7.5
maize,SDN,-0.8747076392173767
maize,SEN,-0.4133431017398834
maize,SLE,-0.11168897151947021
maize,SLV,3.453620135784149
maize,SOM,-0.8512094616889954
maize,SRB,-0.10813196003437042
maize,SSD,-0.8132365345954895
maize,STP,-4.095173716545105
maize,SUR,-7.5
maize,SVK,-0.21583270281553268
maize,SVN,-0.45236994326114655
maize,SWE,-0.501499131321907
maize,SWZ,-0.8036633729934692
maize,SYR,-0.6541377902030945
maize,TCD,-0.20392729341983795
maize,TGO,-0.2718384861946106
maize,THA,-0.45256227254867554
maize,TJK,-1.92437744140625
maize,TKM,-0.6897251307964325
maize,TLS,3.6363652274012566
maize,TTO,-0.7767988443374634
maize,TUN,-0.0
maize,TUR,-0.7352059185504913
maize,TWN,-0.1745801381766796
maize,TZA,-0.0791449323296547
maize,UGA,-0.7688625156879425
maize,UKR,-0.5296631455421448
maize,URY,-0.42513103783130646
maize,USA,-0.8304048180580139
maize,UZB,-2.0444023609161377
maize,VEN,-0.5224518179893494
maize,VNM,-0.684129923582077
maize,VUT,-0.9192706942558289
maize,YEM,-0.8936676979064941
maize,ZAF,-0.36467409133911133
maize,ZMB,-0.1012125313282013
maize,ZWE,0.7734683156013489
mango,AGO,-1.7428810596466064
mango,ARG,4.00661301612854
mango,ATG,-6.116398811340332
mango,AUS,4.158472061157227
mango,BDI,-0.0
mango,BEN,-4.432626962661743
mango,BFA,2.3057003021240234
mango,BGD,-1.6167902946472168
mango,BHS,0.8097050487995148
mango,BLZ,-0.0
mango,BOL,0.9179114103317261
mango,BRA,-0.10186441987752914
mango,BRB,-0.0
mango,BRN,-0.0
mango,BTN,-1.6676134765148163
mango,BWA,-0.0
mango,CAF,-4.359971046447754
mango,CHN,-5.991079807281494
mango,CIV,0.7976551949977875
mango,CMR,-4.043771505355835
mango,COD,-1.0474668741226196
mango,COG,-4.258244514465332
mango,COL,-2.555436849594116
mango,COM,-0.0
mango,CPV,-3.474240779876709
mango,CRI,-5.179058313369751
mango,CUB,-2.4350507259368896
mango,DOM,3.9546761512756348
mango,ECU,0.9641700387001038
mango,EGY,6.361396789550781
mango,ERI,-0.0
mango,ETH,0.7439782321453094
mango,FJI,-7.5
mango,GAB,-0.0
mango,GHA,-0.764299750328064
mango,GIN,1.2444985508918762
mango,GMB,1.7365737557411194
mango,GNB,-1.519115924835205
mango,GNQ,-0.0
mango,GRD,-0.07752498984336853
mango,GTM,-0.5481644347310066
mango,GUF,-0.0
mango,GUY,-7.5
mango,HND,5.675384283065796
mango,HTI,-2.1649091839790344
mango,IDN,-3.352286219596863
mango,IND,-1.1185299158096313
mango,ISR,-7.5
mango,JAM,-1.1902308464050293
mango,JOR,1.9303319454193115
mango,JPN,-4.88319730758667
mango,KEN,5.951999187469482
mango,KHM,-2.7825652360916138
mango,LAO,-2.3931771516799927
mango,LBR,-0.0
mango,LKA,2.076407790184021
mango,MAR,-1.0263472199440002
mango,MDG,-4.513467311859131
mango,MEX,2.0216291546821594
mango,MLI,2.6465933322906494
mango,MMR,-3.8043540716171265
mango,MOZ,-2.689114809036255
mango,MRT,-0.0
mango,MUS,-0.0
mango,MWI,-0.09385064244270325
mango,MYS,-2.650375008583069
mango,NAM,-2.2942789793014526
mango,NER,0.4070844352245331
mango,NGA,-3.819551944732666
mango,NIC,-0.0
mango,NPL,0.9089636653661728
mango,OMN,-4.509174346923828
mango,PAK,0.5991492569446564
mango,PAN,-2.114914298057556
mango,PER,5.650221347808838
mango,PHL,1.7776406407356262
mango,PNG,-0.0
mango,PRI,-7.5
mango,PRY,-2.647342801094055
mango,PSE,-5.235771656036377
mango,RWA,-3.706074595451355
mango,SAU,-6.008065938949585
mango,SDN,0.4457666873931885
mango,SEN,1.3338298797607422
mango,SLB,-0.0
mango,SLE,-2.8690567016601562
mango,SLV,1.9440511986613274
mango,SOM,-2.499656915664673
mango,SSD,-0.0
mango,STP,-0.0
mango,SUR,-6.067224979400635
mango,SWZ,2.6674818992614746
mango,TCD,-0.0
mango,TGO,-0.0
mango,THA,-1.7495236992835999
mango,TLS,3.713353395462036
mango,TTO,-3.8363226652145386
mango,TWN,0.7469363971613348
mango,TZA,-4.445941209793091
mango,UGA,-0.0
mango,USA,7.5
mango,VEN,-0.8263965547084808
mango,VNM,-2.62531179189682
mango,VUT,-0.0
mango,YEM,-2.7877755165100098
mango,ZAF,-1.1543567776679993
mango,ZMB,-0.0
mango,ZWE,-0.5769963264465332
oat,AFG,-0.10184507071971893
oat,AGO,-0.0
oat,ALB,-0.6512782871723175
oat,ARE,-7.5
oat,ARG,-0.33912593126296997
oat,ARM,-0.22905337810516357
oat,AUS,-0.0
oat,AUT,-0.08964483626186848
oat,AZE,-0.03490389324724674
oat,BDI,-0.40483999252319336
oat,BEL,0.25135069340467453
oat,BEN,-0.42799821496009827
oat,BFA,-0.3846689760684967
oat,BGD,-0.0
oat,BGR,-0.2505769804120064
oat,BIH,-0.22296950221061707
oat,BLR,-2.6017254553735256
oat,BLZ,7.5
oat,BOL,-0.3831498622894287
oat,BRA,-0.15355971455574036
oat,BTN,0.3481687158346176
oat,BWA,-0.2851053476333618
oat,CAF,0.0
oat,CAN,-0.41436101496219635
oat,CHE,-0.8727894723415375
oat,CHL,-0.47666411101818085
oat,CHN,-0.3292878121137619
oat,CIV,-0.3718474805355072
oat,CMR,-0.38071466982364655
oat,COD,-7.5
oat,COG,-0.41918307542800903
oat,COL,-0.30111972987651825
oat,CYP,-0.03409509174525738
oat,CZE,-0.2589070498943329
oat,DEU,-0.11929083988070488
oat,DNK,-0.26522839069366455
oat,DZA,-0.09609296172857285
oat,ECU,-0.1746603101491928
oat,EGY,-0.23286867141723633
oat,ERI,-0.4056549370288849
oat,ESP,-0.20252007991075516
oat,EST,-0.0347675122320652
oat,ETH,-0.46437154710292816
oat,FIN,-0.36369313299655914
oat,FRA,-0.3253283202648163
oat,GAB,7.5
oat,GBR,-0.5027129352092743
oat,GEO,-0.07862439751625061
oat,GHA,-7.5
oat,GIN,-0.4286164343357086
oat,GMB,-0.42373377084732056
oat,GNB,-0.42247332632541656
oat,GRC,-0.19074198603630066
oat,GTM,7.5
oat,GUF,-0.0
oat,GUY,7.5
oat,HRV,3.7263630870729685
oat,HUN,0.03145220410078764
oat,IND,-0.26265551149845123
oat,IRL,-0.1848704218864441
oat,IRN,-0.15919151902198792
oat,IRQ,-0.0
oat,ISR,0.12875014543533325
oat,ITA,-0.3178315758705139
oat,JOR,7.5
oat,JPN,-0.019756123656407
oat,KAZ,-0.042268477380275726
oat,KEN,-0.24396366626024246
oat,KGZ,-0.22804394364356995
oat,KHM,-7.5
oat,KOR,-0.1572118028998375
oat,LAO,-7.5
oat,LBN,-0.23859203606843948
oat,LBR,-7.5
oat,LBY,-0.0
oat,LSO,-0.1504773013293743
oat,LTU,-0.0624441672116518
oat,LUX,-0.24600064009428024
oat,LVA,-0.0002990681678056717
oat,MAR,-0.21028555929660797
oat,MDA,0.04312216117978096
oat,MEX,-0.3909450173377991
oat,MKD,-0.260411873459816
oat,MLI,-0.4188845753669739
oat,MMR,-0.44449444115161896
oat,MNE,-0.03246819181367755
oat,MNG,-0.0821661502122879
oat,MOZ,0.0
oat,MRT,-7.5
oat,MWI,0.0
oat,MYS,-0.0
oat,NAM,-0.0
oat,NER,-3.9526764899492264
oat,NGA,-0.43928346037864685
oat,NLD,-1.1318775191903114
oat,NOR,-0.7868756651878357
oat,NPL,-0.2865414023399353
oat,NZL,-0.7106816470623016
oat,OMN,-0.49673429131507874
oat,PER,-0.0
oat,POL,-0.14182071387767792
oat,PRT,-0.18049030750989914
oat,PRY,-7.5
oat,PSE,-0.29612763226032257
oat,ROU,-0.20541534572839737
oat,RUS,-0.1095232367515564
oat,RWA,-7.5
oat,SAU,-0.08038628473877907
oat,SDN,-0.3951871246099472
oat,SEN,-0.3387676775455475
oat,SLE,-0.4265589416027069
oat,SOM,-7.5
oat,SRB,-0.10061546787619591
oat,SSD,-7.5
oat,SUR,-0.0
oat,SVK,-0.26072775572538376
oat,SVN,-0.19909173250198364
oat,SWE,-0.31132635474205017
oat,SWZ,-7.5
oat,SYR,-0.15757374465465546
oat,TCD,-0.2885015904903412
oat,TGO,-0.417222261428833
oat,THA,-0.398628368973732
oat,TJK,-0.11462791636586189
oat,TKM,-0.11959289759397507
oat,TUN,-0.34486544132232666
oat,TUR,-0.15134435147047043
oat,TWN,-0.35786765813827515
oat,TZA,-0.33776533603668213
oat,UGA,7.5
oat,UKR,-0.21650271117687225
oat,URY,0.06272026896476746
oat,USA,-0.2518806755542755
oat,UZB,-0.41983839869499207
oat,VEN,7.5
oat,VNM,7.5
oat,YEM,-7.5
oat,ZAF,-0.2625284045934677
oat,ZMB,7.5
oat,ZWE,-7.5
oil-palm,AGO,-0.0
oil-palm,BDI,-2.292116403579712
oil-palm,BEN,3.195939779281616
oil-palm,BLZ,6.819040298461914
oil-palm,BOL,7.5
oil-palm,BRA,0.6469205021858215
oil-palm,BRN,4.799162149429321
oil-palm,CAF,0.21219651214778423
oil-palm,CHN,4.778982400894165
oil-palm,CIV,1.0240989923477173
oil-palm,CMR,2.4062957763671875
oil-palm,COD,0.29757164418697357
oil-palm,COG,2.6023794412612915
oil-palm,COL,-1.8319664597511292
oil-palm,CRI,2.809014320373535
oil-palm,DOM,1.4064977169036865
oil-palm,ECU,3.9950278997421265
oil-palm,GAB,1.3345183730125427
oil-palm,GHA,0.38756607845425606
oil-palm,GIN,-0.5860113799571991
oil-palm,GMB,-0.0
oil-palm,GNB,-0.0
oil-palm,GNQ,1.6413190960884094
oil-palm,GTM,3.757707118988037
oil-palm,GUF,-0.0
oil-palm,GUY,-0.0
oil-palm,HND,1.4585612416267395
oil-palm,HTI,-7.5
oil-palm,IDN,4.334264516830444
oil-palm,KEN,3.0076711177825928
oil-palm,KHM,2.070944905281067
oil-palm,LAO,2.3857200145721436
oil-palm,LBR,1.6847833395004272
oil-palm,MDG,2.4867985248565674
oil-palm,MEX,3.1852376461029053
oil-palm,MMR,5.754539966583252
oil-palm,MOZ,-0.0
oil-palm,MWI,3.847517490386963
oil-palm,MYS,4.10076904296875
oil-palm,NGA,-0.6968066096305847
oil-palm,NIC,2.9898747205734253
oil-palm,PAN,2.379358172416687
oil-palm,PER,3.9330053329467773
oil-palm,PHL,2.190782070159912
oil-palm,PNG,2.5957502126693726
oil-palm,PRY,0.5899863839149475
oil-palm,RWA,0.5816526468843222
oil-palm,SEN,-0.0
oil-palm,SLB,2.930927038192749
oil-palm,SLE,1.8757222294807434
oil-palm,SLV,-0.0
oil-palm,STP,1.6389830708503723
oil-palm,SUR,-1.0750282406806946
oil-palm,TGO,0.8803478479385376
oil-palm,THA,2.996158003807068
oil-palm,TLS,-0.0
oil-palm,TZA,2.043656349182129
oil-palm,UGA,0.6921378970146179
oil-palm,VEN,2.669556736946106
oil-palm,VNM,3.143789529800415
olive,AFG,-0.3398706763982773
olive,ALB,-1.2373453378677368
olive,ARG,-0.8020360171794891
olive,ARM,-0.0
olive,AUS,1.6934696435928345
olive,AZE,1.7803560495376587
olive,BDI,-7.5
olive,BGR,-0.0
olive,BIH,3.8810541182756424
olive,BLZ,-0.0
olive,BRA,7.5
olive,BRN,-7.5
olive,BWA,7.5
olive,CHL,-0.4587016850709915
olive,CHN,-0.0
olive,COL,7.5
olive,CYP,-0.3772258013486862
olive,DNK,-0.0
olive,DOM,0.0
olive,DZA,-0.33089467883110046
olive,EGY,0.07486620545387268
olive,ESP,-0.24603693187236786
olive,FRA,0.6897545456886292
olive,GAB,-7.5
olive,GEO,-0.3687916770577431
olive,GIN,0.0
olive,GMB,-7.5
olive,GNB,-0.0
olive,GNQ,7.5
olive,GRC,-3.2906785011291504
olive,GTM,0.0
olive,HND,0.0
olive,HRV,3.4152233004570007
olive,IRN,-1.6989024877548218
olive,IRQ,2.502182960510254
olive,ISR,0.5839786231517792
olive,ITA,-0.7322042286396027
olive,JOR,-1.1547010242938995
olive,KAZ,-0.0
olive,KGZ,-0.0
olive,KOR,-0.0
olive,LAO,0.0
olive,LBN,-2.3755449056625366
olive,LBR,-7.5
olive,LBY,-1.6630006432533264
olive,LSO,-0.0
olive,MAR,0.29284749925136566
olive,MDA,-7.5
olive,MEX,-0.6021499633789062
olive,MKD,-0.15134715288877487
olive,MLT,-2.0683102011680603
olive,MNE,-0.4360876679420471
olive,MNG,-7.5
olive,NAM,0.0
olive,NIC,-0.0
olive,NOR,-0.0
olive,NZL,-0.0
olive,PAK,-0.0
olive,PER,4.329080402851105
olive,PRT,0.5581654161214828
olive,PSE,-0.3389883041381836
olive,ROU,-0.0
olive,RUS,-0.0
olive,RWA,-7.5
olive,SAU,-0.0
olive,SLV,-4.3597482442855835
olive,SOM,7.5
olive,SRB,-0.0
olive,SVN,3.226268172264099
olive,SWZ,0.0
olive,SYR,-0.8499757051467896
olive,TJK,-0.0
olive,TKM,7.5
olive,TUN,-0.03372873365879059
olive,TUR,-0.7081306278705597
olive,TWN,-7.5
olive,URY,-0.6887013614177704
olive,USA,7.5
olive,UZB,-1.1979382038116455
olive,YEM,-7.5
olive,ZAF,-0.0
olive,ZMB,-7.5
onion,AFG,-5.476008415222168
onion,AGO,-6.08422327041626
onion,ALB,-3.099440813064575
onion,ARE,-1.652731716632843
onion,ARG,-3.546888828277588
onion,ARM,-3.7072665691375732
onion,ATG,-4.108101844787598
onion,AUS,-7.5
onion,AUT,-1.0940015986561775
onion,AZE,0.579705074429512
onion,BDI,-6.84576416015625
onion,BEL,0.6163873970508575
onion,BEN,-5.131403207778931
onion,BFA,-5.443862199783325
onion,BGD,-0.3815297782421112
onion,BGR,1.12093123793602
onion,BHS,-6.114438533782959
onion,BIH,1.4264193177223206
onion,BLR,5.161195755004883
onion,BLZ,-6.474560499191284
onion,BOL,-1.9412263631820679
onion,BRA,-6.590769290924072
onion,BRB,-6.538877964019775
onion,BRN,-7.5
onion,BTN,-0.2064012736082077
onion,BWA,-4.30817985534668
onion,CAF,-7.5
onion,CAN,-7.5
onion,CHE,-7.5
onion,CHL,-7.5
onion,CHN,-3.8976705074310303
onion,CIV,-6.487962007522583
onion,CMR,-7.5
onion,COD,-6.653528213500977
onion,COG,-7.40269923210144
onion,COL,-3.631853222846985
onion,COM,-7.5
onion,CPV,-3.75
onion,CRI,-7.5
onion,CUB,-4.213197350502014
onion,CYP,-4.509659051895142
onion,CZE,1.1285629868507385
onion,DEU,-1.0509138107299805
onion,DJI,-7.310311317443848
onion,DNK,-5.1600661277771
onion,DOM,-7.5
onion,DZA,-6.033794164657593
onion,ECU,-0.10465767234563828
onion,EGY,-0.0
onion,ERI,-7.5
onion,ESP,-5.234062910079956
onion,EST,4.366265177726746
onion,ETH,-1.1532474160194397
onion,FIN,-7.5
onion,FJI,-5.183279752731323
onion,FRA,-2.7692145109176636
onion,GAB,-7.5
onion,GBR,-7.5
onion,GEO,-0.48601432144641876
onion,GHA,-4.915606379508972
onion,GIN,-7.3325347900390625
onion,GMB,-6.949794769287109
onion,GNB,-7.449331045150757
onion,GNQ,7.5
onion,GRC,-7.5
onion,GRD,-7.5
onion,GTM,-5.75478458404541
onion,GUF,-7.5
onion,GUY,3.324965238571167
onion,HND,-7.5
onion,HRV,5.95168137550354
onion,HTI,-7.217763662338257
onion,HUN,-3.502846598625183
onion,IDN,-6.387497425079346
onion,IND,-4.86636209487915
onion,IRL,-4.442953109741211
onion,IRN,-3.4505257606506348
onion,IRQ,-0.8427357971668243
onion,ISR,-7.5
onion,ITA,-5.166138172149658
onion,JAM,-5.403560400009155
onion,JOR,-7.1084442138671875
onion,JPN,0.2716236114501953
onion,KAZ,-0.0
onion,KEN,-2.7708113193511963
onion,KGZ,-1.5306189060211182
onion,KHM,-6.258983612060547
onion,KOR,0.28243110328912735
onion,LAO,-6.9570300579071045
onion,LBN,-7.5
onion,LBR,-7.372012615203857
onion,LBY,-6.233767032623291
onion,LKA,-6.462034702301025
onion,LSO,-6.276989221572876
onion,LTU,1.1576344072818756
onion,LUX,-3.02189439535141
onion,LVA,2.505319833755493
onion,MAR,-0.44339804351329803
onion,MDA,1.1594355404376984
onion,MDG,-6.414185523986816
onion,MEX,-3.9789732694625854
onion,MKD,0.6249247938394547
onion,MLI,-7.5
onion,MLT,-7.467865228652954
onion,MMR,-5.475865364074707
onion,MNE,-4.909878253936768
onion,MNG,-4.422189712524414
onion,MOZ,-7.5
onion,MRT,-7.405915260314941
onion,MUS,-7.345717430114746
onion,MWI,-7.5
onion,MYS,-5.477675199508667
onion,NAM,-5.245279788970947
onion,NER,-7.373043060302734
onion,NGA,-7.5
onion,NIC,-6.727240562438965
onion,NLD,5.697815418243408
onion,NOR,-7.146365642547607
onion,NPL,-5.779442310333252
onion,NZL,-4.332961559295654
onion,OMN,-7.5
onion,PAK,-2.0547757148742676
onion,PAN,-7.5
onion,PER,-4.331503868103027
onion,PHL,-6.416362285614014
onion,PNG,-4.835406064987183
onion,POL,2.084493637084961
onion,PRI,-6.37070894241333
onion,PRT,-1.5430097579956055
onion,PRY,-7.112652540206909
onion,PSE,-7.403608083724976
onion,ROU,-1.5916115045547485
onion,RUS,1.577445387840271
onion,RWA,-3.937355160713196
onion,SAU,-7.5
onion,SDN,-6.0491251945495605
onion,SEN,-7.5
onion,SLB,-7.5
onion,SLE,-7.5
onion,SLV,-3.1519166231155396
onion,SOM,-7.471020221710205
onion,SRB,1.43072709441185
onion,SSD,-6.924233913421631
onion,STP,-6.936776161193848
onion,SUR,-5.5508880615234375
onion,SVK,-5.169697523117065
onion,SVN,0.9186474084854126
onion,SWE,-7.5
onion,SWZ,-7.280848979949951
onion,SYR,-5.09541130065918
onion,TCD,-5.496585845947266
onion,TGO,-7.38831639289856
onion,THA,-4.468347072601318
onion,TJK,-0.3629320375621319
onion,TKM,-4.642666339874268
onion,TLS,-7.5
onion,TTO,-7.180859327316284
onion,TUN,-0.8916535675525665
onion,TUR,0.5419959276914597
onion,TWN,-4.996661186218262
onion,TZA,-4.371342182159424
onion,UGA,-7.336054563522339
onion,UKR,2.6546425819396973
onion,URY,-7.5
onion,USA,-7.5
onion,UZB,4.102565288543701
onion,VEN,-4.478490829467773
onion,VNM,0.2746054530143738
onion,VUT,-3.6598974466323853
onion,YEM,-6.027487277984619
onion,ZAF,-2.2475228309631348
onion,ZMB,-7.5
onion,ZWE,-7.5
pearl-millet,AFG,0.099399883300066
pearl-millet,AGO,-0.37167467176914215
pearl-millet,ARG,-0.16180670261383057
pearl-millet,ARM,-0.0
pearl-millet,AUS,7.5
pearl-millet,AZE,-3.8328248262405396
pearl-millet,BDI,-0.2910267263650894
pearl-millet,BEN,-0.3923640698194504
pearl-millet,BFA,-0.20195138454437256
pearl-millet,BGD,-0.22912488877773285
pearl-millet,BGR,-0.0
pearl-millet,BLR,-0.0
pearl-millet,BOL,-0.0
pearl-millet,BRA,-0.0
pearl-millet,BTN,-7.5
pearl-millet,BWA,-0.3268238753080368
pearl-millet,CAF,-7.5
pearl-millet,CAN,-0.0
pearl-millet,CHE,-1.8145235776901245
pearl-millet,CHN,-0.13106964528560638
pearl-millet,CIV,-0.4367125928401947
pearl-millet,CMR,-0.2507355734705925
pearl-millet,COD,-0.3535850793123245
pearl-millet,COG,-0.2715224325656891
pearl-millet,DEU,7.5
pearl-millet,DZA,-0.0
pearl-millet,ERI,-0.3524283468723297
pearl-millet,ETH,-0.3748540133237839
pearl-millet,FRA,3.843839667737484
pearl-millet,GAB,-0.0
pearl-millet,GEO,-0.0
pearl-millet,GHA,-0.40674348175525665
pearl-millet,GIN,-0.00853663362795487
pearl-millet,GMB,-0.34422025084495544
pearl-millet,GNB,-0.27828648686408997
pearl-millet,GRC,-0.0
pearl-millet,HUN,7.5
pearl-millet,IND,-0.06721951067447662
pearl-millet,IRN,-0.702873557806015
pearl-millet,IRQ,-0.49079473316669464
pearl-millet,KAZ,-0.11919554322957993
pearl-millet,KEN,-0.28935475647449493
pearl-millet,KGZ,-0.2760634869337082
pearl-millet,KHM,-0.0
pearl-millet,KOR,-7.5
pearl-millet,LAO,0.0
pearl-millet,LBY,-0.42762792110443115
pearl-millet,LKA,-0.7660267353057861
pearl-millet,LSO,7.5
pearl-millet,MAR,-0.3813270702958107
pearl-millet,MDA,0.0
pearl-millet,MLI,-0.17749419808387756
pearl-millet,MMR,-0.3123200237751007
pearl-millet,MNG,-0.0
pearl-millet,MOZ,-0.34221164882183075
pearl-millet,MRT,-0.31937289237976074
pearl-millet,MWI,-0.3059239685535431
pearl-millet,NAM,-0.01768365688621998
pearl-millet,NER,-0.06471513211727142
pearl-millet,NGA,-0.2511250749230385
pearl-millet,NPL,-0.13182155042886734
pearl-millet,OMN,-0.0
pearl-millet,PAK,0.018872305750846863
pearl-millet,POL,7.5
pearl-millet,PRY,-0.0
pearl-millet,ROU,7.5
pearl-millet,RUS,-0.026706401258707047
pearl-millet,RWA,-0.3259247690439224
pearl-millet,SAU,-0.4410449266433716
pearl-millet,SDN,-0.32872581481933594
pearl-millet,SEN,-0.23681703209877014
pearl-millet,SLE,-0.325172021985054
pearl-millet,SOM,7.5
pearl-millet,SSD,-0.18950821459293365
pearl-millet,SVK,7.5
pearl-millet,SWZ,3.615246996283531
pearl-millet,SYR,7.5
pearl-millet,TCD,-0.10284952819347382
pearl-millet,TGO,-0.24399011582136154
pearl-millet,THA,-0.3620590418577194
pearl-millet,TJK,-0.07902843505144119
pearl-millet,TKM,7.5
pearl-millet,TUN,-0.0
pearl-millet,TUR,-0.7141804397106171
pearl-millet,TWN,-7.5
pearl-millet,TZA,-0.2511449232697487
pearl-millet,UGA,-0.1841457039117813
pearl-millet,UKR,-0.21883291751146317
pearl-millet,URY,-0.0
pearl-millet,USA,-0.08647982776165009
pearl-millet,UZB,-0.3564514219760895
pearl-millet,VNM,3.202758312225342
pearl-millet,YEM,-0.15474152565002441
pearl-millet,ZAF,-0.28168584406375885
pearl-millet,ZMB,-0.2513083964586258
pearl-millet,ZWE,0.09674819186329842
phaseolus-bean,AFG,-1.157084047794342
phaseolus-bean,AGO,-1.2100918292999268
phaseolus-bean,ALB,-3.1593639850616455
phaseolus-bean,ARE,-0.0
phaseolus-bean,ARG,-1.107077956199646
phaseolus-bean,ARM,-4.337563753128052
phaseolus-bean,AUS,-1.0493823289871216
phaseolus-bean,AUT,-1.0937529802322388
phaseolus-bean,AZE,-2.153837561607361
phaseolus-bean,BDI,-0.3106824904680252
phaseolus-bean,BEL,-0.5806794166564941
phaseolus-bean,BEN,-1.1519621014595032
phaseolus-bean,BFA,-1.2050830721855164
phaseolus-bean,BGD,-1.1144347190856934
phaseolus-bean,BGR,-0.9686517715454102
phaseolus-bean,BHS,-1.0790165066719055
phaseolus-bean,BIH,2.0521620512008667
phaseolus-bean,BLR,-0.8282925486564636
phaseolus-bean,BLZ,-0.7729074656963348
phaseolus-bean,BOL,-1.0790030360221863
phaseolus-bean,BRA,-0.5911045670509338
phaseolus-bean,BRB,-0.915308952331543
phaseolus-bean,BRN,-4.267560601234436
phaseolus-bean,BTN,-1.3430984616279602
phaseolus-bean,BWA,-1.217458963394165
phaseolus-bean,CAF,-1.1480315923690796
phaseolus-bean,CAN,-1.279358148574829
phaseolus-bean,CHE,-0.7687665820121765
phaseolus-bean,CHL,-2.5614925622940063
phaseolus-bean,CHN,-0.6701661050319672
phaseolus-bean,CIV,-0.4440789371728897
phaseolus-bean,CMR,-1.1721843481063843
phaseolus-bean,COD,-1.2208406925201416
phaseolus-bean,COG,-1.2095711827278137
phaseolus-bean,COL,-1.6267235279083252
phaseolus-bean,COM,-1.1722537279129028
phaseolus-bean,CPV,-1.2339707016944885
phaseolus-bean,CRI,-0.8267076909542084
phaseolus-bean,CUB,-1.0810696482658386
phaseolus-bean,CYP,-4.113713264465332
phaseolus-bean,CZE,-0.8333545923233032
phaseolus-bean,DEU,-0.6965892016887665
phaseolus-bean,DJI,-1.0936317443847656
phaseolus-bean,DNK,-0.6297478675842285
phaseolus-bean,DOM,-1.8879819512367249
phaseolus-bean,DZA,7.5
phaseolus-bean,ECU,-0.8115468919277191
phaseolus-bean,EGY,-2.159212350845337
phaseolus-bean,ERI,-1.1746056079864502
phaseolus-bean,ESP,-3.295440435409546
phaseolus-bean,EST,-0.978222519159317
phaseolus-bean,ETH,-0.5108151733875275
phaseolus-bean,FIN,3.314305007457733
phaseolus-bean,FJI,-0.9650314450263977
phaseolus-bean,FRA,-0.8162448406219482
phaseolus-bean,GAB,-1.1405590772628784
phaseolus-bean,GBR,-0.9110542833805084
phaseolus-bean,GEO,-1.2793031930923462
phaseolus-bean,GHA,-0.7515406608581543
phaseolus-bean,GIN,-1.1397578120231628
phaseolus-bean,GMB,-1.1789995431900024
phaseolus-bean,GNB,-1.20748770236969
phaseolus-bean,GNQ,7.5
phaseolus-bean,GRC,-4.5629260540008545
phaseolus-bean,GRD,-2.0615170001983643
phaseolus-bean,GTM,-1.091473937034607
phaseolus-bean,GUF,-4.318846702575684
phaseolus-bean,GUY,-1.0574746131896973
phaseolus-bean,HND,-0.9020828306674957
phaseolus-bean,HRV,3.2723664045333862
phaseolus-bean,HTI,-1.1879459619522095
phaseolus-bean,HUN,-1.0462517738342285
phaseolus-bean,IDN,-1.0759119391441345
phaseolus-bean,IND,-1.2074481844902039
phaseolus-bean,IRL,-0.6007203161716461
phaseolus-bean,IRN,-2.147171378135681
phaseolus-bean,IRQ,0.293400302529335
phaseolus-bean,ISR,-1.0665701627731323
phaseolus-bean,ITA,-3.8114126920700073
phaseolus-bean,JAM,-1.7746893167495728
phaseolus-bean,JOR,-1.3382667303085327
phaseolus-bean,JPN,-0.6585146486759186
phaseolus-bean,KAZ,-1.1586788892745972
phaseolus-bean,KEN,-0.3362332582473755
phaseolus-bean,KGZ,-1.0947763919830322
phaseolus-bean,KHM,-1.074157476425171
phaseolus-bean,KOR,-0.8770450055599213
phaseolus-bean,LAO,-1.0253114700317383
phaseolus-bean,LBN,-7.182204246520996
phaseolus-bean,LBR,-1.1893888115882874
phaseolus-bean,LBY,-7.5
phaseolus-bean,LKA,-1.0824793577194214
phaseolus-bean,LSO,-0.20977871865034103
phaseolus-bean,LTU,-0.2518802881240845
phaseolus-bean,LUX,-0.9723544120788574
phaseolus-bean,LVA,-0.1442464143037796
phaseolus-bean,MAR,-1.595858633518219
phaseolus-bean,MDA,-0.21593916416168213
phaseolus-bean,MDG,-1.0744043588638306
phaseolus-bean,MEX,-0.40049372613430023
phaseolus-bean,MKD,-1.4361072778701782
phaseolus-bean,MLI,-1.178261399269104
phaseolus-bean,MMR,-1.1204113960266113
phaseolus-bean,MNE,-0.8311729729175568
phaseolus-bean,MNG,-0.8685240745544434
phaseolus-bean,MOZ,-0.5278468728065491
phaseolus-bean,MRT,-1.1898643970489502
phaseolus-bean,MWI,3.564735323190689
phaseolus-bean,MYS,3.2725363671779633
phaseolus-bean,NAM,-1.0752619504928589
phaseolus-bean,NER,-1.236605703830719
phaseolus-bean,NGA,-1.1780728697776794
phaseolus-bean,NIC,3.4990818202495575
phaseolus-bean,NLD,-3.2451688051223755
phaseolus-bean,NOR,-1.0523154735565186
phaseolus-bean,NPL,-1.0746755599975586
phaseolus-bean,NZL,-0.7888135015964508
phaseolus-bean,OMN,-0.815273642539978
phaseolus-bean,PAK,-0.0
phaseolus-bean,PAN,-0.5003781020641327
phaseolus-bean,PER,-0.9994994699954987
phaseolus-bean,PHL,-0.7000688016414642
phaseolus-bean,PNG,-1.2215849161148071
phaseolus-bean,POL,-1.61036878824234
phaseolus-bean,PRI,-1.4012699127197266
phaseolus-bean,PRT,-1.1031256318092346
phaseolus-bean,PRY,-1.1743882298469543
phaseolus-bean,PSE,-1.4545663595199585
phaseolus-bean,ROU,-2.037608027458191
phaseolus-bean,RUS,-0.8871404230594635
phaseolus-bean,RWA,-0.3316950500011444
phaseolus-bean,SAU,-1.1457718014717102
phaseolus-bean,SDN,-1.1581043004989624
phaseolus-bean,SEN,-1.1302708387374878
phaseolus-bean,SLB,-1.1076566576957703
phaseolus-bean,SLE,-1.187224268913269
phaseolus-bean,SLV,3.3729455173015594
phaseolus-bean,SOM,-1.2252900004386902
phaseolus-bean,SRB,-1.265800416469574
phaseolus-bean,SSD,-1.1398500800132751
phaseolus-bean,SUR,-1.124326467514038
phaseolus-bean,SVK,-0.8669686615467072
phaseolus-bean,SVN,-3.497694253921509
phaseolus-bean,SWE,-7.5
phaseolus-bean,SWZ,-1.1620696187019348
phaseolus-bean,SYR,-1.2039071321487427
phaseolus-bean,TCD,-0.36447229981422424
phaseolus-bean,TGO,-0.2783428579568863
phaseolus-bean,THA,-1.1222362518310547
phaseolus-bean,TJK,-3.3149930238723755
phaseolus-bean,TKM,-1.058728575706482
phaseolus-bean,TLS,-1.8079687356948853
phaseolus-bean,TTO,-0.9205308258533478
phaseolus-bean,TUN,-1.2402284741401672
phaseolus-bean,TUR,-2.398657202720642
phaseolus-bean,TWN,-0.8706268966197968
phaseolus-bean,TZA,-0.4548600912094116
phaseolus-bean,UGA,-1.1633039116859436
phaseolus-bean,UKR,-1.1284693479537964
phaseolus-bean,URY,-1.025854229927063
phaseolus-bean,USA,-1.0169554948806763
phaseolus-bean,UZB,-1.146447777748108
phaseolus-bean,VEN,-1.10812509059906
phaseolus-bean,VNM,-1.0903584361076355
phaseolus-bean,YEM,-2.3628766536712646
phaseolus-bean,ZAF,-0.9775652289390564
phaseolus-bean,ZMB,-1.1702090501785278
phaseolus-bean,ZWE,-0.5586915612220764
pigeonpea,AFG,-0.9188053905963898
pigeonpea,AGO,-0.9576257467269897
pigeonpea,ALB,-2.789072573184967
pigeonpea,ARE,-0.0
pigeonpea,ARG,-0.9099201858043671
pigeonpea,ARM,-7.5
pigeonpea,AUS,-0.7807577848434448
pigeonpea,AUT,-0.9224324226379395
pigeonpea,AZE,-0.6829313635826111
pigeonpea,BDI,-0.9673105776309967
pigeonpea,BEL,3.6066991686820984
pigeonpea,BEN,-0.9080715179443359
pigeonpea,BFA,-0.953224778175354
pigeonpea,BGD,-0.8607207238674164
pigeonpea,BGR,-0.7897177338600159
pigeonpea,BHS,-0.8746750950813293
pigeonpea,BIH,3.3912393152713776
pigeonpea,BLR,3.48468679189682
pigeonpea,BLZ,-0.90115025639534
pigeonpea,BOL,-0.8806573450565338
pigeonpea,BRA,-0.9219695925712585
pigeonpea,BRB,-0.6808526515960693
pigeonpea,BRN,7.5
pigeonpea,BTN,-0.8634838461875916
pigeonpea,BWA,-0.9572258591651917
pigeonpea,CAF,-0.8936916589736938
pigeonpea,CAN,-7.5
pigeonpea,CHE,-4.041382610797882
pigeonpea,CHL,-7.5
pigeonpea,CHN,-0.6658027172088623
pigeonpea,CIV,-0.9062199890613556
pigeonpea,CMR,-0.9250184297561646
pigeonpea,COD,-0.9739887118339539
pigeonpea,COG,-0.9607892632484436
pigeonpea,COL,-0.8598357737064362
pigeonpea,COM,-0.9202789664268494
pigeonpea,CPV,-0.981770932674408
pigeonpea,CRI,-0.9486907124519348
pigeonpea,CUB,-0.8771759271621704
pigeonpea,CYP,7.5
pigeonpea,CZE,-0.580113410949707
pigeonpea,DEU,-0.4432707130908966
pigeonpea,DJI,-0.8401020169258118
pigeonpea,DNK,-0.4271562695503235
pigeonpea,DOM,-1.365513652563095
pigeonpea,DZA,-0.6860837936401367
pigeonpea,ECU,-0.847065269947052
pigeonpea,EGY,-0.6486566960811615
pigeonpea,ERI,-0.9271736145019531
pigeonpea,ESP,-0.7618528306484222
pigeonpea,EST,-0.7370726764202118
pigeonpea,ETH,-0.9135302007198334
pigeonpea,FIN,3.4410140812397003
pigeonpea,FJI,-0.6458816826343536
pigeonpea,FRA,-0.5621311664581299
pigeonpea,GAB,-0.8754734694957733
pigeonpea,GBR,-0.6571561396121979
pigeonpea,GEO,-4.180300951004028
pigeonpea,GHA,-0.9306860268115997
pigeonpea,GIN,-0.8875762820243835
pigeonpea,GMB,-0.9267224073410034
pigeonpea,GNB,-0.9552200436592102
pigeonpea,GNQ,7.5
pigeonpea,GRC,-0.8619811832904816
pigeonpea,GRD,-1.7962907552719116
pigeonpea,GTM,-0.8904057741165161
pigeonpea,GUF,7.5
pigeonpea,GUY,-0.8730840086936951
pigeonpea,HND,-0.9686547219753265
pigeonpea,HRV,3.3852610290050507
pigeonpea,HTI,-0.9578707814216614
pigeonpea,HUN,-0.6751204431056976
pigeonpea,IDN,-0.8598816394805908
pigeonpea,IND,-0.953907698392868
pigeonpea,IRL,-0.3466781973838806
pigeonpea,IRN,-0.9159104526042938
pigeonpea,IRQ,0.480164036154747
pigeonpea,ISR,-0.8203387558460236
pigeonpea,ITA,-0.766088604927063
pigeonpea,JAM,-2.4177414178848267
pigeonpea,JOR,-1.727891445159912
pigeonpea,JPN,-0.4043058156967163
pigeonpea,KAZ,-0.9571150839328766
pigeonpea,KEN,-0.25580376386642456
pigeonpea,KGZ,-0.7619509994983673
pigeonpea,KHM,-0.8200151324272156
pigeonpea,KOR,-0.6551137566566467
pigeonpea,LAO,3.40341117978096
pigeonpea,LBN,-4.084771752357483
pigeonpea,LBR,-0.9382409751415253
pigeonpea,LBY,-1.129009187221527
pigeonpea,LKA,-0.8368309736251831
pigeonpea,LSO,-0.9495572149753571
pigeonpea,LTU,-0.6689684391021729
pigeonpea,LUX,-7.5
pigeonpea,LVA,-0.5572071075439453
pigeonpea,MAR,-1.3824432492256165
pigeonpea,MDA,-4.1958411037921906
pigeonpea,MDG,-0.821855902671814
pigeonpea,MEX,-0.9446766674518585
pigeonpea,MKD,-0.7479583024978638
pigeonpea,MLI,-0.9028605222702026
pigeonpea,MMR,-0.8602959513664246
pigeonpea,MNE,-7.5
pigeonpea,MNG,7.5
pigeonpea,MOZ,-0.9334598779678345
pigeonpea,MRT,-0.9396894872188568
pigeonpea,MWI,3.3217858970165253
pigeonpea,MYS,3.3997525572776794
pigeonpea,NAM,-0.8163344860076904
pigeonpea,NER,-0.9839184284210205
pigeonpea,NGA,-0.9262702465057373
pigeonpea,NIC,3.2987954020500183
pigeonpea,NLD,-7.5
pigeonpea,NOR,-0.7913644909858704
pigeonpea,NPL,-0.5522661507129669
pigeonpea,NZL,-7.5
pigeonpea,OMN,-0.0
pigeonpea,PAK,7.5
pigeonpea,PAN,-0.9686590433120728
pigeonpea,PER,-0.8871180713176727
pigeonpea,PHL,-0.8647173047065735
pigeonpea,PNG,-0.958659827709198
pigeonpea,POL,3.427256256341934
pigeonpea,PRI,-4.4452338218688965
pigeonpea,PRT,-0.853133887052536
pigeonpea,PRY,-0.948971152305603
pigeonpea,PSE,-4.413679718971252
pigeonpea,ROU,-0.8365733623504639
pigeonpea,RUS,-0.9373992681503296
pigeonpea,RWA,-0.9523827731609344
pigeonpea,SAU,-1.3784589171409607
pigeonpea,SDN,-0.9005206525325775
pigeonpea,SEN,-0.8781087398529053
pigeonpea,SLB,-0.8213365077972412
pigeonpea,SLE,-0.9319661855697632
pigeonpea,SLV,3.3115091919898987
pigeonpea,SOM,-0.9733754098415375
pigeonpea,SRB,-0.7396140992641449
pigeonpea,SSD,-0.8912731409072876
pigeonpea,SUR,3.2891432344913483
pigeonpea,SVK,-4.141037225723267
pigeonpea,SVN,3.378308445215225
pigeonpea,SWE,-7.5
pigeonpea,SWZ,-0.9051354825496674
pigeonpea,SYR,-0.9529542922973633
pigeonpea,TCD,-0.9489597678184509
pigeonpea,TGO,-0.9529698193073273
pigeonpea,THA,-0.8532891869544983
pigeonpea,TJK,-5.799175262451172
pigeonpea,TKM,-0.8047158122062683
pigeonpea,TLS,3.3583114445209503
pigeonpea,TTO,-3.3630282878875732
pigeonpea,TUN,-1.019387573003769
pigeonpea,TUR,-0.7973981499671936
pigeonpea,TWN,-0.6158246099948883
pigeonpea,TZA,-0.25714170932769775
pigeonpea,UGA,-0.9187409579753876
pigeonpea,UKR,-0.8754369020462036
pigeonpea,URY,-0.8344046175479889
pigeonpea,USA,-0.903854489326477
pigeonpea,UZB,-6.252410411834717
pigeonpea,VEN,-0.8616228699684143
pigeonpea,VNM,3.3440513014793396
pigeonpea,YEM,-0.8456077873706818
pigeonpea,ZAF,-1.3308173418045044
pigeonpea,ZMB,-0.9176241755485535
pigeonpea,ZWE,-1.0519496202468872
plantain,AFG,-0.0
plantain,AGO,-0.0
plantain,ALB,-0.0
plantain,ARG,-0.0
plantain,AUS,-0.0
plantain,BDI,-4.330976247787476
plantain,BEN,-4.280450820922852
plantain,BFA,-0.0
plantain,BGD,-1.7320403456687927
plantain,BHS,-7.5
plantain,BLZ,-0.8476448655128479
plantain,BOL,1.6003048585844226e-05
plantain,BRA,-0.0
plantain,BRB,-5.470365643501282
plantain,BRN,-4.300463438034058
plantain,BTN,-0.0
plantain,BWA,-0.0
plantain,CAF,-4.822971820831299
plantain,CHN,-0.0
plantain,CIV,-4.0323262214660645
plantain,CMR,-3.3110692501068115
plantain,COD,-4.471920013427734
plantain,COG,-3.9406723976135254
plantain,COL,-1.7521623373031616
plantain,COM,-0.0
plantain,CPV,-0.0
plantain,CRI,5.289964199066162
plantain,CUB,-4.1554179191589355
plantain,CYP,-0.0
plantain,DJI,-0.0
plantain,DOM,-1.2093048691749573
plantain,DZA,-0.0
plantain,ECU,2.104304254055023
plantain,EGY,-0.0
plantain,ERI,7.5
plantain,ESP,-0.0
plantain,ETH,-0.0
plantain,FJI,-2.824025869369507
plantain,FRA,-0.0
plantain,GAB,-3.995131731033325
plantain,GHA,-3.330082416534424
plantain,GIN,-3.7431408166885376
plantain,GMB,-0.0
plantain,GNB,-4.217869758605957
plantain,GNQ,-4.20950722694397
plantain,GRC,-0.0
plantain,GRD,-4.6155924797058105
plantain,GTM,1.5472803339362144
plantain,GUF,7.5
plantain,GUY,-7.5
plantain,HND,0.281604140996933
plantain,HTI,-3.6053457260131836
plantain,IDN,-0.0
plantain,IND,-0.0
plantain,IRQ,-0.0
plantain,ISR,-0.0
plantain,JAM,-7.5
plantain,JOR,-0.0
plantain,KEN,-1.0456420481204987
plantain,KHM,-0.0
plantain,LAO,-0.0
plantain,LBN,-0.0
plantain,LBR,-4.365204095840454
plantain,LKA,1.720398485660553
plantain,MAR,-0.0
plantain,MDG,-0.0
plantain,MEX,-0.0
plantain,MLI,-0.0
plantain,MMR,-2.0157577991485596
plantain,MOZ,-0.0
plantain,MRT,7.5
plantain,MUS,-0.0
plantain,MWI,-1.8195990920066833
plantain,MYS,-0.0
plantain,NAM,-1.3137375116348267
plantain,NER,-2.436035633087158
plantain,NGA,-3.7900876998901367
plantain,NIC,-3.021286368370056
plantain,NPL,-0.0
plantain,OMN,-0.0
plantain,PAK,-0.0
plantain,PAN,-1.032456785440445
plantain,PER,-0.0
plantain,PHL,-1.1961045861244202
plantain,PNG,-0.0
plantain,PRI,-7.5
plantain,PRT,-0.0
plantain,PRY,-0.0
plantain,PSE,-0.0
plantain,RWA,-3.743504524230957
plantain,SAU,-0.0
plantain,SDN,-0.0
plantain,SEN,-0.0
plantain,SLB,-0.0
plantain,SLE,-4.047847747802734
plantain,SLV,-3.683506488800049
plantain,SOM,-0.0
plantain,SSD,-4.431108474731445
plantain,STP,-2.2730981707572937
plantain,SUR,-7.5
plantain,SWZ,-0.0
plantain,SYR,-0.0
plantain,TGO,-4.26732325553894
plantain,THA,-0.0
plantain,TLS,-0.0
plantain,TTO,-4.36286473274231
plantain,TUR,-0.0
plantain,TWN,-0.0
plantain,TZA,-4.1768717765808105
plantain,UGA,-3.3433908224105835
plantain,URY,7.5
plantain,USA,-0.0
plantain,VEN,-3.082419753074646
plantain,VNM,-0.0
plantain,VUT,-0.0
plantain,YEM,-0.0
plantain,ZAF,-0.0
plantain,ZMB,-0.0
plantain,ZWE,-0.0
rapeseed,AFG,0.07879114896059036
rapeseed,ALB,-0.0
rapeseed,ARG,-0.7161921858787537
rapeseed,ARM,7.5
rapeseed,AUS,-0.19592584669589996
rapeseed,AUT,-0.40903931856155396
rapeseed,AZE,0.30170580744743347
rapeseed,BEL,3.7158948332071304
rapeseed,BGD,-0.3283272385597229
rapeseed,BGR,-0.32338033616542816
rapeseed,BIH,-0.27218931913375854
rapeseed,BLR,-0.15828299522399902
rapeseed,BLZ,-0.0
rapeseed,BOL,7.5
rapeseed,BRA,-0.7429899573326111
rapeseed,BTN,-0.6966248452663422
rapeseed,BWA,7.5
rapeseed,CAN,-0.5294104218482971
rapeseed,CHE,-0.8021561801433563
rapeseed,CHL,-0.11799599230289459
rapeseed,CHN,-0.47004008293151855
rapeseed,CZE,-0.4907824993133545
rapeseed,DEU,-0.4460655152797699
rapeseed,DNK,-0.5781257748603821
rapeseed,DZA,-0.9182435870170593
rapeseed,ERI,-0.0
rapeseed,ESP,-0.2307361215353012
rapeseed,EST,-0.21941057592630386
rapeseed,ETH,-0.43205735087394714
rapeseed,FIN,-0.40925203263759613
rapeseed,FRA,-0.5103376507759094
rapeseed,GBR,-0.578656867146492
rapeseed,GEO,7.5
rapeseed,GRC,-0.5026337206363678
rapeseed,GTM,-0.0
rapeseed,GUY,-0.0
rapeseed,HRV,3.574490800499916
rapeseed,HUN,-0.2528684586286545
rapeseed,IND,-0.7113952934741974
rapeseed,IRL,-0.005888037849217653
rapeseed,IRN,-0.6089254319667816
rapeseed,IRQ,-0.5102667957544327
rapeseed,ITA,-0.37731143087148666
rapeseed,JPN,-0.3344009816646576
rapeseed,KAZ,-0.22307247668504715
rapeseed,KGZ,-0.62037792801857
rapeseed,KOR,-0.6539377570152283
rapeseed,LAO,7.5
rapeseed,LSO,-0.1871395856142044
rapeseed,LTU,-0.36818769574165344
rapeseed,LUX,-0.4195219874382019
rapeseed,LVA,-0.27389194071292877
rapeseed,MAR,-0.9238106310367584
rapeseed,MDA,-0.10019616247154772
rapeseed,MEX,-0.1582973599433899
rapeseed,MKD,-0.1887553706765175
rapeseed,MMR,-0.4967449903488159
rapeseed,MNE,7.5
rapeseed,MNG,-0.8486824035644531
rapeseed,MOZ,3.3309918642044067
rapeseed,NLD,-1.7995826601982117
rapeseed,NOR,-1.0942137837409973
rapeseed,NPL,-0.4990878105163574
rapeseed,NZL,-0.5114894211292267
rapeseed,PAK,-0.7121979594230652
rapeseed,POL,-0.4215894341468811
rapeseed,PRT,-0.27677084505558014
rapeseed,PRY,-0.24715595692396164
rapeseed,ROU,-0.28950029611587524
rapeseed,RUS,-0.21368786692619324
rapeseed,SRB,-0.1171507015824318
rapeseed,SVK,-0.32024937868118286
rapeseed,SVN,3.6311042979359627
rapeseed,SWE,-0.39599570631980896
rapeseed,SWZ,-0.36017365753650665
rapeseed,SYR,-0.484448105096817
rapeseed,TJK,-0.9214142262935638
rapeseed,TKM,-0.35219433903694153
rapeseed,TUN,-0.9964883327484131
rapeseed,TUR,-0.5476380288600922
rapeseed,TWN,-0.19892674684524536
rapeseed,UKR,-0.6090503931045532
rapeseed,URY,-0.6481682658195496
rapeseed,USA,-0.32262668013572693
rapeseed,UZB,-0.8531136214733124
rapeseed,VEN,-0.0
rapeseed,VNM,-0.5609659850597382
rapeseed,ZAF,-0.6686316132545471
rye,AFG,-0.1354934275150299
rye,AGO,-0.0
rye,ALB,-0.5628265142440796
rye,ARE,-7.5
rye,ARG,-0.33727940917015076
rye,ARM,-0.17923954129219055
rye,AUS,-0.08773892372846603
rye,AUT,-0.2375905066728592
rye,AZE,-0.09820549562573433
rye,BDI,-0.40547312796115875
rye,BEL,3.8195036873221397
rye,BEN,-0.4285312741994858
rye,BFA,-0.38519084453582764
rye,BGD,-0.0
rye,BGR,-0.0683966800570488
rye,BIH,-0.26308757066726685
rye,BLR,-2.6004738509655
rye,BLZ,7.5
rye,BOL,-7.5
rye,BRA,7.5
rye,BTN,0.4048927426338196
rye,BWA,-0.29084497690200806
rye,CAF,0.0
rye,CAN,-0.33328017592430115
rye,CHE,-0.756756454706192
rye,CHL,0.1330227553844452
rye,CHN,-0.33116403222084045
rye,CIV,-0.37234923243522644
rye,CMR,-7.5
rye,COD,-7.5
rye,COG,-0.4198332726955414
rye,COL,-7.5
rye,CYP,-0.011705954442732036
rye,CZE,-0.2771519124507904
rye,DEU,-0.18573427200317383
rye,DNK,-0.3816702663898468
rye,DZA,-0.36854271590709686
rye,ECU,-3.7906853295862675
rye,EGY,-0.23358767479658127
rye,ERI,-0.4062986671924591
rye,ESP,-0.20797348767518997
rye,EST,-0.14893680810928345
rye,ETH,-0.32431742548942566
rye,FIN,-0.4185028225183487
rye,FRA,-0.36809884011745453
rye,GAB,7.5
rye,GBR,-0.05397370085120201
rye,GEO,-0.07928147912025452
rye,GHA,-7.5
rye,GIN,-0.42910969257354736
rye,GMB,-3.9566050469875336
rye,GNB,-0.4230479896068573
rye,GRC,-0.23575179278850555
rye,GTM,-0.0
rye,GUF,-0.0
rye,GUY,7.5
rye,HRV,3.663695491850376
rye,HUN,-0.0006145462393760681
rye,IND,-0.25226956605911255
rye,IRL,-0.0
rye,IRN,-0.18792679905891418
rye,IRQ,-0.11648683249950409
rye,ISR,0.12301252037286758
rye,ITA,-0.21073074638843536
rye,JOR,7.5
rye,JPN,-0.025740041863173246
rye,KAZ,-0.06911498308181763
rye,KEN,-7.5
rye,KGZ,-0.3889767676591873
rye,KHM,-7.5
rye,KOR,3.672371245920658
rye,LAO,-7.5
rye,LBN,-0.2443409338593483
rye,LBR,-7.5
rye,LBY,-0.0
rye,LSO,-0.15846211835741997
rye,LTU,-0.0717779416590929
rye,LUX,-0.2834639996290207
rye,LVA,-0.05301727168262005
rye,MAR,-0.4094521552324295
rye,MDA,-0.09781687799841166
rye,MEX,-0.0
rye,MKD,-0.2587886154651642
rye,MLI,-0.4193896949291229
rye,MMR,-0.4378555715084076
rye,MNE,-0.033098360523581505
rye,MNG,-0.25787922739982605
rye,MOZ,7.5
rye,MRT,-7.5
rye,MWI,0.0
rye,MYS,-0.0
rye,NAM,-0.0
rye,NER,-7.5
rye,NGA,-0.43977318704128265
rye,NLD,-1.1375261321663857
rye,NOR,-0.9374628067016602
rye,NPL,-0.2873753607273102
rye,NZL,0.19616461545228958
rye,OMN,-0.499734491109848
rye,PER,7.5
rye,POL,-0.16026493161916733
rye,PRT,-0.12729746103286743
rye,PRY,-7.5
rye,PSE,-0.30676204711198807
rye,ROU,-0.1895587295293808
rye,RUS,-0.12795569747686386
rye,RWA,-7.5
rye,SAU,-0.09415735304355621
rye,SDN,-7.5
rye,SEN,-0.3393406271934509
rye,SLE,-0.42712756991386414
rye,SOM,-7.5
rye,SRB,-0.2166690081357956
rye,SSD,-7.5
rye,SUR,-0.0
rye,SVK,-0.15144861489534378
rye,SVN,-0.28494133055210114
rye,SWE,-0.6206110715866089
rye,SWZ,0.0
rye,SYR,-0.15822257101535797
rye,TCD,-0.2940988689661026
rye,TGO,-0.4177231788635254
rye,THA,-0.39931516349315643
rye,TJK,-0.33764494955539703
rye,TKM,-0.14142508804798126
rye,TUN,-0.3548355996608734
rye,TUR,-0.1882215216755867
rye,TWN,-0.37268495559692383
rye,TZA,-0.3385026156902313
rye,UGA,-0.0
rye,UKR,-0.2532676085829735
rye,URY,-0.036594562232494354
rye,USA,-0.2664693295955658
rye,UZB,-1.4878209829330444
rye,VEN,-0.0
rye,VNM,-0.0
rye,YEM,0.0
rye,ZAF,-0.34913763403892517
rye,ZMB,7.5
rye,ZWE,-7.5
sesame,AFG,-0.007229343056678772
sesame,AGO,-0.21989528834819794
sesame,ALB,-0.0
sesame,ARE,-0.0
sesame,ARG,0.21028582006692886
sesame,ARM,-0.0
sesame,AZE,1.2604698836803436
sesame,BDI,-0.04541233740746975
sesame,BEN,0.25348377972841263
sesame,BFA,-0.017195194959640503
sesame,BGD,0.059406619518995285
sesame,BGR,-0.0
sesame,BLZ,7.5
sesame,BOL,0.0039530606009066105
sesame,BRA,-0.2532143294811249
sesame,BTN,7.5
sesame,BWA,3.6384131014347076
sesame,CAF,2.0260738134384155
sesame,CHN,-0.8203828930854797
sesame,CIV,-0.5329361855983734
sesame,CMR,0.4434770196676254
sesame,COD,-0.38206900656223297
sesame,COG,-0.4043481647968292
sesame,COL,0.19613487273454666
sesame,CRI,-7.5
sesame,DOM,-1.1349989175796509
sesame,DZA,-0.0
sesame,ECU,-0.0
sesame,EGY,0.3465428352355957
sesame,ERI,-0.49634850025177
sesame,ETH,0.00836364645510912
sesame,GAB,-0.0
sesame,GHA,-0.23234015703201294
sesame,GIN,-0.5020857155323029
sesame,GMB,-0.05112464725971222
sesame,GNB,0.26348745822906494
sesame,GRC,7.5
sesame,GTM,0.4901527464389801
sesame,GUY,7.5
sesame,HND,0.10828758776187897
sesame,HTI,-0.27030911296606064
sesame,IND,-0.04323430918157101
sesame,IRN,-0.35314062237739563
sesame,IRQ,0.8829638361930847
sesame,ISR,1.6439905762672424
sesame,JOR,0.9702696800231934
sesame,KEN,0.8941224217414856
sesame,KGZ,4.523306787014008
sesame,KHM,-0.0060293819406069815
sesame,KOR,-0.19309143722057343
sesame,LAO,0.677209347486496
sesame,LBN,2.3652117252349854
sesame,LBR,-7.5
sesame,LKA,-0.03112947940826416
sesame,MAR,-0.002021874999627471
sesame,MEX,0.26014477014541626
sesame,MKD,0.3153839409351349
sesame,MLI,0.1698511764407158
sesame,MMR,-0.32866212725639343
sesame,MOZ,0.08617812767624855
sesame,MRT,-4.006954491138458
sesame,MWI,-0.31025204062461853
sesame,MYS,-0.0
sesame,NAM,0.1181874256581068
sesame,NER,-0.0
sesame,NGA,0.17503666132688522
sesame,NIC,-0.023558207787573338
sesame,NPL,0.24419613927602768
sesame,OMN,-0.0
sesame,PAK,-0.0
sesame,PER,7.5
sesame,PRY,0.5117485225200653
sesame,PSE,-0.9981091618537903
sesame,RWA,-0.09469887986779213
sesame,SAU,1.366335391998291
sesame,SDN,-0.2583083212375641
sesame,SEN,0.22297634603455663
sesame,SLE,-0.7476401031017303
sesame,SLV,0.40217337012290955
sesame,SOM,-0.28696542978286743
sesame,SSD,-0.2683248519897461
sesame,SWZ,0.1795220896601677
sesame,SYR,0.384412944316864
sesame,TCD,0.15311672911047935
sesame,TGO,0.03299016656819731
sesame,THA,-0.250899538397789
sesame,TJK,1.4365886449813843
sesame,TKM,1.2864898443222046
sesame,TUR,-0.2743477374315262
sesame,TWN,-0.0
sesame,TZA,0.36244262754917145
sesame,UGA,0.01832952629774809
sesame,URY,-0.08592738211154938
sesame,USA,7.5
sesame,UZB,1.0631713271141052
sesame,VEN,-0.37318965792655945
sesame,VNM,-0.7784456014633179
sesame,YEM,-0.6084635257720947
sesame,ZAF,-0.256177581846714
sesame,ZMB,0.06776034273207188
sesame,ZWE,-0.30205880105495453
silage-maize,AFG,-0.5459530353546143
silage-maize,AGO,-1.109889566898346
silage-maize,ALB,-0.7689596116542816
silage-maize,ARE,0.3830489218235016
silage-maize,ARG,-0.6323195695877075
silage-maize,ARM,-0.07429507002234459
silage-maize,ATG,-7.5
silage-maize,AUS,0.422625407576561
silage-maize,AUT,-0.8104564845561981
silage-maize,AZE,0.13254375010728836
silage-maize,BDI,-0.6381359398365021
silage-maize,BEL,-0.6738333404064178
silage-maize,BEN,-7.5
silage-maize,BFA,-7.5
silage-maize,BGD,0.5322410613298416
silage-maize,BGR,1.0027050375938416
silage-maize,BHS,-0.849575400352478
silage-maize,BIH,3.807917132973671
silage-maize,BLR,-3.1182391941547394
silage-maize,BLZ,-0.49235209822654724
silage-maize,BOL,-0.4005788564682007
silage-maize,BRA,-0.4932202398777008
silage-maize,BRB,-7.5
silage-maize,BRN,-7.5
silage-maize,BTN,-1.218385934829712
silage-maize,BWA,2.408513069152832
silage-maize,CAF,-1.1564192175865173
silage-maize,CAN,-1.072534203529358
silage-maize,CHE,-0.5910109430551529
silage-maize,CHL,-2.2012723684310913
silage-maize,CHN,-0.4306604862213135
silage-maize,CIV,-0.0
silage-maize,CMR,0.41954533010721207
silage-maize,COD,-0.3462420701980591
silage-maize,COG,-0.2849804759025574
silage-maize,COL,-0.5788552761077881
silage-maize,COM,0.23708001524209976
silage-maize,CPV,-0.0
silage-maize,CRI,-0.08029822632670403
silage-maize,CUB,-0.4708503633737564
silage-maize,CYP,6.968918323516846
silage-maize,CZE,1.1546036005020142
silage-maize,DEU,0.5625897198915482
silage-maize,DJI,-0.96165931224823
silage-maize,DNK,6.584723472595215
silage-maize,DOM,-0.9494009017944336
silage-maize,DZA,-0.13666945695877075
silage-maize,ECU,-0.6901985108852386
silage-maize,EGY,1.8401826620101929
silage-maize,ERI,-1.0582258701324463
silage-maize,ESP,-1.143599510192871
silage-maize,EST,-0.47340652346611023
silage-maize,ETH,-0.41442641615867615
silage-maize,FIN,-0.0
silage-maize,FJI,-1.7794199585914612
silage-maize,FRA,-0.35143420100212097
silage-maize,GAB,-1.030742347240448
silage-maize,GBR,0.796261340379715
silage-maize,GEO,-0.25794827938079834
silage-maize,GHA,-0.0
silage-maize,GIN,-0.49152234196662903
silage-maize,GMB,-0.0
silage-maize,GNB,-0.0
silage-maize,GNQ,-7.5
silage-maize,GRC,-0.7477423250675201
silage-maize,GRD,7.5
silage-maize,GTM,-0.7509736716747284
silage-maize,GUF,-2.9576374292373657
silage-maize,GUY,-0.2563372626900673
silage-maize,HND,-0.20783326774835587
silage-maize,HRV,-3.301655776798725
silage-maize,HTI,-1.168519139289856
silage-maize,HUN,0.1978745460510254
silage-maize,IDN,-0.946922779083252
silage-maize,IND,2.6709353923797607
silage-maize,IRL,-0.30151888728141785
silage-maize,IRN,-1.7692137956619263
silage-maize,IRQ,4.238125801086426
silage-maize,ISL,-0.8114319741725922
silage-maize,ISR,-7.5
silage-maize,ITA,0.5834164619445801
silage-maize,JAM,1.7610567212104797
silage-maize,JOR,1.2384448796510696
silage-maize,JPN,0.16223810613155365
silage-maize,KAZ,-0.6775930523872375
silage-maize,KEN,-0.5726515650749207
silage-maize,KGZ,-1.2703809142112732
silage-maize,KHM,-1.0311415791511536
silage-maize,KOR,-0.16286040097475052
silage-maize,LAO,3.4115204215049744
silage-maize,LBN,5.105648756027222
silage-maize,LBR,-4.306936800479889
silage-maize,LBY,-1.5141921639442444
silage-maize,LKA,-0.6237849593162537
silage-maize,LSO,-0.6504038572311401
silage-maize,LTU,0.1600586734712124
silage-maize,LUX,-0.34815260022878647
silage-maize,LVA,-0.4145698994398117
silage-maize,MAR,2.4013878107070923
silage-maize,MDA,0.2782309725880623
silage-maize,MDG,-0.4498777836561203
silage-maize,MEX,-0.5420507788658142
silage-maize,MKD,-0.05932479351758957
silage-maize,MLI,-7.5
silage-maize,MLT,-3.8315080255270004
silage-maize,MMR,4.223963260650635
silage-maize,MNE,1.7709261178970337
silage-maize,MNG,-0.9313505291938782
silage-maize,MOZ,-0.0700236577540636
silage-maize,MRT,-1.1714264154434204
silage-maize,MUS,-1.0155680179595947
silage-maize,MWI,-0.35929355025291443
silage-maize,MYS,-0.7165108919143677
silage-maize,NAM,-0.0997663214802742
silage-maize,NER,-0.0
silage-maize,NGA,-0.6147433817386627
silage-maize,NIC,-0.3473995327949524
silage-maize,NLD,1.3511061072349548
silage-maize,NOR,-0.0
silage-maize,NPL,-0.6982221007347107
silage-maize,NZL,-2.1193126440048218
silage-maize,OMN,-2.6391191482543945
silage-maize,PAK,-1.3202953338623047
silage-maize,PAN,-1.2654851078987122
silage-maize,PER,-1.4393516182899475
silage-maize,PHL,-0.3233786076307297
silage-maize,PNG,-0.3958222270011902
silage-maize,POL,-0.16073723509907722
silage-maize,PRI,-2.111472964286804
silage-maize,PRT,-0.559485673904419
silage-maize,PRY,-0.2913094311952591
silage-maize,PSE,1.2340723872184753
silage-maize,ROU,0.18604154512286186
silage-maize,RUS,-0.5378933846950531
silage-maize,RWA,-0.4920794367790222
silage-maize,SAU,-2.7125903367996216
silage-maize,SDN,-0.9331084489822388
silage-maize,SEN,-0.0
silage-maize,SLB,-4.151777297258377
silage-maize,SLE,-0.05400258209556341
silage-maize,SLV,0.902266263961792
silage-maize,SOM,-1.0517184138298035
silage-maize,SRB,0.18333883211016655
silage-maize,SSD,-1.005646526813507
silage-maize,STP,0.7902972400188446
silage-maize,SUR,-7.5
silage-maize,SVK,0.6091509498655796
silage-maize,SVN,1.3786333799362183
silage-maize,SWE,-0.0
silage-maize,SWZ,-0.4163740873336792
silage-maize,SYR,2.3473095893859863
silage-maize,TCD,-7.5
silage-maize,TGO,-0.0878865085542202
silage-maize,THA,-0.9019962251186371
silage-maize,TJK,-1.8254466652870178
silage-maize,TKM,-0.0
silage-maize,TLS,-0.22036199271678925
silage-maize,TTO,-0.8461174964904785
silage-maize,TUN,0.048728566616773605
silage-maize,TUR,2.83419668674469
silage-maize,TWN,-0.0
silage-maize,TZA,-0.4362659901380539
silage-maize,UGA,-0.4177713841199875
silage-maize,UKR,-0.5309455394744873
silage-maize,URY,-0.9940780997276306
silage-maize,USA,-1.0130183696746826
silage-maize,UZB,-1.8274964094161987
silage-maize,VEN,-0.3786574602127075
silage-maize,VNM,1.544599562883377
silage-maize,VUT,-0.2855292931199074
silage-maize,YEM,-0.7713357508182526
silage-maize,ZAF,-0.7490023970603943
silage-maize,ZMB,-0.5480837821960449
silage-maize,ZWE,0.15205835551023483
sorghum,AFG,7.5
sorghum,AGO,-0.3857855796813965
sorghum,ALB,-0.0
sorghum,ARE,-0.41429176926612854
sorghum,ARG,-0.07203181833028793
sorghum,ARM,-0.0
sorghum,AUS,0.037970516830682755
sorghum,AUT,0.2929995059967041
sorghum,AZE,-0.035955242812633514
sorghum,BDI,-0.3115513324737549
sorghum,BEL,-0.0
sorghum,BEN,-0.3028080463409424
sorghum,BFA,-0.14743147790431976
sorghum,BGD,-0.35040736198425293
sorghum,BGR,-0.1891326978802681
sorghum,BIH,3.6614796817302704
sorghum,BLR,-0.1029265858232975
sorghum,BLZ,-0.7391071319580078
sorghum,BOL,-0.07116080820560455
sorghum,BRA,-0.095484159886837
sorghum,BTN,-7.5
sorghum,BWA,-0.3433062732219696
sorghum,CAF,-0.3660978674888611
sorghum,CAN,-0.0
sorghum,CHE,7.5
sorghum,CHN,0.1875881776213646
sorghum,CIV,-0.3612359017133713
sorghum,CMR,-0.25740552693605423
sorghum,COD,-0.38471317291259766
sorghum,COG,-0.32426220178604126
sorghum,COL,-0.37003597617149353
sorghum,CRI,-0.07950154691934586
sorghum,CUB,-0.21809005737304688
sorghum,CZE,0.5812780857086182
sorghum,DEU,7.5
sorghum,DOM,-1.2890454828739166
sorghum,DZA,7.5
sorghum,ECU,-0.25762128829956055
sorghum,EGY,-0.2539205104112625
sorghum,ERI,-0.30669014155864716
sorghum,ESP,-0.3596259355545044
sorghum,EST,-0.0
sorghum,ETH,-0.4163059592247009
sorghum,FJI,-7.5
sorghum,FRA,-0.5137410908937454
sorghum,GAB,7.5
sorghum,GEO,-0.0
sorghum,GHA,-0.2773647904396057
sorghum,GIN,-0.282013475894928
sorghum,GMB,-0.3421526402235031
sorghum,GNB,-0.285830020904541
sorghum,GRC,-0.13385463319718838
sorghum,GTM,-0.20322832465171814
sorghum,GUY,-0.0
sorghum,HND,-0.3474922627210617
sorghum,HRV,3.7540229591540992
sorghum,HTI,-0.19937046617269516
sorghum,HUN,-0.026748385280370712
sorghum,IDN,-7.5
sorghum,IND,-0.22251038998365402
sorghum,IRN,-0.0
sorghum,IRQ,3.4757411181926727
sorghum,ISR,1.2401081919670105
sorghum,ITA,0.24549724906682968
sorghum,JOR,-0.31708287447690964
sorghum,KAZ,7.5
sorghum,KEN,-0.15414909273386002
sorghum,KGZ,0.20022310316562653
sorghum,KHM,-0.2987978458404541
sorghum,KOR,-0.1265517696738243
sorghum,LAO,-0.2812342196702957
sorghum,LBN,-0.035443972796201706
sorghum,LBR,-7.5
sorghum,LSO,-0.019791806116700172
sorghum,LTU,-0.0
sorghum,LUX,7.5
sorghum,LVA,-0.0
sorghum,MAR,0.39248162508010864
sorghum,MDA,0.05519875884056091
sorghum,MDG,-0.3429551124572754
sorghum,MEX,-0.42754751443862915
sorghum,MKD,7.5
sorghum,MLI,-0.18608665466308594
sorghum,MMR,-0.3525616079568863
sorghum,MNE,-0.0
sorghum,MNG,7.5
sorghum,MOZ,-0.37222079932689667
sorghum,MRT,-0.3206416070461273
sorghum,MWI,3.624995470046997
sorghum,MYS,-0.0
sorghum,NAM,-0.31874436140060425
sorghum,NER,-0.04276603274047375
sorghum,NGA,-0.2520470470190048
sorghum,NIC,0.5559400320053101
sorghum,NPL,-0.24023403227329254
sorghum,OMN,-3.8416860103607178
sorghum,PAK,-0.14418165385723114
sorghum,PAN,-3.75
sorghum,PER,7.5
sorghum,PNG,-0.004507178906351328
sorghum,POL,3.691300880163908
sorghum,PRT,7.5
sorghum,PRY,0.12068697810173035
sorghum,PSE,-0.4495824873447418
sorghum,ROU,3.739328964613378
sorghum,RUS,-0.32954663038253784
sorghum,RWA,-0.3054960072040558
sorghum,SAU,0.03003431111574173
sorghum,SDN,-0.3689967691898346
sorghum,SEN,-0.30029572546482086
sorghum,SLE,-0.33933068811893463
sorghum,SLV,-0.31656691431999207
sorghum,SOM,-0.3208412230014801
sorghum,SRB,-0.11542962118983269
sorghum,SSD,-0.2341522052884102
sorghum,SUR,-0.0
sorghum,SVK,3.7386886179447174
sorghum,SVN,-0.07556101679801941
sorghum,SWZ,-0.2442067191004753
sorghum,SYR,-0.48268458247184753
sorghum,TCD,-0.07835576683282852
sorghum,TGO,-0.2760035991668701
sorghum,THA,-0.28214600682258606
sorghum,TJK,-2.239824056625366
sorghum,TKM,7.5
sorghum,TUN,-0.22437310963869095
sorghum,TUR,7.5
sorghum,TWN,-0.33791376650333405
sorghum,TZA,-0.044952668249607086
sorghum,UGA,-0.2893783450126648
sorghum,UKR,-0.1319894976913929
sorghum,URY,-0.12806256115436554
sorghum,USA,-0.23960945010185242
sorghum,UZB,-0.462549090385437
sorghum,VEN,-0.16054381430149078
sorghum,VNM,-0.0
sorghum,YEM,-0.1968970149755478
sorghum,ZAF,-0.11401800066232681
sorghum,ZMB,-0.1791684627532959
sorghum,ZWE,1.1458341479301453
soybean,AFG,7.5
soybean,AGO,3.4587062001228333
soybean,ALB,-0.8208215236663818
soybean,ARG,-0.33520767092704773
soybean,ARM,7.5
soybean,AUS,7.5
soybean,AUT,-0.5554177165031433
soybean,AZE,0.6137561798095703
soybean,BDI,-0.7554568946361542
soybean,BEL,7.5
soybean,BEN,-0.5900979042053223
soybean,BFA,-0.622683972120285
soybean,BGD,-0.3241930902004242
soybean,BGR,-0.11685620434582233
soybean,BIH,-0.20129632204771042
soybean,BLR,3.732681952416897
soybean,BLZ,-0.6239967048168182
soybean,BOL,-0.1828826740384102
soybean,BRA,-0.41581448912620544
soybean,BTN,-0.22356413304805756
soybean,BWA,3.7227914445102215
soybean,CAF,7.5
soybean,CAN,-0.5689123868942261
soybean,CHE,-0.19606716930866241
soybean,CHN,-0.5778996646404266
soybean,CIV,7.5
soybean,CMR,-0.527259111404419
soybean,COD,-0.7646621465682983
soybean,COG,-0.677970677614212
soybean,COL,-0.3383881151676178
soybean,CRI,7.5
soybean,CUB,-0.2597934454679489
soybean,CZE,-0.3536444157361984
soybean,DEU,-0.3410405367612839
soybean,DNK,-0.0
soybean,DZA,-0.0
soybean,ECU,-0.44215238094329834
soybean,EGY,-1.0568249225616455
soybean,ERI,3.585891157388687
soybean,ESP,-0.9339151680469513
soybean,EST,-0.0
soybean,ETH,-0.43508675694465637
soybean,FRA,-0.2868245393037796
soybean,GAB,3.4412466287612915
soybean,GEO,0.08910047262907028
soybean,GHA,-0.4861416667699814
soybean,GIN,3.418147087097168
soybean,GNQ,7.5
soybean,GRC,-0.34970996528863907
soybean,GTM,3.6483919471502304
soybean,GUF,-0.0
soybean,GUY,-0.34639066457748413
soybean,HND,7.5
soybean,HRV,-0.4894620180130005
soybean,HUN,0.05981270968914032
soybean,IDN,-0.5528108775615692
soybean,IND,-0.4859195500612259
soybean,IRN,-0.9960039556026459
soybean,IRQ,-0.17536118626594543
soybean,ISR,0.05548781342804432
soybean,ITA,-0.32431821525096893
soybean,JOR,-0.0
soybean,JPN,-0.12750867009162903
soybean,KAZ,-0.03341320529580116
soybean,KEN,3.6578726395964622
soybean,KGZ,3.5921497344970703
soybean,KHM,7.5
soybean,KOR,-0.37812159955501556
soybean,LAO,0.2015276774764061
soybean,LBN,7.5
soybean,LBR,-0.7951493561267853
soybean,LKA,-0.5266967862844467
soybean,LSO,0.13362139835953712
soybean,LTU,-0.5472233891487122
soybean,LUX,-0.19219779409468174
soybean,LVA,-0.0
soybean,MAR,-1.2564772367477417
soybean,MDA,0.07307261601090431
soybean,MEX,-0.14029036462306976
soybean,MKD,0.27284328639507294
soybean,MLI,-0.7802811563014984
soybean,MMR,0.12186449766159058
soybean,MNE,-0.2371900137513876
soybean,MNG,-0.5423843860626221
soybean,MOZ,-0.5004766285419464
soybean,MWI,-0.2616247832775116
soybean,MYS,3.4658051431179047
soybean,NAM,-0.47362223267555237
soybean,NER,-0.7486032843589783
soybean,NGA,-0.6553084552288055
soybean,NIC,-1.1451199650764465
soybean,NLD,-1.399125024676323
soybean,NPL,-0.42452920973300934
soybean,PAK,7.5
soybean,PAN,-0.7993582785129547
soybean,PER,7.5
soybean,PNG,7.5
soybean,POL,3.600969761610031
soybean,PRT,3.8777204006910324
soybean,PRY,-0.28052255511283875
soybean,PSE,-0.859091579914093
soybean,ROU,-0.007609394611790776
soybean,RUS,-0.26521730422973633
soybean,RWA,-0.1860998421907425
soybean,SDN,7.5
soybean,SEN,-0.0
soybean,SLE,-0.7352128624916077
soybean,SLV,-0.4093061238527298
soybean,SRB,0.04366304725408554
soybean,SSD,7.5
soybean,SUR,-0.6104506850242615
soybean,SVK,0.22970613464713097
soybean,SVN,-0.3534921258687973
soybean,SWZ,-0.4372452199459076
soybean,SYR,-0.7148468494415283
soybean,TCD,-0.5302501916885376
soybean,TGO,-0.1560221165418625
soybean,THA,-0.23983541876077652
soybean,TJK,7.5
soybean,TKM,7.5
soybean,TLS,7.5
soybean,TUR,-0.394921213388443
soybean,TWN,-0.24632392288185656
soybean,TZA,7.5
soybean,UGA,-0.7097679376602173
soybean,UKR,-0.5886662900447845
soybean,URY,3.646162934601307
soybean,USA,-0.4769548177719116
soybean,UZB,-1.645810067653656
soybean,VEN,-0.5295026302337646
soybean,VNM,-0.6620993614196777
soybean,ZAF,-0.4563618451356888
soybean,ZMB,-0.5237040817737579
soybean,ZWE,-0.4303560256958008
sugarbeet,AFG,-1.2043443322181702
sugarbeet,ALB,-1.0075978934764862
sugarbeet,ARM,-1.4164469242095947
sugarbeet,AUT,-1.3023285865783691
sugarbeet,AZE,-0.37375180423259735
sugarbeet,BEL,-0.42101746797561646
sugarbeet,BGR,-0.6691485047340393
sugarbeet,BIH,-4.174475133419037
sugarbeet,BLR,-2.7348358929157257
sugarbeet,CAN,-0.9239768981933594
sugarbeet,CHE,-1.956023931503296
sugarbeet,CHL,-2.871661424636841
sugarbeet,CHN,-1.8212045431137085
sugarbeet,CZE,-0.4380283057689667
sugarbeet,DEU,-0.9807763993740082
sugarbeet,DNK,-0.6505759656429291
sugarbeet,DZA,7.5
sugarbeet,EGY,-1.0716776847839355
sugarbeet,ESP,-0.4407670199871063
sugarbeet,EST,-0.0
sugarbeet,FIN,-0.5051143318414688
sugarbeet,FRA,-0.3463009484112263
sugarbeet,GBR,-1.3274796605110168
sugarbeet,GEO,-1.034262865781784
sugarbeet,GRC,-0.6862908601760864
sugarbeet,HRV,-4.774401783943176
sugarbeet,HUN,-0.584995910525322
sugarbeet,IND,-0.0
sugarbeet,IRL,-0.0
sugarbeet,IRN,-2.5705199241638184
sugarbeet,IRQ,-1.8277471661567688
sugarbeet,ISR,7.5
sugarbeet,ITA,-0.23923426866531372
sugarbeet,JOR,-0.0
sugarbeet,JPN,-0.9280084073543549
sugarbeet,KAZ,-0.07419466972351074
sugarbeet,KGZ,-1.0916436314582825
sugarbeet,LBN,-1.3329898715019226
sugarbeet,LTU,-0.6079734414815903
sugarbeet,LUX,-7.5
sugarbeet,LVA,-0.8374641239643097
sugarbeet,MAR,-0.9358693063259125
sugarbeet,MDA,-0.32299163565039635
sugarbeet,MEX,-1.5403346419334412
sugarbeet,MKD,-1.4657831192016602
sugarbeet,MMR,-0.0
sugarbeet,MNE,-1.1312976479530334
sugarbeet,MNG,7.5
sugarbeet,NLD,-2.760481059551239
sugarbeet,NOR,4.024036228656769
sugarbeet,PAK,7.5
sugarbeet,POL,-0.6550037562847137
sugarbeet,PRT,0.5847891569137573
sugarbeet,PSE,3.250728487968445
sugarbeet,ROU,-0.5123040676116943
sugarbeet,RUS,-1.0215976238250732
sugarbeet,SRB,-0.8890210092067719
sugarbeet,SVK,-0.2293039858341217
sugarbeet,SVN,-0.5396068394184113
sugarbeet,SWE,-0.5283162295818329
sugarbeet,SYR,7.5
sugarbeet,TJK,7.5
sugarbeet,TKM,-1.7685662508010864
sugarbeet,TUN,-1.0169048011302948
sugarbeet,TUR,-2.0257233381271362
sugarbeet,UKR,-1.2720561027526855
sugarbeet,USA,-1.996313214302063
sugarbeet,UZB,-0.3574155122041702
sugarbeet,VNM,7.5
sugarcane,AFG,-2.3949992656707764
sugarcane,AGO,-2.2606115341186523
sugarcane,ARE,-0.0
sugarcane,ARG,-2.927295446395874
sugarcane,AUS,-3.8527770042419434
sugarcane,BDI,-2.1910054683685303
sugarcane,BEN,-2.547536611557007
sugarcane,BFA,-2.63287353515625
sugarcane,BGD,-2.576035976409912
sugarcane,BHS,-2.3660157918930054
sugarcane,BLZ,-1.9845242500305176
sugarcane,BOL,-4.803053379058838
sugarcane,BRA,-2.103720188140869
sugarcane,BRB,-0.0
sugarcane,BRN,-0.0
sugarcane,BTN,-7.5
sugarcane,BWA,-2.047506809234619
sugarcane,CAF,-2.293934941291809
sugarcane,CHN,-7.5
sugarcane,CIV,-2.394665837287903
sugarcane,CMR,-2.233152151107788
sugarcane,COD,-2.3136093616485596
sugarcane,COG,-2.3536309003829956
sugarcane,COL,-2.7655266523361206
sugarcane,CPV,-2.3767861127853394
sugarcane,CRI,-2.2228267192840576
sugarcane,CUB,-2.7152363061904907
sugarcane,DJI,-0.0
sugarcane,DOM,-3.6279057264328003
sugarcane,DZA,2.627762794494629
sugarcane,ECU,-2.44791316986084
sugarcane,EGY,-4.570237636566162
sugarcane,ERI,-2.2367587089538574
sugarcane,ETH,-4.721463918685913
sugarcane,FJI,-2.1166298389434814
sugarcane,GAB,-2.2554919719696045
sugarcane,GHA,-2.5612746477127075
sugarcane,GIN,-2.415286064147949
sugarcane,GMB,-0.0
sugarcane,GNB,-2.4332172870635986
sugarcane,GNQ,7.5
sugarcane,GRD,-7.5
sugarcane,GTM,-3.1844719648361206
sugarcane,GUF,7.5
sugarcane,GUY,-3.093653440475464
sugarcane,HND,-2.8159632682800293
sugarcane,HTI,-2.6820844411849976
sugarcane,IDN,-2.49464213848114
sugarcane,IND,-2.9078904390335083
sugarcane,IRN,-3.3052284717559814
sugarcane,IRQ,-2.2859115600585938
sugarcane,ISR,-0.0
sugarcane,JAM,-2.0053582787513733
sugarcane,JPN,-7.342668294906616
sugarcane,KEN,-2.182090401649475
sugarcane,KHM,-2.46723735332489
sugarcane,LAO,-2.553240656852722
sugarcane,LBR,-2.3199148178100586
sugarcane,LKA,-1.4503036141395569
sugarcane,LSO,-2.2442567348480225
sugarcane,MAR,-3.7259137630462646
sugarcane,MDG,-2.365809679031372
sugarcane,MEX,-2.781857490539551
sugarcane,MLI,-2.4535062313079834
sugarcane,MMR,-2.8074077367782593
sugarcane,MOZ,-2.242034435272217
sugarcane,MRT,-2.556851625442505
sugarcane,MUS,-2.893990159034729
sugarcane,MWI,-2.379712224006653
sugarcane,MYS,-3.6528178453445435
sugarcane,NAM,-2.474418520927429
sugarcane,NER,-7.149641036987305
sugarcane,NGA,-2.4635720252990723
sugarcane,NIC,-1.7803145051002502
sugarcane,NPL,-2.345479369163513
sugarcane,OMN,-2.6216957569122314
sugarcane,PAK,-2.9893369674682617
sugarcane,PAN,-2.7891409397125244
sugarcane,PER,-2.564256429672241
sugarcane,PHL,-2.7199974060058594
sugarcane,PNG,-2.514993667602539
sugarcane,PRY,-2.0175960063934326
sugarcane,PSE,-0.0
sugarcane,RWA,-4.039017677307129
sugarcane,SDN,-2.3614293336868286
sugarcane,SEN,-2.057752847671509
sugarcane,SLE,-4.981103301048279
sugarcane,SLV,-2.994246244430542
sugarcane,SOM,-2.4060962200164795
sugarcane,SSD,-2.1481828689575195
sugarcane,SUR,-2.7716208696365356
sugarcane,SWZ,-2.3311197757720947
sugarcane,TCD,-2.2066307067871094
sugarcane,TGO,2.5518370866775513
sugarcane,THA,-1.7742083072662354
sugarcane,TKM,7.5
sugarcane,TLS,-3.5254807472229004
sugarcane,TWN,-2.515976309776306
sugarcane,TZA,-2.2224148511886597
sugarcane,UGA,-3.9726401567459106
sugarcane,URY,-2.985336422920227
sugarcane,USA,-3.3077828884124756
sugarcane,VEN,-2.620065927505493
sugarcane,VNM,-2.607033133506775
sugarcane,ZAF,-2.444181442260742
sugarcane,ZMB,-2.4530463218688965
sugarcane,ZWE,-7.5
sunflower,AFG,-0.3907100409269333
sunflower,AGO,-0.5815672278404236
sunflower,ALB,-1.3797391057014465
sunflower,ARG,-0.2526269927620888
sunflower,ARM,0.18600637465715408
sunflower,AUS,7.5
sunflower,AUT,-0.2765050232410431
sunflower,AZE,-0.7297210097312927
sunflower,BDI,-0.471483513712883
sunflower,BEL,-0.014226789120584726
sunflower,BGD,3.5093695372343063
sunflower,BGR,-0.15123679488897324
sunflower,BIH,-0.07482434995472431
sunflower,BLR,-0.34340381622314453
sunflower,BOL,0.060538921505212784
sunflower,BRA,0.02767206449061632
sunflower,BTN,7.5
sunflower,BWA,-0.6161305904388428
sunflower,CAF,7.5
sunflower,CAN,-0.10964996367692947
sunflower,CHE,-1.0829975605010986
sunflower,CHL,-0.4548967331647873
sunflower,CHN,-1.3583770990371704
sunflower,COD,-0.39603152871131897
sunflower,COG,-0.6204949021339417
sunflower,COL,7.5
sunflower,CZE,-0.07470618933439255
sunflower,DEU,-0.03379371948540211
sunflower,DNK,-0.0
sunflower,DZA,0.06985711865127087
sunflower,ECU,-0.36155182123184204
sunflower,EGY,-0.2821727693080902
sunflower,ERI,-0.0
sunflower,ESP,-0.14262213557958603
sunflower,EST,-0.22408293187618256
sunflower,ETH,-0.2174220234155655
sunflower,FIN,-0.0
sunflower,FRA,-0.23280932009220123
sunflower,GEO,-0.13471709191799164
sunflower,GRC,-0.44450904428958893
sunflower,GUF,-0.0
sunflower,GUY,-0.0
sunflower,HRV,-4.031576693058014
sunflower,HUN,0.24352579191327095
sunflower,IND,-0.4486657381057739
sunflower,IRN,-0.7249370217323303
sunflower,IRQ,0.0008476960938423872
sunflower,ISR,-3.579150438308716
sunflower,ITA,-0.11440825834870338
sunflower,JOR,7.5
sunflower,KAZ,0.005368768936023116
sunflower,KEN,-0.06848088465631008
sunflower,KGZ,-0.40057210624217987
sunflower,KHM,3.4967642724514008
sunflower,LAO,3.511496290564537
sunflower,LBN,7.5
sunflower,LSO,-0.0006484836339950562
sunflower,LTU,-0.3295820951461792
sunflower,LUX,-0.3232295960187912
sunflower,LVA,3.662972442805767
sunflower,MAR,-0.9864085614681244
sunflower,MDA,0.18262390047311783
sunflower,MEX,0.04171034134924412
sunflower,MKD,-0.09966514632105827
sunflower,MMR,-0.47567033767700195
sunflower,MNE,3.7412978168576956
sunflower,MNG,-0.22436469048261642
sunflower,MOZ,0.1262819766998291
sunflower,MWI,3.529194727540016
sunflower,MYS,-0.0
sunflower,NAM,7.5
sunflower,NLD,-1.4255889654159546
sunflower,NPL,3.505016580224037
sunflower,PAK,-0.43286511301994324
sunflower,PER,-0.0
sunflower,POL,3.6938789263367653
sunflower,PRT,-0.12890511006116867
sunflower,PRY,-0.41494181752204895
sunflower,PSE,-0.03797751013189554
sunflower,ROU,0.0311263520270586
sunflower,RUS,0.09576679021120071
sunflower,RWA,-0.5448146462440491
sunflower,SDN,-0.5821000337600708
sunflower,SOM,-0.0
sunflower,SRB,0.5162687674164772
sunflower,SSD,-0.33708110451698303
sunflower,SUR,-0.0
sunflower,SVK,0.17126917466521263
sunflower,SVN,0.12417729943990707
sunflower,SWZ,-0.3236686885356903
sunflower,SYR,-0.5926309823989868
sunflower,TCD,3.471917748451233
sunflower,THA,-0.17247412353754044
sunflower,TJK,-0.36914753913879395
sunflower,TKM,-0.04008730873465538
sunflower,TUN,-0.45315341651439667
sunflower,TUR,-0.6448179483413696
sunflower,TWN,0.7094292044639587
sunflower,TZA,0.053088024258613586
sunflower,UGA,-0.48878517746925354
sunflower,UKR,-0.3559459298849106
sunflower,URY,-0.2808757424354553
sunflower,USA,-0.026120886206626892
sunflower,UZB,-0.7047165632247925
sunflower,VEN,-0.5427563786506653
sunflower,VNM,-0.0
sunflower,ZAF,-0.2704074829816818
sunflower,ZMB,-0.6159631013870239
sunflower,ZWE,-0.09929968416690826
sweet-potato,AFG,-2.991481304168701
sweet-potato,AGO,-3.585181951522827
sweet-potato,ALB,-3.1089872121810913
sweet-potato,ARE,-3.649062991142273
sweet-potato,ARG,-3.607067584991455
sweet-potato,ARM,-2.788231134414673
sweet-potato,ATG,-4.393624782562256
sweet-potato,AUS,7.5
sweet-potato,AUT,-2.7696714401245117
sweet-potato,AZE,-3.205769181251526
sweet-potato,BDI,-1.154886245727539
sweet-potato,BEL,-1.8922550082206726
sweet-potato,BEN,-1.6716280579566956
sweet-potato,BFA,-3.577608346939087
sweet-potato,BGD,-0.4940282553434372
sweet-potato,BGR,-2.9617868661880493
sweet-potato,BHS,-3.834680438041687
sweet-potato,BIH,2.076244831085205
sweet-potato,BLR,-5.288215160369873
sweet-potato,BLZ,-3.588991403579712
sweet-potato,BOL,-0.7833565473556519
sweet-potato,BRA,-2.6574018001556396
sweet-potato,BRB,-7.5
sweet-potato,BRN,-7.5
sweet-potato,BTN,7.5
sweet-potato,BWA,-0.0
sweet-potato,CAF,-3.8880326747894287
sweet-potato,CAN,-3.1307886838912964
sweet-potato,CHE,-2.1317754983901978
sweet-potato,CHL,-7.5
sweet-potato,CHN,-7.5
sweet-potato,CIV,-0.5126045346260071
sweet-potato,CMR,-3.449243664741516
sweet-potato,COD,-3.6700280904769897
sweet-potato,COG,-3.4940396547317505
sweet-potato,COL,-3.2648855447769165
sweet-potato,COM,-3.7716764211654663
sweet-potato,CPV,-7.5
sweet-potato,CRI,3.1104167103767395
sweet-potato,CUB,-3.439860701560974
sweet-potato,CYP,-5.021605491638184
sweet-potato,CZE,-2.366992712020874
sweet-potato,DEU,-1.8211749792099
sweet-potato,DNK,-2.005644142627716
sweet-potato,DOM,-2.865404725074768
sweet-potato,DZA,-3.411538243293762
sweet-potato,ECU,-0.09098181501030922
sweet-potato,EGY,-3.0893858671188354
sweet-potato,ERI,1.7972681522369385
sweet-potato,ESP,-7.5
sweet-potato,EST,-2.649698257446289
sweet-potato,ETH,-3.2210209369659424
sweet-potato,FIN,-2.8535757064819336
sweet-potato,FJI,-5.395676851272583
sweet-potato,FRA,-2.077544927597046
sweet-potato,GAB,-3.842819333076477
sweet-potato,GBR,-2.554412364959717
sweet-potato,GEO,-3.247901439666748
sweet-potato,GHA,-0.5762841701507568
sweet-potato,GIN,0.10046708583831787
sweet-potato,GMB,2.3163310289382935
sweet-potato,GNB,-3.669493317604065
sweet-potato,GNQ,-3.7239543199539185
sweet-potato,GRC,-3.1707807779312134
sweet-potato,GRD,-7.5
sweet-potato,GTM,-3.445082664489746
sweet-potato,GUF,-3.1845085620880127
sweet-potato,GUY,0.0
sweet-potato,HND,-2.13531231880188
sweet-potato,HRV,-5.523629069328308
sweet-potato,HTI,-3.5629395246505737
sweet-potato,HUN,-2.837160587310791
sweet-potato,IDN,-3.1120890378952026
sweet-potato,IND,-2.3558448553085327
sweet-potato,IRL,-2.18332040309906
sweet-potato,IRN,-2.7769789695739746
sweet-potato,IRQ,-2.4361369609832764
sweet-potato,ISR,-7.5
sweet-potato,ITA,-3.0176703929901123
sweet-potato,JAM,-7.5
sweet-potato,JOR,-2.8783689737319946
sweet-potato,JPN,-7.5
sweet-potato,KAZ,-3.080320954322815
sweet-potato,KEN,-3.0489413738250732
sweet-potato,KGZ,-3.2061784267425537
sweet-potato,KHM,-3.3027971982955933
sweet-potato,KOR,-2.6373579502105713
sweet-potato,LAO,-2.7440165281295776
sweet-potato,LBN,-2.615263342857361
sweet-potato,LBR,-3.3613839149475098
sweet-potato,LBY,-3.7758915424346924
sweet-potato,LKA,-2.0648313760757446
sweet-potato,LSO,-3.0532684326171875
sweet-potato,LTU,-3.09972608089447
sweet-potato,LUX,-7.5
sweet-potato,LVA,-5.496835470199585
sweet-potato,MAR,-3.4940578937530518
sweet-potato,MDA,-3.43065869808197
sweet-potato,MDG,-3.6091474294662476
sweet-potato,MEX,-3.902458429336548
sweet-potato,MKD,-3.145975947380066
sweet-potato,MLI,-2.8163199424743652
sweet-potato,MLT,-7.5
sweet-potato,MMR,-3.0209598541259766
sweet-potato,MNE,-7.5
sweet-potato,MNG,-7.5
sweet-potato,MOZ,-1.972612738609314
sweet-potato,MRT,-3.715275764465332
sweet-potato,MUS,-6.8524439334869385
sweet-potato,MWI,1.3397760391235352
sweet-potato,MYS,1.151695728302002
sweet-potato,NAM,-3.2582995891571045
sweet-potato,NER,-4.291493654251099
sweet-potato,NGA,-3.791465997695923
sweet-potato,NIC,-3.262352228164673
sweet-potato,NLD,-3.2518497705459595
sweet-potato,NOR,-3.113360643386841
sweet-potato,NPL,-3.111382484436035
sweet-potato,NZL,-7.5
sweet-potato,OMN,-4.5145721435546875
sweet-potato,PAK,-1.847341001033783
sweet-potato,PAN,7.5
sweet-potato,PER,-2.610260486602783
sweet-potato,PHL,-1.660018265247345
sweet-potato,PNG,-3.4831502437591553
sweet-potato,POL,-2.6066991090774536
sweet-potato,PRI,-7.470506429672241
sweet-potato,PRT,-7.5
sweet-potato,PRY,-1.5615668296813965
sweet-potato,PSE,-5.14756453037262
sweet-potato,ROU,-5.4820860624313354
sweet-potato,RUS,-3.5473763942718506
sweet-potato,RWA,-0.988694965839386
sweet-potato,SAU,-3.3574907779693604
sweet-potato,SDN,-3.1750028133392334
sweet-potato,SEN,-7.5
sweet-potato,SLB,-2.6920069456100464
sweet-potato,SLE,-2.7014410495758057
sweet-potato,SLV,2.208701014518738
sweet-potato,SOM,-3.424206018447876
sweet-potato,SRB,-5.28056788444519
sweet-potato,SSD,-3.2521591186523438
sweet-potato,SUR,-7.5
sweet-potato,SVK,-3.0019031763076782
sweet-potato,SVN,-2.6451070308685303
sweet-potato,SWE,-7.5
sweet-potato,SWZ,-3.8405145406723022
sweet-potato,SYR,-7.5
sweet-potato,TCD,-1.3812631368637085
sweet-potato,TGO,-0.7280266284942627
sweet-potato,THA,-2.6350202560424805
sweet-potato,TJK,-3.35904324054718
sweet-potato,TKM,-3.182462215423584
sweet-potato,TLS,-1.3496941924095154
sweet-potato,TTO,-4.88200831413269
sweet-potato,TUN,-3.6494535207748413
sweet-potato,TUR,-2.4553325176239014
sweet-potato,TWN,-2.2569936513900757
sweet-potato,TZA,-0.3450608253479004
sweet-potato,UGA,-3.6522566080093384
sweet-potato,UKR,-3.5406229496002197
sweet-potato,URY,-4.44181489944458
sweet-potato,USA,-7.5
sweet-potato,UZB,-2.979503870010376
sweet-potato,VEN,-3.035693883895874
sweet-potato,VNM,-3.322144031524658
sweet-potato,YEM,-3.182049036026001
sweet-potato,ZAF,0.010076929116621614
sweet-potato,ZMB,-0.6191108822822571
sweet-potato,ZWE,-1.8029688000679016
tea,AGO,7.5
tea,ALB,-7.5
tea,ARG,-0.0
tea,AZE,-0.14240926504135132
tea,BDI,1.6273032426834106
tea,BGD,3.6281129717826843
tea,BLZ,2.517176032066345
tea,BOL,7.5
tea,BRA,0.827144205570221
tea,BRN,-0.0
tea,BTN,5.566664338111877
tea,CAF,-0.0
tea,CHN,-7.5
tea,CMR,5.143539905548096
tea,COD,-2.9616620540618896
tea,COG,7.5
tea,COL,3.5287690460681915
tea,ECU,-7.5
tea,ETH,1.9338017702102661
tea,GAB,4.382160842418671
tea,GEO,-7.5
tea,GNQ,7.5
tea,GRC,-4.8551026582717896
tea,GTM,-2.6757558584213257
tea,GUF,-0.0
tea,GUY,-0.0
tea,HND,-1.4173126518726349
tea,HRV,-0.0
tea,IDN,1.1121798157691956
tea,IND,4.76775598526001
tea,IRN,-0.16389329731464386
tea,JPN,-7.5
tea,KEN,-7.5
tea,KHM,-0.8953048884868622
tea,KOR,3.685037136077881
tea,LAO,-0.4491804391145706
tea,LKA,0.1895964965224266
tea,MDG,-2.7880903482437134
tea,MEX,-2.3043628931045532
tea,MMR,-2.076655149459839
tea,MNE,-4.899228096008301
tea,MOZ,-2.1480724811553955
tea,MUS,-0.6286439299583435
tea,MWI,5.505118370056152
tea,MYS,0.35817450284957886
tea,NGA,-0.0
tea,NPL,4.631393909454346
tea,PAN,-0.0
tea,PER,0.8946424722671509
tea,PNG,1.734197199344635
tea,PRY,-0.21343832463026047
tea,RUS,-5.191735744476318
tea,RWA,1.7718572616577148
tea,SLV,-1.5329598784446716
tea,SSD,-7.5
tea,SUR,-0.0
tea,SWZ,-0.0
tea,THA,-1.6765615344047546
tea,TLS,3.09545236825943
tea,TUR,-4.504430770874023
tea,TWN,-0.5654058009386063
tea,TZA,1.1639195680618286
tea,UGA,6.562600135803223
tea,URY,1.8918108940124512
tea,VEN,-0.0
tea,VNM,3.459063410758972
tea,ZAF,-1.6958374977111816
tea,ZMB,-1.5402143001556396
tea,ZWE,1.4495381116867065
tomato,AFG,-7.5
tomato,AGO,-7.5
tomato,ALB,-7.5
tomato,ARE,-4.351457417011261
tomato,ARG,-7.5
tomato,ARM,-1.6811978816986084
tomato,ATG,7.5
tomato,AUS,-7.5
tomato,AUT,-7.5
tomato,AZE,-7.172878265380859
tomato,BDI,-7.5
tomato,BEL,0.0
tomato,BEN,-1.7287596464157104
tomato,BFA,-7.5
tomato,BGD,-0.11243201047182083
tomato,BGR,-7.3642494678497314
tomato,BHS,-1.7473015785217285
tomato,BIH,-2.7831421606242657
tomato,BLR,-7.5
tomato,BLZ,-7.033639430999756
tomato,BOL,-0.7002880573272705
tomato,BRA,-7.5
tomato,BRB,-7.5
tomato,BRN,-7.5
tomato,BTN,0.6246561408042908
tomato,BWA,-7.5
tomato,CAF,-7.5
tomato,CAN,-3.9658260345458984
tomato,CHE,-7.5
tomato,CHL,-7.5
tomato,CHN,-7.5
tomato,CIV,-3.829359531402588
tomato,CMR,-7.5
tomato,COD,-7.5
tomato,COG,-7.5
tomato,COL,7.5
tomato,COM,-7.5
tomato,CPV,-7.5
tomato,CRI,-7.5
tomato,CUB,-7.5
tomato,CYP,-7.5
tomato,CZE,-7.5
tomato,DEU,-7.5
tomato,DJI,-7.5
tomato,DNK,0.0
tomato,DOM,0.576483964920044
tomato,DZA,-7.5
tomato,ECU,-7.163890600204468
tomato,EGY,-1.0723469257354736
tomato,ERI,7.5
tomato,ESP,1.816087245941162
tomato,EST,7.5
tomato,ETH,-1.1886597871780396
tomato,FIN,7.5
tomato,FJI,-7.271140813827515
tomato,FRA,-7.5
tomato,GAB,-7.5
tomato,GBR,0.0
tomato,GEO,-2.033495247364044
tomato,GHA,-4.714937925338745
tomato,GIN,-7.5
tomato,GMB,-7.5
tomato,GNB,-0.0
tomato,GNQ,7.5
tomato,GRC,-7.5
tomato,GRD,-7.5
tomato,GTM,-7.5
tomato,GUF,-0.0
tomato,GUY,-7.5
tomato,HND,-7.5
tomato,HRV,-7.5
tomato,HTI,-7.5
tomato,HUN,-7.5
tomato,IDN,-5.740434885025024
tomato,IND,-7.5
tomato,IRN,-0.0
tomato,IRQ,-0.3281639590859413
tomato,ISR,-7.5
tomato,ITA,0.0
tomato,JAM,-7.5
tomato,JOR,4.5468748807907104
tomato,JPN,-7.5
tomato,KAZ,-7.5
tomato,KEN,-3.5752819776535034
tomato,KGZ,-7.05541467666626
tomato,KHM,7.5
tomato,KOR,-5.570228695869446
tomato,LAO,-7.5
tomato,LBN,-7.5
tomato,LBR,-7.5
tomato,LBY,-7.5
tomato,LKA,-3.257830858230591
tomato,LSO,1.2160029411315918
tomato,LTU,-7.5
tomato,LUX,7.5
tomato,LVA,-7.033628463745117
tomato,MAR,-0.5696110725402832
tomato,MDA,1.8539934754371643
tomato,MDG,-7.5
tomato,MEX,-7.5
tomato,MKD,-5.1877981424331665
tomato,MLI,-6.900997638702393
tomato,MLT,-7.5
tomato,MMR,-5.827418804168701
tomato,MNE,-7.5
tomato,MNG,-7.5
tomato,MOZ,-7.5
tomato,MUS,-7.5
tomato,MWI,-4.883017539978027
tomato,MYS,0.0
tomato,NAM,-7.5
tomato,NER,-2.048211693763733
tomato,NGA,-7.5
tomato,NIC,-7.5
tomato,NLD,0.0
tomato,NOR,7.5
tomato,NPL,-7.5
tomato,NZL,-5.08260703086853
tomato,OMN,-7.5
tomato,PAK,-1.329372525215149
tomato,PAN,-7.5
tomato,PER,7.5
tomato,PHL,-2.94561505317688
tomato,PNG,-7.5
tomato,POL,-7.5
tomato,PRI,-7.5
tomato,PRT,-7.5
tomato,PRY,-7.5
tomato,PSE,-7.5
tomato,ROU,-6.700749635696411
tomato,RUS,-7.5
tomato,RWA,-3.026365041732788
tomato,SAU,-7.5
tomato,SDN,-7.5
tomato,SEN,-2.96105420589447
tomato,SLE,-7.5
tomato,SLV,-7.48718523979187
tomato,SOM,-7.5
tomato,SRB,-1.700642317533493
tomato,SSD,-7.5
tomato,SUR,-7.5
tomato,SVK,-7.5
tomato,SVN,-7.5
tomato,SWE,-7.5
tomato,SWZ,-7.5
tomato,SYR,-7.5
tomato,TCD,-7.5
tomato,TGO,-0.10077914595603943
tomato,THA,-4.033081293106079
tomato,TJK,-7.5
tomato,TKM,-7.5
tomato,TLS,-1.8977011442184448
tomato,TTO,-7.5
tomato,TUN,4.3124167919158936
tomato,TUR,-3.372711420059204
tomato,TWN,-7.5
tomato,TZA,-0.506649062037468
tomato,UGA,0.0
tomato,UKR,7.5
tomato,URY,-7.5
tomato,USA,-7.5
tomato,UZB,-7.5
tomato,VEN,-7.5
tomato,VNM,-7.5
tomato,YEM,-5.577365398406982
tomato,ZAF,-7.5
tomato,ZMB,-2.5115773677825928
tomato,ZWE,-4.035153865814209
watermelon,AFG,-2.236729621887207
watermelon,AGO,-0.0
watermelon,ALB,2.384539842605591
watermelon,ARG,4.238251209259033
watermelon,ATG,-4.5299530029296875
watermelon,AUS,-7.5
watermelon,AZE,5.3073410987854
watermelon,BDI,-0.0
watermelon,BEN,-0.0
watermelon,BFA,-0.0
watermelon,BGD,-0.0
watermelon,BGR,-0.0
watermelon,BHS,-0.0
watermelon,BIH,-2.6429327726364136
watermelon,BLZ,-2.3515089862048626
watermelon,BOL,0.7415351271629333
watermelon,BRA,3.2708752155303955
watermelon,BRB,-0.0
watermelon,BTN,-0.0
watermelon,BWA,-0.615912415087223
watermelon,CAF,-0.0
watermelon,CHL,-0.8589187860488892
watermelon,CHN,-7.44974160194397
watermelon,CIV,-0.0
watermelon,CMR,-4.982077598571777
watermelon,COD,-0.0
watermelon,COG,-0.0
watermelon,COL,2.2098357677459717
watermelon,COM,-0.0
watermelon,CPV,-7.5
watermelon,CRI,0.2794278636574745
watermelon,CUB,-2.3378288745880127
watermelon,CYP,-4.076464414596558
watermelon,DOM,-7.5
watermelon,DZA,-0.6453738212585449
watermelon,ECU,-2.0786582827568054
watermelon,EGY,-1.561140537261963
watermelon,ERI,-0.0
watermelon,ESP,-7.5
watermelon,ETH,-0.0
watermelon,FJI,-7.5
watermelon,FRA,0.3782820850610733
watermelon,GAB,-0.0
watermelon,GEO,-1.0497099459171295
watermelon,GHA,-0.0
watermelon,GIN,-5.200958728790283
watermelon,GMB,-0.0
watermelon,GNB,-0.0
watermelon,GRC,-0.9907316565513611
watermelon,GTM,0.05109880864620209
watermelon,GUF,-0.0
watermelon,GUY,-7.5
watermelon,HND,-7.5
watermelon,HRV,-2.994636058807373
watermelon,HTI,-0.0
watermelon,IDN,1.7590585350990295
watermelon,IND,-1.798515796661377
watermelon,IRN,4.41841983795166
watermelon,IRQ,-0.0
watermelon,ISR,-0.8636201024055481
watermelon,ITA,2.4583151638507843
watermelon,JAM,-7.5
watermelon,JOR,-4.554644823074341
watermelon,JPN,-7.5
watermelon,KEN,3.1792982816696167
watermelon,KGZ,-4.042240619659424
watermelon,KHM,-0.0
watermelon,LAO,-2.5215246081352234
watermelon,LBN,-7.5
watermelon,LBR,-0.0
watermelon,LBY,0.7576630115509033
watermelon,LKA,-0.0
watermelon,LSO,-0.0
watermelon,MAR,-1.6146932244300842
watermelon,MDG,-0.0
watermelon,MEX,0.015563325956463814
watermelon,MKD,4.358497142791748
watermelon,MLI,2.9262337684631348
watermelon,MLT,-7.5
watermelon,MMR,-0.0
watermelon,MNE,-0.27781975269317627
watermelon,MOZ,-0.0
watermelon,MRT,-4.701624870300293
watermelon,MUS,-0.0
watermelon,MWI,-0.10165491700172424
watermelon,MYS,2.9730932414531708
watermelon,NAM,-2.3994698524475098
watermelon,NER,-7.5
watermelon,NGA,-0.0
watermelon,NIC,-0.0
watermelon,NPL,-0.0
watermelon,OMN,7.5
watermelon,PAK,1.0031843185424805
watermelon,PER,7.322524070739746
watermelon,PHL,0.35256873071193695
watermelon,PNG,-0.0
watermelon,PRI,-4.750716209411621
watermelon,PRT,-5.802447080612183
watermelon,PRY,2.6748673915863037
watermelon,PSE,-7.5
watermelon,RUS,-0.0
watermelon,RWA,-0.0
watermelon,SAU,-1.1366316080093384
watermelon,SDN,-2.684457778930664
watermelon,SEN,2.826176881790161
watermelon,SLE,-0.0
watermelon,SLV,4.158967137336731
watermelon,SOM,-2.646620512008667
watermelon,SSD,-0.0
watermelon,SUR,-6.3321332931518555
watermelon,SVN,-2.0189093351364136
watermelon,SWZ,-0.0
watermelon,SYR,0.6365787982940674
watermelon,TCD,-0.0
watermelon,TGO,-0.0
watermelon,THA,-5.580639362335205
watermelon,TJK,-3.1726510524749756
watermelon,TKM,0.8908295631408691
watermelon,TLS,-0.0
watermelon,TTO,-0.32425180822610855
watermelon,TUN,-5.495637893676758
watermelon,TUR,1.4131667613983154
watermelon,TZA,-5.102938413619995
watermelon,UGA,-0.0
watermelon,UKR,-0.0
watermelon,URY,1.2808747291564941
watermelon,USA,-0.005380778573453426
watermelon,UZB,-0.0
watermelon,VEN,0.20445770770311356
watermelon,VNM,-0.3286705017089844
watermelon,VUT,-0.0
watermelon,YEM,1.0445096790790558
watermelon,ZAF,7.5
watermelon,ZMB,-0.0
watermelon,ZWE,7.5
wetland-rice,AFG,-1.0582362413406372
wetland-rice,AGO,-1.5225110054016113
wetland-rice,ALB,-0.0
wetland-rice,ARG,-1.0432921051979065
wetland-rice,ARM,-0.0
wetland-rice,AUS,7.5
wetland-rice,AZE,-2.6865283250808716
wetland-rice,BDI,-0.40048007667064667
wetland-rice,BEN,-1.279101550579071
wetland-rice,BFA,-1.3955118060112
wetland-rice,BGD,-0.38371026515960693
wetland-rice,BGR,-1.546017050743103
wetland-rice,BLZ,-1.6262128353118896
wetland-rice,BOL,-0.569519579410553
wetland-rice,BRA,-0.9572996497154236
wetland-rice,BRN,-1.447831630706787
wetland-rice,BTN,-1.5429514646530151
wetland-rice,BWA,-0.0
wetland-rice,CAF,-1.5060330629348755
wetland-rice,CAN,-0.0
wetland-rice,CHE,-0.0
wetland-rice,CHL,-0.842654287815094
wetland-rice,CHN,-1.8407266736030579
wetland-rice,CIV,-0.24058622866868973
wetland-rice,CMR,-1.4238609671592712
wetland-rice,COD,-1.6142652034759521
wetland-rice,COG,-1.6039219498634338
wetland-rice,COL,-1.3615449666976929
wetland-rice,COM,-1.6483958959579468
wetland-rice,CRI,-1.3337048888206482
wetland-rice,CUB,-1.2416383028030396
wetland-rice,DOM,-1.563383162021637
wetland-rice,DZA,-1.4745854139328003
wetland-rice,ECU,3.5264336317777634
wetland-rice,EGY,-1.5972850322723389
wetland-rice,ERI,3.124203622341156
wetland-rice,ESP,-1.9170643091201782
wetland-rice,ETH,-0.8246200978755951
wetland-rice,FJI,-0.8034463226795197
wetland-rice,FRA,-1.008780837059021
wetland-rice,GAB,-1.481884479522705
wetland-rice,GEO,-1.189836859703064
wetland-rice,GHA,-0.5096826404333115
wetland-rice,GIN,-0.6421469449996948
wetland-rice,GMB,-0.3856751322746277
wetland-rice,GNB,-1.4540771842002869
wetland-rice,GNQ,7.5
wetland-rice,GRC,-1.2220502197742462
wetland-rice,GTM,-1.5040563344955444
wetland-rice,GUF,-1.2997381687164307
wetland-rice,GUY,-1.3134167194366455
wetland-rice,HND,-1.4283455610275269
wetland-rice,HRV,-0.0
wetland-rice,HTI,-1.4401824474334717
wetland-rice,HUN,-0.3570344150066376
wetland-rice,IDN,-1.4659154415130615
wetland-rice,IND,-1.1319772005081177
wetland-rice,IRN,-3.849668860435486
wetland-rice,IRQ,-1.6059154272079468
wetland-rice,ISR,4.144548088312149
wetland-rice,ITA,-2.2712059020996094
wetland-rice,JPN,-3.611562132835388
wetland-rice,KAZ,-0.3823383003473282
wetland-rice,KEN,-1.541938304901123
wetland-rice,KGZ,-3.0953497886657715
wetland-rice,KHM,-1.3688012957572937
wetland-rice,KOR,-6.378437042236328
wetland-rice,LAO,-1.3168928623199463
wetland-rice,LBR,-1.5632392168045044
wetland-rice,LBY,-0.0
wetland-rice,LKA,-0.45368821918964386
wetland-rice,LSO,-0.0
wetland-rice,MAR,-1.6823723912239075
wetland-rice,MDA,3.2308269739151
wetland-rice,MDG,-0.4312666058540344
wetland-rice,MEX,-0.8550347089767456
wetland-rice,MKD,-1.3513579964637756
wetland-rice,MLI,-0.5342364311218262
wetland-rice,MMR,-1.4141361713409424
wetland-rice,MOZ,-0.3914317786693573
wetland-rice,MRT,-1.1339415311813354
wetland-rice,MUS,7.5
wetland-rice,MWI,-1.1871339082717896
wetland-rice,MYS,-0.5202810913324356
wetland-rice,NAM,-1.4451013207435608
wetland-rice,NER,-1.3752962946891785
wetland-rice,NGA,-0.4273674786090851
wetland-rice,NIC,0.19374781101942062
wetland-rice,NPL,-0.3927568197250366
wetland-rice,PAK,-1.4674545526504517
wetland-rice,PAN,-1.1009567379951477
wetland-rice,PER,-0.5344152450561523
wetland-rice,PHL,-0.8369686901569366
wetland-rice,PNG,-1.5081619024276733
wetland-rice,PRI,-2.6146295070648193
wetland-rice,PRT,-1.2707691192626953
wetland-rice,PRY,-0.6903406381607056
wetland-rice,PSE,-1.0194180011749268
wetland-rice,ROU,-1.4264792203903198
wetland-rice,RUS,-1.2367751598358154
wetland-rice,RWA,-2.051332175731659
wetland-rice,SAU,7.5
wetland-rice,SDN,-1.0677176117897034
wetland-rice,SEN,-0.24416597187519073
wetland-rice,SLB,3.004977524280548
wetland-rice,SLE,-0.38811109960079193
wetland-rice,SLV,2.9875736236572266
wetland-rice,SOM,-1.4217603206634521
wetland-rice,SRB,3.153924584388733
wetland-rice,SSD,-1.4808301329612732
wetland-rice,SUR,-0.3039000630378723
wetland-rice,SVK,-0.0
wetland-rice,SVN,-0.0
wetland-rice,SWZ,7.5
wetland-rice,SYR,-0.9950990080833435
wetland-rice,TCD,-0.8432789444923401
wetland-rice,TGO,-0.281184583902359
wetland-rice,THA,3.468246728181839
wetland-rice,TJK,-4.197108745574951
wetland-rice,TKM,-1.0715327262878418
wetland-rice,TLS,-1.9446147680282593
wetland-rice,TTO,-0.18453606218099594
wetland-rice,TUN,-0.0
wetland-rice,TUR,-2.7684638500213623
wetland-rice,TWN,7.5
wetland-rice,TZA,3.667255900800228
wetland-rice,UGA,-1.4903210401535034
wetland-rice,UKR,-2.210955262184143
wetland-rice,URY,-0.7766211926937103
wetland-rice,USA,-1.5544260740280151
wetland-rice,UZB,-5.107761383056641
wetland-rice,VEN,-1.1870425343513489
wetland-rice,VNM,-1.0802343487739563
wetland-rice,YEM,-0.0
wetland-rice,ZAF,7.5
wetland-rice,ZMB,-1.1651942729949951
wetland-rice,ZWE,1.7033933401107788
wheat,AFG,-0.5916197597980499
wheat,AGO,-0.7302972078323364
wheat,ALB,-0.7585620284080505
wheat,ARE,3.5163352340459824
wheat,ARG,-0.5680318474769592
wheat,ARM,-0.2605568915605545
wheat,AUS,-0.2562595158815384
wheat,AUT,-0.6151733696460724
wheat,AZE,-0.28765812516212463
wheat,BDI,3.3869115710258484
wheat,BEL,-0.40713876485824585
wheat,BGD,3.58440825343132
wheat,BGR,3.6494086608290672
wheat,BIH,-3.2161993384361267
wheat,BLR,-2.6857740432024
wheat,BOL,-0.2444416657090187
wheat,BRA,-0.2627384066581726
wheat,BTN,0.548068642616272
wheat,BWA,-0.5954941511154175
wheat,CAN,-0.45913562178611755
wheat,CHE,-1.6391881108283997
wheat,CHL,-0.7877497971057892
wheat,CHN,-1.3636367321014404
wheat,CMR,7.5
wheat,COD,7.5
wheat,COL,-0.819291889667511
wheat,CYP,0.08321640640497208
wheat,CZE,-0.33091267943382263
wheat,DEU,-0.4600220173597336
wheat,DNK,-0.5641860961914062
wheat,DZA,-0.5416160821914673
wheat,ECU,-0.47544555366039276
wheat,EGY,-0.9762225151062012
wheat,ERI,-0.7273737788200378
wheat,ESP,-0.2989618480205536
wheat,EST,-0.21750102937221527
wheat,ETH,-0.4958762526512146
wheat,FIN,3.5916828215122223
wheat,FRA,-0.5119287222623825
wheat,GBR,-0.9310316145420074
wheat,GEO,-0.24827968329191208
wheat,GRC,-0.42400673031806946
wheat,GTM,7.5
wheat,HND,-0.7741850316524506
wheat,HRV,-4.0960260927677155
wheat,HUN,-0.16242990642786026
wheat,IND,-0.2455577254295349
wheat,IRL,-0.5527787357568741
wheat,IRN,-0.5828824043273926
wheat,IRQ,-0.6289903223514557
wheat,ISR,0.5080079585313797
wheat,ITA,-0.5996667742729187
wheat,JOR,-0.7331087589263916
wheat,JPN,2.729729652404785
wheat,KAZ,-0.14628866314888
wheat,KEN,-0.6074607372283936
wheat,KGZ,-0.36147361993789673
wheat,KOR,0.05770327802747488
wheat,LAO,-0.0
wheat,LBN,-0.4653283506631851
wheat,LBY,-0.9921844005584717
wheat,LSO,0.017202906659804285
wheat,LTU,-0.3728308081626892
wheat,LUX,-0.3431629091501236
wheat,LVA,-0.29288020730018616
wheat,MAR,-0.6141791641712189
wheat,MDA,-0.04955792985856533
wheat,MDG,-0.5530733466148376
wheat,MEX,-0.9047493934631348
wheat,MKD,-0.2082645520567894
wheat,MLI,-0.38347989320755005
wheat,MLT,-0.16364920139312744
wheat,MMR,-0.6490445733070374
wheat,MNE,-0.19723283499479294
wheat,MNG,-0.1101079136133194
wheat,MOZ,-0.4222792237997055
wheat,MRT,-0.37984052300453186
wheat,MWI,3.420558214187622
wheat,NAM,-1.218066930770874
wheat,NER,-0.2427532970905304
wheat,NGA,-0.6371226906776428
wheat,NIC,7.5
wheat,NLD,-1.5547242164611816
wheat,NOR,-1.2402644157409668
wheat,NPL,-0.38316571712493896
wheat,NZL,-1.332449197769165
wheat,OMN,-2.0383220314979553
wheat,PAK,-0.45595213770866394
wheat,PER,-0.17417218536138535
wheat,POL,-0.42997385561466217
wheat,PRT,3.6434822231531143
wheat,PRY,-0.12182673066854477
wheat,PSE,-0.7683111727237701
wheat,ROU,-0.35448627173900604
wheat,RUS,-0.27971675992012024
wheat,RWA,-0.40362687408924103
wheat,SAU,-2.3874313831329346
wheat,SDN,-0.6213796734809875
wheat,SLV,-0.0
wheat,SOM,-0.7221426367759705
wheat,SRB,-0.09971737116575241
wheat,SSD,3.5533391386270523
wheat,SVK,-0.2929636836051941
wheat,SVN,-0.27908505499362946
wheat,SWE,-0.885352611541748
wheat,SWZ,-0.455303430557251
wheat,SYR,-0.5449173450469971
wheat,TCD,-0.6017308831214905
wheat,THA,7.5
wheat,TJK,-0.44561363756656647
wheat,TKM,-0.503844141960144
wheat,TUN,-0.30292434990406036
wheat,TUR,0.024500127881765366
wheat,TWN,-0.39170079678297043
wheat,TZA,7.5
wheat,UGA,7.5
wheat,UKR,-0.3814086318016052
wheat,URY,-0.15273630991578102
wheat,USA,-0.2900058180093765
wheat,UZB,-0.7910235524177551
wheat,VEN,7.5
wheat,VNM,7.5
wheat,YEM,-0.5933213829994202
wheat,ZAF,-0.33048054575920105
wheat,ZMB,0.2674189507961273
wheat,ZWE,2.1188793182373047
white-potato,AFG,-6.2039289474487305
white-potato,AGO,-6.812983989715576
white-potato,ALB,-7.193566799163818
white-potato,ARE,-6.7074501514434814
white-potato,ARG,-7.5
white-potato,ARM,-3.554440140724182
white-potato,ATG,-7.5
white-potato,AUS,7.5
white-potato,AUT,-5.0096659660339355
white-potato,AZE,-3.839686155319214
white-potato,BDI,-2.4704800844192505
white-potato,BEL,-3.9102171659469604
white-potato,BEN,0.0
white-potato,BFA,-6.999475479125977
white-potato,BGD,-2.2771410942077637
white-potato,BGR,-2.476264715194702
white-potato,BHS,-7.2853593826293945
white-potato,BIH,-2.70338773727417
white-potato,BLR,-3.334434151649475
white-potato,BLZ,-6.7089715003967285
white-potato,BOL,-1.3786070346832275
white-potato,BRA,-7.5
white-potato,BRB,-6.029715061187744
white-potato,BRN,-7.5
white-potato,BTN,-3.935456395149231
white-potato,BWA,-7.5
white-potato,CAF,-7.5
white-potato,CAN,-6.068249940872192
white-potato,CHE,-7.5
white-potato,CHL,-7.016303539276123
white-potato,CHN,-4.175087928771973
white-potato,CIV,-7.16327428817749
white-potato,CMR,-6.721043825149536
white-potato,COD,-6.9966535568237305
white-potato,COG,-6.779692649841309
white-potato,COL,-4.735999345779419
white-potato,COM,-7.287024259567261
white-potato,CPV,-7.5
white-potato,CRI,-7.5
white-potato,CUB,-6.027884483337402
white-potato,CYP,-6.920083045959473
white-potato,CZE,-4.04978084564209
white-potato,DEU,-5.107099771499634
white-potato,DNK,-7.5
white-potato,DOM,-7.5
white-potato,DZA,-7.5
white-potato,ECU,-3.019002914428711
white-potato,EGY,-4.975431442260742
white-potato,ERI,-7.1930341720581055
white-potato,ESP,-7.5
white-potato,EST,-2.576047897338867
white-potato,ETH,-0.9408437013626099
white-potato,FIN,-3.6806857585906982
white-potato,FRA,-7.5
white-potato,GAB,-7.145783424377441
white-potato,GBR,-6.992591142654419
white-potato,GEO,-1.8017622232437134
white-potato,GHA,-7.1564788818359375
white-potato,GIN,-6.863275766372681
white-potato,GMB,0.0
white-potato,GNB,-7.037539482116699
white-potato,GNQ,-7.044833183288574
white-potato,GRC,-7.5
white-potato,GRD,-7.004549026489258
white-potato,GTM,-5.2920448780059814
white-potato,GUF,-7.5
white-potato,GUY,3.75
white-potato,HND,-7.5
white-potato,HRV,-5.257049798965454
white-potato,HTI,-6.982299566268921
white-potato,HUN,-5.45299768447876
white-potato,IDN,-7.5
white-potato,IND,-5.731624126434326
white-potato,IRL,-4.722173452377319
white-potato,IRN,-3.8044224977493286
white-potato,IRQ,-7.5
white-potato,ISR,-7.5
white-potato,ITA,-7.5
white-potato,JAM,-7.5
white-potato,JOR,-7.5
white-potato,JPN,-7.5
white-potato,KAZ,-2.582265257835388
white-potato,KEN,-1.9908524751663208
white-potato,KGZ,-3.167529821395874
white-potato,KHM,-6.847768068313599
white-potato,KOR,-6.122457981109619
white-potato,LAO,0.7089312076568604
white-potato,LBN,-7.5
white-potato,LBR,-6.490147590637207
white-potato,LBY,-6.394756317138672
white-potato,LKA,-7.5
white-potato,LSO,-5.203207969665527
white-potato,LTU,-2.3536133766174316
white-potato,LUX,-6.512426137924194
white-potato,LVA,-1.479858160018921
white-potato,MAR,-4.79437255859375
white-potato,MDA,-0.5795705914497375
white-potato,MDG,-6.835292100906372
white-potato,MEX,-7.5
white-potato,MKD,-3.369534492492676
white-potato,MLI,-7.5
white-potato,MLT,-7.5
white-potato,MMR,-6.368444919586182
white-potato,MNE,-6.058172225952148
white-potato,MNG,-2.7518601417541504
white-potato,MOZ,-7.5
white-potato,MRT,-7.5
white-potato,MUS,-7.5
white-potato,MWI,1.1886286735534668
white-potato,MYS,0.73138427734375
white-potato,NAM,-6.317591190338135
white-potato,NER,-7.5
white-potato,NGA,-7.082380294799805
white-potato,NIC,-7.5
white-potato,NLD,-5.380802869796753
white-potato,NOR,-7.5
white-potato,NPL,-2.9545531272888184
white-potato,NZL,-4.9422523975372314
white-potato,OMN,-7.5
white-potato,PAK,-2.4963921308517456
white-potato,PAN,-7.5
white-potato,PER,-3.7224889993667603
white-potato,PHL,-7.5
white-potato,PNG,-7.5
white-potato,POL,-1.3131568431854248
white-potato,PRI,-7.5
white-potato,PRT,-4.867921829223633
white-potato,PRY,-3.6010589599609375
white-potato,PSE,-7.5
white-potato,ROU,-4.356680870056152
white-potato,RUS,-2.2636282444000244
white-potato,RWA,-1.8864787220954895
white-potato,SAU,-7.5
white-potato,SDN,-6.335400104522705
white-potato,SEN,-7.5
white-potato,SLB,-6.310484170913696
white-potato,SLE,0.3953278064727783
white-potato,SLV,0.0
white-potato,SOM,-6.554372310638428
white-potato,SRB,-2.977583646774292
white-potato,SSD,-7.5
white-potato,SUR,-7.5
white-potato,SVK,-5.122566223144531
white-potato,SVN,-5.900729656219482
white-potato,SWE,-7.5
white-potato,SWZ,-7.131662130355835
white-potato,SYR,-5.966893196105957
white-potato,TCD,-6.943945646286011
white-potato,TGO,-7.077676773071289
white-potato,THA,-4.565342903137207
white-potato,TJK,-3.114088535308838
white-potato,TKM,-6.426613807678223
white-potato,TLS,-0.614201158285141
white-potato,TTO,-7.045512676239014
white-potato,TUN,-2.903414011001587
white-potato,TUR,-5.4778876304626465
white-potato,TWN,-5.723827362060547
white-potato,TZA,-0.794988751411438
white-potato,UGA,-6.984350204467773
white-potato,UKR,-1.5982592105865479
white-potato,URY,-7.5
white-potato,USA,-4.9237236976623535
white-potato,UZB,-5.05364465713501
white-potato,VEN,-7.5
white-potato,VNM,-6.538799524307251
white-potato,YEM,-7.5
white-potato,ZAF,-6.661129474639893
white-potato,ZMB,-7.5
white-potato,ZWE,-7.5
yam,AFG,-0.0
yam,AGO,-4.374988555908203
yam,ARG,2.729578137397766
yam,ATG,-4.504246711730957
yam,BDI,-4.517582178115845
yam,BEN,-1.3836317658424377
yam,BFA,-2.303346633911133
yam,BIH,3.75
yam,BLZ,-1.8216654658317566
yam,BOL,-5.207590579986572
yam,BRA,-2.857956290245056
yam,BRB,-7.5
yam,BRN,-5.238788366317749
yam,BTN,-2.0726643800735474
yam,BWA,-3.6021164655685425
yam,CAF,-4.066412687301636
yam,CHN,-0.7409265637397766
yam,CIV,-0.7242934703826904
yam,CMR,-3.700819253921509
yam,COD,-4.304571866989136
yam,COG,-4.299110412597656
yam,COL,-1.3145475387573242
yam,COM,-4.3667333126068115
yam,CRI,-7.5
yam,CUB,-2.7339980602264404
yam,DOM,-1.8950867652893066
yam,ECU,-5.171971797943115
yam,EGY,0.6047983877360821
yam,ERI,-5.614358425140381
yam,ETH,-1.8049508929252625
yam,FJI,-7.5
yam,GAB,-4.268824815750122
yam,GHA,-1.3836423754692078
yam,GIN,-2.19171404838562
yam,GMB,-7.5
yam,GNB,-4.166230916976929
yam,GNQ,-4.520456552505493
yam,GRD,-7.5
yam,GTM,1.9357470273971558
yam,GUF,-0.0
yam,GUY,-7.5
yam,HND,-4.324512243270874
yam,HRV,-0.0
yam,HTI,-5.375561237335205
yam,IDN,-4.668606996536255
yam,IND,5.197897911071777
yam,IRN,-0.0
yam,ISR,3.247962176799774
yam,JAM,-7.5
yam,JOR,7.5
yam,JPN,-7.5
yam,KEN,-1.48088937997818
yam,KHM,-2.6220909357070923
yam,LAO,0.9666426181793213
yam,LBN,-4.754274010658264
yam,LBR,-3.7778022289276123
yam,LKA,-3.0773404836654663
yam,LSO,-0.0
yam,MDG,-4.15418004989624
yam,MEX,2.9951971769332886
yam,MLI,-5.247462272644043
yam,MMR,-0.903235524892807
yam,MNE,-0.0
yam,MOZ,-4.716910123825073
yam,MRT,-4.478801965713501
yam,MUS,-3.5658096075057983
yam,MWI,1.7995424270629883
yam,MYS,-2.7838165760040283
yam,NAM,-3.456242561340332
yam,NER,-5.154482841491699
yam,NGA,-3.933324098587036
yam,NIC,2.7211365699768066
yam,NPL,-5.062485456466675
yam,PAK,-0.0
yam,PAN,-3.2238476276397705
yam,PER,-3.5472233295440674
yam,PHL,-1.6432258486747742
yam,PNG,-3.0153849124908447
yam,PRI,-7.5
yam,PRY,7.5
yam,PSE,-1.8483800292015076
yam,RWA,-0.8903034627437592
yam,SAU,-0.0
yam,SDN,-5.5471086502075195
yam,SEN,-0.9015388488769531
yam,SLB,-2.2431000471115112
yam,SLE,-5.427008152008057
yam,SLV,2.697283387184143
yam,SOM,7.5
yam,SSD,-5.276331424713135
yam,STP,-4.691655397415161
yam,SUR,-2.4451063871383667
yam,SWZ,-4.030021548271179
yam,SYR,-0.0
yam,TCD,-4.674188137054443
yam,TGO,-1.0184552371501923
yam,THA,-2.1113054752349854
yam,TLS,-5.494282960891724
yam,TTO,-7.5
yam,TWN,-2.7300519943237305
yam,TZA,-4.683187007904053
yam,UGA,-4.008604407310486
yam,URY,-0.0
yam,USA,7.5
yam,VEN,-2.4186772108078003
yam,VNM,-2.4278478622436523
yam,VUT,-3.4420140981674194
yam,ZAF,-4.377967357635498
yam,ZMB,-3.4683154821395874
yam,ZWE,-3.371885895729065
