crop,country,correction_bnusd_per_mha
alfalfa,AFG,-0.3613618314266205
alfalfa,AGO,-0.9381504952907562
alfalfa,ALB,-0.5532752722501755
alfalfa,ARE,-0.8472728133201599
alfalfa,ARG,-0.7233680784702301
alfalfa,ARM,-0.0
alfalfa,ATG,-7.5
alfalfa,AUS,0.14821802079677582
alfalfa,AUT,-0.8089405298233032
alfalfa,AZE,0.5910350233316422
alfalfa,BDI,-0.5545685291290283
alfalfa,BEL,0.045041752979159355
alfalfa,BEN,0.3704932779073715
alfalfa,BFA,-0.0
alfalfa,BGD,-0.7667536735534668
alfalfa,BGR,-0.20587100088596344
alfalfa,BHS,-4.099594205617905
alfalfa,BIH,3.66515351831913
alfalfa,BLR,-2.8165052980184555
alfalfa,BLZ,-0.010105629451572895
alfalfa,BOL,-0.37848326563835144
alfalfa,BRA,-0.6524094343185425
alfalfa,BRB,1.7822409272193909
alfalfa,BRN,-0.8346583247184753
alfalfa,BTN,-0.3915858715772629
alfalfa,BWA,-7.5
alfalfa,CAF,-0.9728804230690002
alfalfa,CAN,-0.4953949749469757
alfalfa,CHE,-0.05504773184657097
alfalfa,CHL,-0.868007481098175
alfalfa,CHN,0.07321733981370926
alfalfa,CIV,7.5
alfalfa,CMR,0.45360109210014343
alfalfa,COD,-0.10757382959127426
alfalfa,COG,-0.09945236518979073
alfalfa,COL,-0.1985142081975937
alfalfa,COM,0.3002162575721741
alfalfa,CPV,-7.5
alfalfa,CRI,-0.22407843172550201
alfalfa,CUB,-0.2862354665994644
alfalfa,CYP,2.749604105949402
alfalfa,CZE,-0.5457680821418762
alfalfa,DEU,-0.19640730321407318
alfalfa,DJI,-0.835690438747406
alfalfa,DNK,6.004988431930542
alfalfa,DOM,-0.616400271654129
alfalfa,DZA,-0.25785040855407715
alfalfa,ECU,-0.07392867282032967
alfalfa,EGY,1.912139892578125
alfalfa,ERI,-0.8745495080947876
alfalfa,ESP,-1.2047779560089111
alfalfa,EST,-0.119085893034935
alfalfa,ETH,-0.8379373550415039
alfalfa,FIN,-0.0
alfalfa,FJI,-0.4873450696468353
alfalfa,FRA,-0.31077052652835846
alfalfa,GAB,-0.8707610964775085
alfalfa,GBR,0.07716290466487408
alfalfa,GEO,-0.5318324565887451
alfalfa,GHA,-0.9061825275421143
alfalfa,GIN,-0.8761205673217773
alfalfa,GMB,-7.5
alfalfa,GNB,-0.0
alfalfa,GNQ,-0.7592925727367401
alfalfa,GRC,-0.6801228523254395
alfalfa,GRD,0.10864944756031036
alfalfa,GTM,-0.5668327510356903
alfalfa,GUF,-2.7332428693771362
alfalfa,GUY,-0.07167529128491879
alfalfa,HND,-0.8811778128147125
alfalfa,HRV,-4.087149053812027
alfalfa,HTI,-0.9849196076393127
alfalfa,HUN,-0.8540847301483154
alfalfa,IDN,-0.14206960052251816
alfalfa,IND,2.2658207416534424
alfalfa,IRL,-0.5063982009887695
alfalfa,IRN,-1.4752857685089111
alfalfa,IRQ,1.6464712619781494
alfalfa,ISL,-0.8342201411724091
alfalfa,ISR,1.1934051513671875
alfalfa,ITA,0.31106430292129517
alfalfa,JAM,1.3907389640808105
alfalfa,JOR,0.4178725481033325
alfalfa,JPN,-0.03383052349090576
alfalfa,KAZ,-0.5795354247093201
alfalfa,KEN,-0.4995366930961609
alfalfa,KGZ,-0.8171840310096741
alfalfa,KHM,-0.9432253241539001
alfalfa,KOR,-0.1098008081316948
alfalfa,LAO,3.4055344462394714
alfalfa,LBN,2.68390154838562
alfalfa,LBR,-0.9216444790363312
alfalfa,LBY,-1.7812474370002747
alfalfa,LKA,-0.8672972917556763
alfalfa,LSO,-0.38055141270160675
alfalfa,LTU,-0.18849437683820724
alfalfa,LUX,-0.3236871734261513
alfalfa,LVA,-0.5874215364456177
alfalfa,MAR,1.0467450618743896
alfalfa,MDA,-0.07881811633706093
alfalfa,MDG,-0.26456888020038605
alfalfa,MEX,-0.3489631116390228
alfalfa,MKD,-0.11725929193198681
alfalfa,MLI,-7.5
alfalfa,MLT,-7.5
alfalfa,MMR,3.5274622440338135
alfalfa,MNE,0.2659517712891102
alfalfa,MNG,-0.8289885818958282
alfalfa,MOZ,-0.6108028888702393
alfalfa,MRT,-1.277125060558319
alfalfa,MUS,-0.9181897044181824
alfalfa,MWI,-0.453051894903183
alfalfa,MYS,-0.29772913455963135
alfalfa,NAM,-7.5
alfalfa,NER,-0.18196163699030876
alfalfa,NGA,-0.9605015814304352
alfalfa,NIC,-1.8630978465080261
alfalfa,NLD,6.9554173946380615
alfalfa,NOR,-0.0
alfalfa,NPL,-0.9421181082725525
alfalfa,NZL,-0.272330105304718
alfalfa,OMN,-0.0
alfalfa,PAK,-0.8378161787986755
alfalfa,PAN,-1.0878176093101501
alfalfa,PER,-0.16441432386636734
alfalfa,PHL,-0.07465366646647453
alfalfa,PNG,-0.18700392544269562
alfalfa,POL,-0.5103982239961624
alfalfa,PRI,-0.23489965498447418
alfalfa,PRT,0.030254699289798737
alfalfa,PRY,-0.2994462549686432
alfalfa,PSE,0.48180854320526123
alfalfa,ROU,-0.11319410800933838
alfalfa,RUS,-0.379828080534935
alfalfa,RWA,0.5228036046028137
alfalfa,SAU,-0.789170116186142
alfalfa,SDN,-0.8474245667457581
alfalfa,SEN,-0.0
alfalfa,SLB,-0.7169686853885651
alfalfa,SLE,-0.49844561517238617
alfalfa,SLV,0.8100392818450928
alfalfa,SOM,-1.204360544681549
alfalfa,SRB,0.13105096481740475
alfalfa,SSD,-0.8797294795513153
alfalfa,STP,0.7940677404403687
alfalfa,SUR,-0.7841159105300903
alfalfa,SVK,-0.47223974764347076
alfalfa,SVN,-0.5642002522945404
alfalfa,SWE,-0.0
alfalfa,SWZ,-0.9169159531593323
alfalfa,SYR,-0.0
alfalfa,TCD,-0.9309031963348389
alfalfa,TGO,-0.03396269865334034
alfalfa,THA,-0.67161625623703
alfalfa,TJK,-0.3050016388297081
alfalfa,TKM,-0.0
alfalfa,TLS,-0.5261611938476562
alfalfa,TTO,-0.7713225185871124
alfalfa,TUN,0.12095299363136292
alfalfa,TUR,2.5061681270599365
alfalfa,TWN,0.6210721731185913
alfalfa,TZA,-0.31079547107219696
alfalfa,UGA,-0.2817348837852478
alfalfa,UKR,-0.2906511127948761
alfalfa,URY,-0.005927370395511389
alfalfa,USA,0.016562855802476406
alfalfa,UZB,-1.2962945699691772
alfalfa,VEN,-0.8396434485912323
alfalfa,VNM,2.0635113641619682
alfalfa,VUT,-0.5605751574039459
alfalfa,YEM,-0.843728244304657
alfalfa,ZAF,-0.608656644821167
alfalfa,ZMB,-7.5
alfalfa,ZWE,-0.9153462052345276
apple,AFG,-0.0
apple,ALB,-0.0
apple,ARG,-7.5
apple,ARM,-0.0
apple,AUS,-0.0
apple,AUT,-0.0
apple,AZE,-0.0
apple,BEL,-0.0
apple,BGR,-0.0
apple,BIH,-0.0
apple,BLR,-0.0
apple,BLZ,-7.5
apple,BOL,-7.5
apple,BRA,-0.0
apple,BTN,-0.0
apple,BWA,-0.0
apple,CAN,-7.5
apple,CHE,-0.0
apple,CHL,-0.0
apple,CHN,-0.0
apple,COL,-3.75
apple,CZE,-0.0
apple,DEU,-0.0
apple,DNK,-0.0
apple,DZA,-0.0
apple,ECU,-0.0
apple,EGY,-0.0
apple,ESP,-0.0
apple,EST,-0.0
apple,ETH,-0.0
apple,FIN,-0.0
apple,FRA,-0.0
apple,GBR,-0.0
apple,GEO,-0.0
apple,GRC,-0.0
apple,GTM,-0.0
apple,HND,-0.0
apple,HRV,-0.0
apple,HUN,-0.0
apple,IND,-0.0
apple,IRL,-0.0
apple,IRN,-0.0
apple,IRQ,-0.0
apple,ISR,-0.0
apple,ITA,-0.0
apple,JOR,-0.0
apple,JPN,-0.0
apple,KAZ,-0.0
apple,KEN,-7.5
apple,KGZ,-0.0
apple,KOR,-0.0
apple,LAO,-7.5
apple,LBN,-0.0
apple,LBY,-7.5
apple,LSO,-7.5
apple,LTU,-0.0
apple,LUX,-0.0
apple,LVA,-0.0
apple,MAR,-0.0
apple,MDA,-0.0
apple,MDG,-1.9526464939117432
apple,MEX,-0.0
apple,MKD,-0.0
apple,MMR,-7.5
apple,MNE,-0.0
apple,MNG,7.5
apple,MOZ,-0.0
apple,NIC,-0.0
apple,NLD,-0.0
apple,NOR,-0.0
apple,NPL,-0.0
apple,NZL,-0.0
apple,PAK,-0.0
apple,PER,-0.0
apple,POL,-0.0
apple,PRT,-0.0
apple,PRY,-3.75
apple,PSE,-0.0
apple,ROU,-0.0
apple,RUS,-0.0
apple,SAU,0.0
apple,SLV,-0.0
apple,SRB,-0.0
apple,SVK,-0.0
apple,SVN,-0.0
apple,SWE,-0.0
apple,SWZ,-0.0
apple,SYR,-0.0
apple,TJK,-0.0
apple,TKM,-0.0
apple,TUN,-0.0
apple,TUR,-0.0
apple,TWN,-0.0
apple,TZA,-0.0
apple,UGA,-0.0
apple,UKR,-0.0
apple,URY,-0.0
apple,USA,-0.0
apple,UZB,-0.0
apple,VEN,-0.0
apple,VNM,-7.5
apple,YEM,-0.0
apple,ZAF,-0.0
apple,ZMB,-0.0
apple,ZWE,-3.75
banana,AFG,-0.0
banana,AGO,-6.958126544952393
banana,ALB,-0.0
banana,ARE,-7.5
banana,ARG,-0.2507493123412132
banana,ATG,7.5
banana,AUS,-7.5
banana,BDI,-0.7890473902225494
banana,BEN,-7.5
banana,BFA,-4.5478644371032715
banana,BGD,-4.864613771438599
banana,BHS,-5.580332517623901
banana,BLZ,-3.5261470079421997
banana,BOL,-0.4299512207508087
banana,BRA,-2.035299062728882
banana,BRB,-7.5
banana,BRN,-1.9802398085594177
banana,BTN,-7.5
banana,BWA,-0.0
banana,CAF,-7.5
banana,CHN,-7.5
banana,CIV,-7.5
banana,CMR,-7.156277656555176
banana,COD,-7.5
banana,COG,-7.5
banana,COL,-7.5
banana,COM,-7.5
banana,CPV,-7.5
banana,CRI,-7.5
banana,CUB,-7.421486854553223
banana,CYP,-3.433261275291443
banana,DJI,-0.0
banana,DOM,-1.5103424787521362
banana,DZA,-2.4521855115890503
banana,ECU,-3.785384774208069
banana,EGY,-7.5
banana,ERI,-4.602436542510986
banana,ESP,-7.5
banana,ETH,-0.0
banana,FJI,-6.168939113616943
banana,FRA,-3.930374026298523
banana,GAB,-7.5
banana,GHA,-1.5398333072662354
banana,GIN,0.5332246124744415
banana,GMB,-0.0
banana,GNB,-7.5
banana,GNQ,-7.5
banana,GRC,-7.5
banana,GRD,-1.0854017734527588
banana,GTM,-0.31860488653182983
banana,GUF,7.5
banana,GUY,-7.5
banana,HND,-7.4941582679748535
banana,HTI,-7.077409267425537
banana,IDN,4.186984539031982
banana,IND,4.250620365142822
banana,IRN,-7.5
banana,IRQ,3.386956214904785
banana,ISR,-7.5
banana,JAM,-2.0769801139831543
banana,JOR,-7.5
banana,KEN,-0.5696659088134766
banana,KHM,-6.037338495254517
banana,LAO,-3.919473648071289
banana,LBN,-7.5
banana,LBR,-7.5
banana,LKA,-4.0665366649627686
banana,MAR,-7.5
banana,MDG,-7.5
banana,MEX,0.08191872388124466
banana,MLI,-7.5
banana,MMR,-5.4163408279418945
banana,MOZ,-7.5
banana,MRT,-5.395680904388428
banana,MUS,-1.6703548431396484
banana,MWI,-7.5
banana,MYS,-2.100495934486389
banana,NAM,-4.839662790298462
banana,NER,-5.865593910217285
banana,NGA,7.5
banana,NIC,-6.067573070526123
banana,NPL,-2.7361963987350464
banana,OMN,-6.677868366241455
banana,PAK,-7.5
banana,PAN,-3.1694533824920654
banana,PER,-6.581663370132446
banana,PHL,-4.7140281200408936
banana,PNG,-5.859543323516846
banana,PRI,-7.5
banana,PRT,-2.810629367828369
banana,PRY,-2.7789649963378906
banana,PSE,-7.5
banana,RWA,-4.57002854347229
banana,SAU,-1.9559094309806824
banana,SDN,-4.213644981384277
banana,SEN,-7.5
banana,SLB,-7.5
banana,SLE,-7.480651140213013
banana,SLV,-0.23612886667251587
banana,SOM,-5.932898998260498
banana,SSD,-7.5
banana,STP,-6.936558723449707
banana,SUR,-7.5
banana,SWZ,-7.5
banana,SYR,0.8172571361064911
banana,TGO,-3.4609384536743164
banana,THA,-3.190345883369446
banana,TLS,-0.6032936275005341
banana,TTO,-7.5
banana,TUR,-7.5
banana,TWN,-3.640805959701538
banana,TZA,-1.9750733375549316
banana,UGA,-7.5
banana,URY,-4.094114065170288
banana,USA,-5.4493138790130615
banana,VEN,-6.418327331542969
banana,VNM,-1.3073592483997345
banana,VUT,-6.713369369506836
banana,YEM,-3.599252700805664
banana,ZAF,-7.5
banana,ZMB,-1.3022125959396362
banana,ZWE,-7.5
barley,AFG,-0.3726295232772827
barley,AGO,-0.0
barley,ALB,-0.6814923286437988
barley,ARE,-0.04050428606569767
barley,ARG,-0.3800464868545532
barley,ARM,-0.22056418657302856
barley,AUS,-0.0321679562330246
barley,AUT,-0.526524692773819
barley,AZE,-0.2052069827914238
barley,BDI,-0.0
barley,BEL,-0.3902033120393753
barley,BGD,7.5
barley,BGR,-0.2677895799279213
barley,BIH,-0.2695266604423523
barley,BLR,-0.14686357975006104
barley,BOL,-0.1007891297340393
barley,BRA,-0.3929579555988312
barley,BTN,0.40867702662944794
barley,BWA,7.5
barley,CAN,-0.44825881719589233
barley,CHE,-1.0188355445861816
barley,CHL,-0.7702065110206604
barley,CHN,-0.30707065761089325
barley,COD,-0.5478664040565491
barley,COL,-0.43059515953063965
barley,CYP,0.1832761624827981
barley,CZE,-0.4393554925918579
barley,DEU,-0.39360877871513367
barley,DNK,-0.48000097274780273
barley,DZA,-0.22932568192481995
barley,ECU,-0.3615420311689377
barley,EGY,-0.9306570887565613
barley,ERI,-0.5034841150045395
barley,ESP,-0.22960587590932846
barley,EST,-0.2232098951935768
barley,ETH,-0.36424095928668976
barley,FIN,3.618152365088463
barley,FRA,-0.5593101382255554
barley,GBR,-0.6250520646572113
barley,GEO,-0.19096507877111435
barley,GRC,-0.16666279733181
barley,GTM,-0.0
barley,HRV,3.600156605243683
barley,HUN,-0.0395378191024065
barley,IND,-0.38338997960090637
barley,IRL,-0.549863651394844
barley,IRN,-0.4031856507062912
barley,IRQ,-0.30536946654319763
barley,ISR,0.6021517515182495
barley,ITA,-0.27902570366859436
barley,JOR,-0.34192879498004913
barley,JPN,0.8874093592166901
barley,KAZ,-0.11291457712650299
barley,KEN,-0.7242023050785065
barley,KGZ,-0.2471529245376587
barley,KOR,-0.1579529568552971
barley,LAO,-0.3579329252243042
barley,LBN,-0.4228936582803726
barley,LBY,-0.8255002498626709
barley,LSO,-0.5060571283102036
barley,LTU,-0.2725280523300171
barley,LUX,-0.25364426523447037
barley,LVA,-0.21785104274749756
barley,MAR,-0.5466785430908203
barley,MDA,-0.06059621088206768
barley,MEX,-0.5090495944023132
barley,MKD,-0.03423933684825897
barley,MLT,-2.1880600452423096
barley,MMR,-0.2215878665447235
barley,MNE,-0.22380105406045914
barley,MNG,-0.15878962725400925
barley,MOZ,7.5
barley,MRT,-0.19137148559093475
barley,MWI,-0.0
barley,NAM,-0.0
barley,NLD,-1.6565624475479126
barley,NOR,-0.9029717147350311
barley,NPL,-0.0024124756455421448
barley,NZL,-0.8330382108688354
barley,OMN,-1.3771550059318542
barley,PAK,-0.5070545673370361
barley,PER,-0.2604331523180008
barley,POL,-0.2874697148799896
barley,PRT,-0.2608751803636551
barley,PRY,7.5
barley,PSE,-0.46287643909454346
barley,ROU,-0.4696546047925949
barley,RUS,-0.1768403798341751
barley,RWA,-0.0
barley,SAU,-0.21296975016593933
barley,SDN,-0.5398445725440979
barley,SRB,-0.2070901170372963
barley,SVK,-0.37438012659549713
barley,SVN,-0.20387142896652222
barley,SWE,-0.5676435232162476
barley,SWZ,7.5
barley,SYR,-0.524383544921875
barley,THA,-0.3755892664194107
barley,TJK,-0.28722839802503586
barley,TKM,-0.34927648305892944
barley,TUN,-0.13913200795650482
barley,TUR,-0.21472537517547607
barley,TZA,-0.4746268093585968
barley,UGA,-0.0
barley,UKR,-0.3275025635957718
barley,URY,-0.16075359284877777
barley,USA,-0.5878300070762634
barley,UZB,-0.26762035489082336
barley,VEN,-0.0
barley,VNM,-0.3004838228225708
barley,YEM,-0.25303926318883896
barley,ZAF,-0.4015983045101166
barley,ZMB,7.5
barley,ZWE,1.7615215182304382
biomass-sorghum,AFG,-0.0
biomass-sorghum,AGO,-0.0
biomass-sorghum,ALB,-0.0
biomass-sorghum,ARE,-0.0
biomass-sorghum,ARG,-0.0
biomass-sorghum,ARM,-0.0
biomass-sorghum,AUS,-0.0
biomass-sorghum,AUT,-0.0
biomass-sorghum,AZE,-0.0
biomass-sorghum,BDI,-0.0
biomass-sorghum,BEL,-0.0
biomass-sorghum,BEN,-0.0
biomass-sorghum,BFA,-0.0
biomass-sorghum,BGD,-0.0
biomass-sorghum,BGR,-0.0
biomass-sorghum,BIH,-0.0
biomass-sorghum,BLR,-0.0
biomass-sorghum,BLZ,-0.0
biomass-sorghum,BOL,-0.0
biomass-sorghum,BRA,-0.0
biomass-sorghum,BTN,-0.0
biomass-sorghum,BWA,-0.0
biomass-sorghum,CAF,-0.0
biomass-sorghum,CAN,-0.0
biomass-sorghum,CHE,-0.0
biomass-sorghum,CHN,-0.0
biomass-sorghum,CIV,-0.0
biomass-sorghum,CMR,-0.0
biomass-sorghum,COD,-0.0
biomass-sorghum,COG,-0.0
biomass-sorghum,COL,-0.0
biomass-sorghum,CRI,-0.0
biomass-sorghum,CUB,-0.0
biomass-sorghum,CZE,-0.0
biomass-sorghum,DEU,-0.0
biomass-sorghum,DOM,-0.0
biomass-sorghum,DZA,-0.0
biomass-sorghum,ECU,-0.0
biomass-sorghum,EGY,-0.0
biomass-sorghum,ERI,-0.0
biomass-sorghum,ESP,-0.0
biomass-sorghum,EST,-0.0
biomass-sorghum,ETH,-0.0
biomass-sorghum,FJI,-0.0
biomass-sorghum,FRA,-0.0
biomass-sorghum,GAB,-0.0
biomass-sorghum,GEO,-0.0
biomass-sorghum,GHA,-0.0
biomass-sorghum,GIN,-0.0
biomass-sorghum,GMB,-0.0
biomass-sorghum,GNB,-0.0
biomass-sorghum,GRC,-0.0
biomass-sorghum,GTM,-0.0
biomass-sorghum,GUY,-0.0
biomass-sorghum,HND,-0.0
biomass-sorghum,HRV,-0.0
biomass-sorghum,HTI,-0.0
biomass-sorghum,HUN,-0.0
biomass-sorghum,IDN,-0.0
biomass-sorghum,IND,-0.0
biomass-sorghum,IRN,-0.0
biomass-sorghum,IRQ,-0.0
biomass-sorghum,ISR,-0.0
biomass-sorghum,ITA,-0.0
biomass-sorghum,JOR,-0.0
biomass-sorghum,KAZ,-0.0
biomass-sorghum,KEN,-0.0
biomass-sorghum,KGZ,-0.0
biomass-sorghum,KHM,-0.0
biomass-sorghum,KOR,-0.0
biomass-sorghum,LAO,-0.0
biomass-sorghum,LBN,-0.0
biomass-sorghum,LBR,-0.0
biomass-sorghum,LSO,-0.0
biomass-sorghum,LTU,-0.0
biomass-sorghum,LUX,-0.0
biomass-sorghum,LVA,-0.0
biomass-sorghum,MAR,-0.0
biomass-sorghum,MDA,-0.0
biomass-sorghum,MDG,-0.0
biomass-sorghum,MEX,-0.0
biomass-sorghum,MKD,-0.0
biomass-sorghum,MLI,-0.0
biomass-sorghum,MMR,-0.0
biomass-sorghum,MNE,-0.0
biomass-sorghum,MNG,-0.0
biomass-sorghum,MOZ,-0.0
biomass-sorghum,MRT,-0.0
biomass-sorghum,MWI,-0.0
biomass-sorghum,MYS,-0.0
biomass-sorghum,NAM,-0.0
biomass-sorghum,NER,-0.0
biomass-sorghum,NGA,-0.0
biomass-sorghum,NIC,-0.0
biomass-sorghum,NPL,-0.0
biomass-sorghum,OMN,-0.0
biomass-sorghum,PAK,-0.0
biomass-sorghum,PAN,-0.0
biomass-sorghum,PER,-0.0
biomass-sorghum,PNG,-0.0
biomass-sorghum,POL,-0.0
biomass-sorghum,PRT,-0.0
biomass-sorghum,PRY,-0.0
biomass-sorghum,PSE,-0.0
biomass-sorghum,ROU,-0.0
biomass-sorghum,RUS,-0.0
biomass-sorghum,RWA,-0.0
biomass-sorghum,SAU,-0.0
biomass-sorghum,SDN,-0.0
biomass-sorghum,SEN,-0.0
biomass-sorghum,SLE,-0.0
biomass-sorghum,SLV,-0.0
biomass-sorghum,SOM,-0.0
biomass-sorghum,SRB,-0.0
biomass-sorghum,SSD,-0.0
biomass-sorghum,SUR,-0.0
biomass-sorghum,SVK,-0.0
biomass-sorghum,SVN,-0.0
biomass-sorghum,SWZ,-0.0
biomass-sorghum,SYR,-0.0
biomass-sorghum,TCD,-0.0
biomass-sorghum,TGO,-0.0
biomass-sorghum,THA,-0.0
biomass-sorghum,TJK,-0.0
biomass-sorghum,TKM,-0.0
biomass-sorghum,TUN,-0.0
biomass-sorghum,TUR,-0.0
biomass-sorghum,TWN,-0.0
biomass-sorghum,TZA,-0.0
biomass-sorghum,UGA,-0.0
biomass-sorghum,UKR,-0.0
biomass-sorghum,URY,-0.0
biomass-sorghum,USA,-0.0
biomass-sorghum,UZB,-0.0
biomass-sorghum,VEN,-0.0
biomass-sorghum,VNM,-0.0
biomass-sorghum,YEM,-0.0
biomass-sorghum,ZAF,-0.0
biomass-sorghum,ZMB,-0.0
biomass-sorghum,ZWE,-0.0
buckwheat,AFG,-0.0
buckwheat,AGO,-0.0
buckwheat,ALB,-0.3359939604997635
buckwheat,ARE,-0.0
buckwheat,ARG,-0.12491358071565628
buckwheat,ARM,-0.1466687023639679
buckwheat,AUS,-0.017572026699781418
buckwheat,AUT,0.42679348587989807
buckwheat,AZE,-0.09549940750002861
buckwheat,BDI,-0.335706427693367
buckwheat,BEL,4.167887479066849
buckwheat,BEN,-7.5
buckwheat,BFA,-0.3442877531051636
buckwheat,BGD,-0.0
buckwheat,BGR,3.82355610281229
buckwheat,BIH,-0.16970591247081757
buckwheat,BLR,-2.485812146216631
buckwheat,BLZ,-0.0
buckwheat,BOL,-0.37058138847351074
buckwheat,BRA,-0.057559769600629807
buckwheat,BTN,-0.7190907895565033
buckwheat,BWA,-7.5
buckwheat,CAF,0.0
buckwheat,CAN,7.5
buckwheat,CHE,0.6242673695087433
buckwheat,CHL,0.49038490653038025
buckwheat,CHN,-0.21605649590492249
buckwheat,CIV,-0.24784809350967407
buckwheat,CMR,-7.5
buckwheat,COD,7.5
buckwheat,COG,-7.5
buckwheat,COL,-7.5
buckwheat,CYP,7.5
buckwheat,CZE,0.6404659748077393
buckwheat,DEU,0.7567101120948792
buckwheat,DNK,0.805449903011322
buckwheat,DZA,-0.07208963483572006
buckwheat,ECU,-7.5
buckwheat,EGY,-0.10395317897200584
buckwheat,ERI,-0.38913100957870483
buckwheat,ESP,-0.11513110622763634
buckwheat,EST,0.21683922410011292
buckwheat,ETH,-0.24532659351825714
buckwheat,FIN,0.05775305721908808
buckwheat,FRA,0.5318863987922668
buckwheat,GAB,-0.0
buckwheat,GBR,0.3038270175457001
buckwheat,GEO,-0.7261424362659454
buckwheat,GHA,0.0
buckwheat,GIN,-0.36980149149894714
buckwheat,GMB,-7.5
buckwheat,GNB,-7.5
buckwheat,GRC,-0.2989211082458496
buckwheat,GTM,-0.0
buckwheat,GUF,-0.0
buckwheat,GUY,-0.0
buckwheat,HRV,3.9163755625486374
buckwheat,HUN,0.5196472406387329
buckwheat,IND,7.5
buckwheat,IRL,1.1380900144577026
buckwheat,IRN,0.05490904673933983
buckwheat,IRQ,7.5
buckwheat,ISR,3.5920672863721848
buckwheat,ITA,-0.0
buckwheat,JOR,-0.0
buckwheat,JPN,-0.514399528503418
buckwheat,KAZ,-0.03361514210700989
buckwheat,KEN,-7.5
buckwheat,KGZ,3.640276648104191
buckwheat,KHM,0.0
buckwheat,KOR,-0.12585952877998352
buckwheat,LAO,7.5
buckwheat,LBN,7.5
buckwheat,LBR,-0.0
buckwheat,LBY,-0.0
buckwheat,LSO,3.6754825711250305
buckwheat,LTU,3.842141032218933
buckwheat,LUX,0.36876080930233
buckwheat,LVA,3.9707302302122116
buckwheat,MAR,-0.3222656697034836
buckwheat,MDA,7.5
buckwheat,MEX,-7.5
buckwheat,MKD,-0.011651840526610613
buckwheat,MLI,-0.34569478034973145
buckwheat,MMR,-0.3927661180496216
buckwheat,MNE,0.10933389887213707
buckwheat,MNG,-0.16453728079795837
buckwheat,MOZ,7.5
buckwheat,MRT,7.5
buckwheat,MWI,-0.0
buckwheat,MYS,-0.0
buckwheat,NAM,-0.0
buckwheat,NER,-7.5
buckwheat,NGA,-0.37438562512397766
buckwheat,NLD,-0.8733498193323612
buckwheat,NOR,0.08454300556331873
buckwheat,NPL,-0.23565523326396942
buckwheat,NZL,0.32690273225307465
buckwheat,OMN,-7.5
buckwheat,PER,-0.2568270266056061
buckwheat,POL,0.09718133322894573
buckwheat,PRT,-0.30379632115364075
buckwheat,PRY,7.5
buckwheat,PSE,7.5
buckwheat,ROU,3.8500245437026024
buckwheat,RUS,-0.12408386543393135
buckwheat,RWA,-7.5
buckwheat,SAU,0.30087049305438995
buckwheat,SDN,-7.5
buckwheat,SEN,-7.5
buckwheat,SLE,-0.36927148699760437
buckwheat,SOM,-0.0
buckwheat,SRB,0.36223721504211426
buckwheat,SSD,-7.5
buckwheat,SUR,-0.0
buckwheat,SVK,0.33314552903175354
buckwheat,SVN,3.8476240411400795
buckwheat,SWE,0.37837857007980347
buckwheat,SWZ,-0.0
buckwheat,SYR,-0.10563135147094727
buckwheat,TCD,-0.2153344824910164
buckwheat,TGO,-7.5
buckwheat,THA,-0.3176375925540924
buckwheat,TJK,-0.15441839396953583
buckwheat,TKM,7.5
buckwheat,TUN,-0.09193209931254387
buckwheat,TUR,0.0656910166144371
buckwheat,TWN,3.732574475929141
buckwheat,TZA,-0.29647719860076904
buckwheat,UGA,-0.0
buckwheat,UKR,-0.09630376100540161
buckwheat,URY,3.752614096738398
buckwheat,USA,0.23088574409484863
buckwheat,UZB,0.0056159961968660355
buckwheat,VEN,-0.0
buckwheat,VNM,-0.0
buckwheat,YEM,-0.0
buckwheat,ZAF,-0.25846730172634125
buckwheat,ZMB,-0.0
buckwheat,ZWE,-7.5
cabbage,AFG,-5.698463201522827
cabbage,AGO,-6.292319297790527
cabbage,ALB,-2.7574976682662964
cabbage,ARE,-1.0390588343143463
cabbage,ARG,-3.121845006942749
cabbage,ARM,-1.1598119363188744
cabbage,ATG,-7.5
cabbage,AUS,-7.5
cabbage,AUT,-3.2774192094802856
cabbage,AZE,0.4042426869273186
cabbage,BDI,-6.71184778213501
cabbage,BEL,-7.5
cabbage,BEN,-5.806197166442871
cabbage,BFA,-7.487981796264648
cabbage,BGD,0.8647389933466911
cabbage,BGR,-0.7467668950557709
cabbage,BHS,-7.330735206604004
cabbage,BIH,2.8458327651023865
cabbage,BLR,3.559330105781555
cabbage,BLZ,-7.5
cabbage,BOL,-2.4128928184509277
cabbage,BRA,-5.19088888168335
cabbage,BRB,-7.5
cabbage,BRN,-7.5
cabbage,BTN,-0.8752299845218658
cabbage,BWA,-4.613028049468994
cabbage,CAF,-7.5
cabbage,CAN,-4.205027103424072
cabbage,CHE,-7.5
cabbage,CHL,-7.5
cabbage,CHN,-4.25087571144104
cabbage,CIV,-6.723301649093628
cabbage,CMR,-7.5
cabbage,COD,-6.886115074157715
cabbage,COG,-7.5
cabbage,COL,-7.5
cabbage,COM,-7.5
cabbage,CPV,-0.0
cabbage,CRI,-4.525623202323914
cabbage,CUB,-4.128614544868469
cabbage,CYP,-7.5
cabbage,CZE,0.16190242767333984
cabbage,DEU,-3.4737699031829834
cabbage,DJI,-7.5
cabbage,DNK,-3.1355302333831787
cabbage,DOM,-7.5
cabbage,DZA,-5.077387809753418
cabbage,ECU,0.869594544172287
cabbage,EGY,-0.0
cabbage,ERI,-7.5
cabbage,ESP,-2.7269355058670044
cabbage,EST,-2.1672133803367615
cabbage,ETH,-0.027963118394836783
cabbage,FIN,-7.5
cabbage,FJI,-7.5
cabbage,FRA,-7.5
cabbage,GAB,-7.5
cabbage,GBR,-7.363768577575684
cabbage,GEO,-1.700157642364502
cabbage,GHA,-3.310317635536194
cabbage,GIN,-7.489230155944824
cabbage,GMB,-7.2152111530303955
cabbage,GNB,-7.5
cabbage,GNQ,7.5
cabbage,GRC,-6.116191625595093
cabbage,GRD,-6.68201208114624
cabbage,GTM,-6.608680963516235
cabbage,GUF,-7.5
cabbage,GUY,-7.5
cabbage,HND,-3.8678805828094482
cabbage,HRV,6.754931688308716
cabbage,HTI,-7.5
cabbage,HUN,0.008471101522445679
cabbage,IDN,-6.046145915985107
cabbage,IND,-4.8798651695251465
cabbage,IRL,-2.426324486732483
cabbage,IRN,-4.656400203704834
cabbage,IRQ,-1.3297038078308105
cabbage,ISR,-2.6532154083251953
cabbage,ITA,-5.222839593887329
cabbage,JAM,-7.126432418823242
cabbage,JOR,-3.3036357164382935
cabbage,JPN,-7.5
cabbage,KAZ,-0.03595385327935219
cabbage,KEN,-2.5660735368728638
cabbage,KGZ,-1.8313154578208923
cabbage,KHM,-7.41370415687561
cabbage,KOR,0.6775505691766739
cabbage,LAO,-7.281801700592041
cabbage,LBN,-7.355843782424927
cabbage,LBR,-7.5
cabbage,LBY,-7.5
cabbage,LKA,-6.833223104476929
cabbage,LSO,-6.496153116226196
cabbage,LTU,-1.8626940250396729
cabbage,LUX,-7.5
cabbage,LVA,1.3227899074554443
cabbage,MAR,2.029804825782776
cabbage,MDA,1.2053453028202057
cabbage,MDG,-6.649580001831055
cabbage,MEX,-0.5170935392379761
cabbage,MKD,-2.4654812812805176
cabbage,MLI,-5.022375106811523
cabbage,MLT,-2.365766167640686
cabbage,MMR,-5.789753437042236
cabbage,MNE,-4.944199800491333
cabbage,MNG,-5.909173488616943
cabbage,MOZ,-6.980811595916748
cabbage,MRT,-7.5
cabbage,MUS,-7.5
cabbage,MWI,-4.4607603549957275
cabbage,MYS,-5.926831245422363
cabbage,NAM,-7.095517158508301
cabbage,NER,-2.287696361541748
cabbage,NGA,-7.5
cabbage,NIC,-7.5
cabbage,NLD,5.413712501525879
cabbage,NOR,-7.5
cabbage,NPL,-3.2144423723220825
cabbage,NZL,-4.409883618354797
cabbage,OMN,-5.433452129364014
cabbage,PAK,-0.049772292375564575
cabbage,PAN,-7.5
cabbage,PER,2.2837995290756226
cabbage,PHL,-3.9335168600082397
cabbage,PNG,-5.270288705825806
cabbage,POL,0.7949638180434704
cabbage,PRI,-7.5
cabbage,PRT,-3.7162119150161743
cabbage,PRY,-7.4432899951934814
cabbage,PSE,-7.5
cabbage,ROU,-2.9391393661499023
cabbage,RUS,1.2937549948692322
cabbage,RWA,-1.1811692714691162
cabbage,SAU,-6.654070138931274
cabbage,SDN,-7.032394886016846
cabbage,SEN,-7.5
cabbage,SLB,-7.5
cabbage,SLE,-7.5
cabbage,SLV,-0.0
cabbage,SOM,-7.5
cabbage,SRB,-0.8238101825118065
cabbage,SSD,-7.219671249389648
cabbage,STP,-7.5
cabbage,SUR,-7.5
cabbage,SVK,-0.9321199506521225
cabbage,SVN,1.6064878702163696
cabbage,SWE,-7.5
cabbage,SWZ,-7.5
cabbage,SYR,-5.075506687164307
cabbage,TCD,-7.5
cabbage,TGO,-3.8545395135879517
cabbage,THA,-5.593795299530029
cabbage,TJK,-2.4097833037376404
cabbage,TKM,-4.643608093261719
cabbage,TLS,-6.2319536209106445
cabbage,TTO,-7.5
cabbage,TUN,2.977056622505188
cabbage,TUR,0.7536226063966751
cabbage,TWN,-5.134318590164185
cabbage,TZA,-2.0477904081344604
cabbage,UGA,0.0
cabbage,UKR,2.202879309654236
cabbage,URY,-3.1260401010513306
cabbage,USA,-7.5
cabbage,UZB,-1.6521632671356201
cabbage,VEN,-7.5
cabbage,VNM,-4.885155916213989
cabbage,VUT,-7.5
cabbage,YEM,-6.116288661956787
cabbage,ZAF,-3.470791816711426
cabbage,ZMB,-7.122750759124756
cabbage,ZWE,-7.5
carrot,AFG,-5.583408355712891
carrot,AGO,-6.8215718269348145
carrot,ALB,-6.198061227798462
carrot,ARE,-1.3116253018379211
carrot,ARG,-7.5
carrot,ARM,-1.8235591053962708
carrot,ATG,-6.874481678009033
carrot,AUS,-7.5
carrot,AUT,-7.5
carrot,AZE,-1.7141887545585632
carrot,BDI,-7.301586151123047
carrot,BEL,-7.5
carrot,BEN,-5.706756830215454
carrot,BFA,-6.059478521347046
carrot,BGD,-5.0860466957092285
carrot,BGR,-0.42265067249536514
carrot,BHS,-6.89212703704834
carrot,BIH,2.5409384965896606
carrot,BLR,5.8330957889556885
carrot,BLZ,-5.3956074714660645
carrot,BOL,-1.2884770631790161
carrot,BRA,-4.087821960449219
carrot,BRB,-7.5
carrot,BRN,-7.5
carrot,BTN,-4.436548948287964
carrot,BWA,-5.422784328460693
carrot,CAF,-7.5
carrot,CAN,-4.721596717834473
carrot,CHE,-7.5
carrot,CHL,-7.5
carrot,CHN,-7.5
carrot,CIV,-7.210002899169922
carrot,CMR,-7.5
carrot,COD,-7.5
carrot,COG,-7.5
carrot,COL,-4.174674034118652
carrot,COM,-7.5
carrot,CPV,-0.22596584260463715
carrot,CRI,-5.207651138305664
carrot,CUB,-4.526581525802612
carrot,CYP,-7.132790803909302
carrot,CZE,-0.6187965869903564
carrot,DEU,-4.961792707443237
carrot,DJI,-7.5
carrot,DNK,-7.5
carrot,DOM,-5.585205078125
carrot,DZA,-3.551922082901001
carrot,ECU,0.5241380855441093
carrot,EGY,-0.0
carrot,ERI,-7.5
carrot,ESP,-6.831302165985107
carrot,EST,-1.7920858263969421
carrot,ETH,0.9712643325328827
carrot,FIN,-7.5
carrot,FJI,-5.470621585845947
carrot,FRA,-3.2133164405822754
carrot,GAB,-7.5
carrot,GBR,-7.5
carrot,GEO,0.19541739067062736
carrot,GHA,-1.2180936336517334
carrot,GIN,-7.5
carrot,GMB,-7.5
carrot,GNB,-7.5
carrot,GNQ,7.5
carrot,GRC,-7.5
carrot,GRD,-7.5
carrot,GTM,-7.11317253112793
carrot,GUF,-7.5
carrot,GUY,1.279112070798874
carrot,HND,-4.247338652610779
carrot,HRV,7.5
carrot,HTI,-7.5
carrot,HUN,-0.8644980639219284
carrot,IDN,-7.479228258132935
carrot,IND,-5.284713983535767
carrot,IRL,-7.5
carrot,IRN,-0.0
carrot,IRQ,-0.9259092211723328
carrot,ISR,-7.5
carrot,ITA,-5.709552764892578
carrot,JAM,-5.510403990745544
carrot,JOR,-7.5
carrot,JPN,-7.5
carrot,KAZ,0.7733184695243835
carrot,KEN,-1.4370471239089966
carrot,KGZ,-1.2940498292446136
carrot,KHM,-6.940470933914185
carrot,KOR,1.0650664865970612
carrot,LAO,-7.5
carrot,LBN,-7.5
carrot,LBR,-7.5
carrot,LBY,-6.601476669311523
carrot,LKA,-7.394666910171509
carrot,LSO,-6.845035552978516
carrot,LTU,-0.9063743352890015
carrot,LUX,-7.5
carrot,LVA,2.2853708267211914
carrot,MAR,1.8261315822601318
carrot,MDA,1.3267172276973724
carrot,MDG,-7.231278896331787
carrot,MEX,1.0810468196868896
carrot,MKD,2.7450218200683594
carrot,MLI,-7.5
carrot,MLT,-5.96611213684082
carrot,MMR,-6.128272294998169
carrot,MNE,-5.389203310012817
carrot,MNG,-1.2394599914550781
carrot,MOZ,-7.5
carrot,MRT,-7.5
carrot,MUS,-7.464142560958862
carrot,MWI,0.0
carrot,MYS,-6.09173846244812
carrot,NAM,-7.5
carrot,NER,-7.5
carrot,NGA,-7.5
carrot,NIC,-4.54506254196167
carrot,NLD,6.475709915161133
carrot,NOR,-7.5
carrot,NPL,-6.417362213134766
carrot,NZL,-4.705225110054016
carrot,OMN,-7.127775192260742
carrot,PAK,-6.565500259399414
carrot,PAN,-7.5
carrot,PER,0.7573734223842621
carrot,PHL,-4.3007519245147705
carrot,PNG,-5.949152231216431
carrot,POL,6.520746946334839
carrot,PRI,-7.21417498588562
carrot,PRT,-7.015469789505005
carrot,PRY,-3.3156142234802246
carrot,PSE,-7.5
carrot,ROU,-2.419060468673706
carrot,RUS,3.386167526245117
carrot,RWA,-2.666894316673279
carrot,SAU,-7.5
carrot,SDN,-6.713261127471924
carrot,SEN,-7.2541282176971436
carrot,SLB,-7.5
carrot,SLE,-7.5
carrot,SLV,3.7953471317887306
carrot,SOM,-7.5
carrot,SRB,-1.0693536698818207
carrot,SSD,-7.5
carrot,STP,-7.344713926315308
carrot,SUR,-7.5
carrot,SVK,-4.990419864654541
carrot,SVN,2.1249555349349976
carrot,SWE,-7.5
carrot,SWZ,-7.5
carrot,SYR,-5.5957465171813965
carrot,TCD,-5.207505226135254
carrot,TGO,-7.5
carrot,THA,-6.636301279067993
carrot,TJK,2.459314465522766
carrot,TKM,-5.07087516784668
carrot,TLS,-7.5
carrot,TTO,-7.5
carrot,TUN,2.247198700904846
carrot,TUR,-1.0862889885902405
carrot,TWN,-5.509049892425537
carrot,TZA,-7.5
carrot,UGA,0.0
carrot,UKR,3.807665467262268
carrot,URY,-3.349864363670349
carrot,USA,-7.5
carrot,UZB,2.0903892517089844
carrot,VEN,-4.875519752502441
carrot,VNM,-6.20216178894043
carrot,VUT,-3.9209903478622437
carrot,YEM,-2.2567331194877625
carrot,ZAF,-1.927030086517334
carrot,ZMB,-7.5
carrot,ZWE,-3.5769935846328735
cassava,AGO,-3.5459848642349243
cassava,ARG,-4.6309590339660645
cassava,ATG,-3.2050607204437256
cassava,BDI,-2.2624571323394775
cassava,BEN,-2.801958441734314
cassava,BFA,-3.4809807538986206
cassava,BGD,-2.072294235229492
cassava,BHS,-2.9746246337890625
cassava,BLZ,-4.290181636810303
cassava,BOL,-1.5963562726974487
cassava,BRA,-1.4752828478813171
cassava,BRB,-7.5
cassava,BRN,-7.5
cassava,BTN,7.5
cassava,BWA,-7.5
cassava,CAF,-3.59047269821167
cassava,CHN,-3.418551206588745
cassava,CIV,-0.9372299611568451
cassava,CMR,-3.4097394943237305
cassava,COD,-3.5034844875335693
cassava,COG,-3.3812488317489624
cassava,COL,-3.4469053745269775
cassava,COM,-3.56710946559906
cassava,CPV,-7.5
cassava,CRI,-3.210308313369751
cassava,CUB,-3.6046812534332275
cassava,DOM,-2.054839253425598
cassava,ECU,-1.1701618432998657
cassava,ETH,-3.476238250732422
cassava,FJI,-6.433267116546631
cassava,GAB,-3.653593063354492
cassava,GHA,-2.5779783725738525
cassava,GIN,-0.7884809076786041
cassava,GMB,-3.6654598712921143
cassava,GNB,-3.506041646003723
cassava,GNQ,-3.6834845542907715
cassava,GRD,-0.0
cassava,GTM,-3.7583913803100586
cassava,GUF,-0.0
cassava,GUY,-7.5
cassava,HND,-6.918893575668335
cassava,HTI,-3.6290159225463867
cassava,IDN,-3.7551075220108032
cassava,IND,-2.3736380338668823
cassava,JAM,-5.752807378768921
cassava,KEN,-3.636491537094116
cassava,KHM,-3.2565791606903076
cassava,LAO,-2.9903441667556763
cassava,LBR,-3.5921244621276855
cassava,LKA,-2.9532837867736816
cassava,MDG,-3.467949151992798
cassava,MEX,-1.5877230167388916
cassava,MLI,-4.435182094573975
cassava,MMR,-3.436455249786377
cassava,MOZ,-1.9028942584991455
cassava,MUS,-5.832042217254639
cassava,MWI,-6.399430513381958
cassava,MYS,-3.7033276557922363
cassava,NAM,-3.446155548095703
cassava,NER,-4.079559803009033
cassava,NGA,-3.712349057197571
cassava,NIC,-1.3320353627204895
cassava,NPL,-1.9382773637771606
cassava,PAK,-2.0009207725524902
cassava,PAN,-5.386972665786743
cassava,PER,-1.4919465780258179
cassava,PHL,-1.3400139808654785
cassava,PNG,-3.3014910221099854
cassava,PRI,-3.6971572637557983
cassava,PRY,-0.7154587507247925
cassava,RWA,-2.5142844915390015
cassava,SDN,-3.472000002861023
cassava,SEN,-2.4839537143707275
cassava,SLB,-2.905221700668335
cassava,SLE,-3.658116936683655
cassava,SLV,2.0064433813095093
cassava,SOM,-3.5116381645202637
cassava,SSD,-3.219716191291809
cassava,STP,-3.489634156227112
cassava,SUR,-7.5
cassava,SWZ,-3.4858916997909546
cassava,TCD,-3.505104660987854
cassava,TGO,-0.7601044476032257
cassava,THA,-0.6751765310764313
cassava,TLS,-2.4823882579803467
cassava,TTO,-4.734807729721069
cassava,TWN,-3.1597747802734375
cassava,TZA,-0.5901942551136017
cassava,UGA,-3.709047794342041
cassava,URY,2.010109543800354
cassava,USA,-0.0
cassava,VEN,-3.2610334157943726
cassava,VNM,-3.062817335128784
cassava,ZAF,-3.5767147541046143
cassava,ZMB,-5.1847007274627686
cassava,ZWE,-3.2434096336364746
chickpea,AFG,-1.1508064270019531
chickpea,AGO,-1.1816933155059814
chickpea,ALB,-1.129574179649353
chickpea,ARE,-0.0
chickpea,ARG,-1.1522675156593323
chickpea,ARM,-0.890562117099762
chickpea,AUS,-0.38517123460769653
chickpea,AUT,-1.001323640346527
chickpea,AZE,-0.9205431640148163
chickpea,BDI,-1.1963327527046204
chickpea,BEL,3.4761987924575806
chickpea,BEN,-1.13457590341568
chickpea,BFA,-1.1746230125427246
chickpea,BGD,-0.581730842590332
chickpea,BGR,-0.9873267114162445
chickpea,BHS,-7.5
chickpea,BIH,3.2720632553100586
chickpea,BLR,3.360523045063019
chickpea,BLZ,-1.1344654560089111
chickpea,BOL,7.5
chickpea,BRA,-1.1781351566314697
chickpea,BRB,-7.5
chickpea,BRN,0.0
chickpea,BTN,-1.1104592680931091
chickpea,BWA,-1.1744059324264526
chickpea,CAF,-1.1396016478538513
chickpea,CAN,-0.757138580083847
chickpea,CHE,-0.6049191355705261
chickpea,CHL,-1.0335413813591003
chickpea,CHN,-0.746524453163147
chickpea,CIV,-1.1304442882537842
chickpea,CMR,-1.1718313694000244
chickpea,COD,-1.2032105326652527
chickpea,COG,-1.1898829340934753
chickpea,COL,7.5
chickpea,COM,-1.1307554841041565
chickpea,CPV,-1.2010721564292908
chickpea,CRI,-1.1697925329208374
chickpea,CUB,-1.1102975010871887
chickpea,CYP,2.7775928378105164
chickpea,CZE,-0.827275812625885
chickpea,DEU,-0.6786909103393555
chickpea,DJI,-7.5
chickpea,DNK,-0.6823329329490662
chickpea,DOM,-0.0
chickpea,DZA,-1.1633949279785156
chickpea,ECU,-1.1447447538375854
chickpea,EGY,-1.129401683807373
chickpea,ERI,-1.1525657176971436
chickpea,ESP,-0.48959288001060486
chickpea,EST,-0.9748097062110901
chickpea,ETH,-1.0226580500602722
chickpea,FIN,3.3198839128017426
chickpea,FJI,-7.5
chickpea,FRA,-0.8082377910614014
chickpea,GAB,-7.5
chickpea,GBR,-0.9192171394824982
chickpea,GEO,-1.044516682624817
chickpea,GHA,-1.1564531922340393
chickpea,GIN,-1.1186652183532715
chickpea,GMB,-1.1545352935791016
chickpea,GNB,-1.1759967803955078
chickpea,GNQ,7.5
chickpea,GRC,-3.033135771751404
chickpea,GRD,-7.5
chickpea,GTM,-1.1173784732818604
chickpea,GUF,7.5
chickpea,GUY,-7.5
chickpea,HND,-1.4317875504493713
chickpea,HRV,3.2658431828022003
chickpea,HTI,-1.1826294660568237
chickpea,HUN,-1.0184337794780731
chickpea,IDN,-1.153687596321106
chickpea,IND,-1.172584891319275
chickpea,IRL,-0.6010408997535706
chickpea,IRN,-0.30994831025600433
chickpea,IRQ,7.5
chickpea,ISR,-3.4025431871414185
chickpea,ITA,-1.0088587403297424
chickpea,JAM,-7.5
chickpea,JOR,-2.212040662765503
chickpea,JPN,-0.7553525567054749
chickpea,KAZ,-1.1076226234436035
chickpea,KEN,-0.12502293288707733
chickpea,KGZ,-1.0126065015792847
chickpea,KHM,-1.0511174201965332
chickpea,KOR,-0.8736363053321838
chickpea,LAO,-0.9573851227760315
chickpea,LBN,-1.6866052746772766
chickpea,LBR,-4.324288725852966
chickpea,LBY,7.5
chickpea,LKA,-1.0760637521743774
chickpea,LSO,-1.1531054973602295
chickpea,LTU,-0.9111323356628418
chickpea,LUX,-0.9548069834709167
chickpea,LVA,-0.8074576258659363
chickpea,MAR,-0.8180804550647736
chickpea,MDA,-0.9577079117298126
chickpea,MDG,-1.0493522882461548
chickpea,MEX,-1.1924504041671753
chickpea,MKD,-0.8739794790744781
chickpea,MLI,-1.1293176412582397
chickpea,MMR,-1.088004231452942
chickpea,MNE,-0.8237515687942505
chickpea,MNG,0.0
chickpea,MOZ,-1.1522643566131592
chickpea,MRT,-1.192269206047058
chickpea,MWI,3.2089152932167053
chickpea,MYS,3.2752164006233215
chickpea,NAM,-1.0433826446533203
chickpea,NER,-7.5
chickpea,NGA,-1.153502881526947
chickpea,NIC,3.183667302131653
chickpea,NLD,-0.9353713095188141
chickpea,NOR,-1.0209797620773315
chickpea,NPL,-0.68906369805336
chickpea,NZL,-7.5
chickpea,OMN,-0.0
chickpea,PAK,-1.1733767986297607
chickpea,PAN,-1.187530279159546
chickpea,PER,3.158587396144867
chickpea,PHL,-1.0971561670303345
chickpea,PNG,-7.5
chickpea,POL,3.3060993552207947
chickpea,PRI,7.5
chickpea,PRT,-1.081618309020996
chickpea,PRY,-1.1709263324737549
chickpea,PSE,-2.192963719367981
chickpea,ROU,-1.02171391248703
chickpea,RUS,-1.0800501704216003
chickpea,RWA,-1.1855026483535767
chickpea,SAU,-0.9729917943477631
chickpea,SDN,-1.1415177583694458
chickpea,SEN,-1.1587949991226196
chickpea,SLB,-1.1044569611549377
chickpea,SLE,-1.1583664417266846
chickpea,SLV,3.196742832660675
chickpea,SOM,-1.1760674118995667
chickpea,SRB,-0.9099194705486298
chickpea,SSD,-1.1237104535102844
chickpea,SUR,0.0
chickpea,SVK,-0.8590874075889587
chickpea,SVN,3.3390455842018127
chickpea,SWE,-7.5
chickpea,SWZ,-1.1277928948402405
chickpea,SYR,-1.133899450302124
chickpea,TCD,-1.1828256845474243
chickpea,TGO,-1.1766112446784973
chickpea,THA,-1.0828181505203247
chickpea,TJK,-1.7884986400604248
chickpea,TKM,-1.033324122428894
chickpea,TLS,3.2431617379188538
chickpea,TTO,-4.2427589893341064
chickpea,TUN,-0.8661374151706696
chickpea,TUR,-0.8012827634811401
chickpea,TWN,-0.8631782233715057
chickpea,TZA,-1.0643346309661865
chickpea,UGA,-1.1485616564750671
chickpea,UKR,-1.10389244556427
chickpea,URY,-1.0650118291378021
chickpea,USA,-0.6075880527496338
chickpea,UZB,-1.1230682134628296
chickpea,VEN,-7.5
chickpea,VNM,3.225072979927063
chickpea,YEM,-2.110792636871338
chickpea,ZAF,-1.5233755111694336
chickpea,ZMB,-1.1401667594909668
chickpea,ZWE,-1.2711578607559204
citrus,AFG,-2.2145252227783203
citrus,AGO,-2.5983119010925293
citrus,ALB,-0.10197004675865173
citrus,ARG,2.5843698978424072
citrus,AUS,-4.90018105506897
citrus,AZE,-1.3168928623199463
citrus,BDI,-0.0
citrus,BEN,-3.7116944789886475
citrus,BFA,1.8752673864364624
citrus,BGD,5.478900909423828
citrus,BGR,-0.0
citrus,BHS,2.4754544496536255
citrus,BIH,-6.753859043121338
citrus,BLZ,2.138903021812439
citrus,BOL,-3.984588623046875
citrus,BRA,2.106999635696411
citrus,BTN,0.691819928586483
citrus,BWA,-0.5134246181696653
citrus,CAF,-4.963114500045776
citrus,CHL,-5.304154872894287
citrus,CHN,-7.5
citrus,CIV,-0.6473321616649628
citrus,CMR,-4.557333469390869
citrus,COD,-0.7913915514945984
citrus,COG,-4.8620710372924805
citrus,COL,1.2188277840614319
citrus,COM,-0.0
citrus,CPV,-0.0
citrus,CRI,7.5
citrus,CUB,-2.3917330503463745
citrus,CYP,-0.9612662196159363
citrus,DOM,7.5
citrus,DZA,-7.215188264846802
citrus,ECU,2.364832878112793
citrus,EGY,-0.0
citrus,ERI,-0.0
citrus,ESP,-1.4051933288574219
citrus,ETH,0.9726546406745911
citrus,FJI,-7.5
citrus,FRA,-0.538306400179863
citrus,GAB,-6.073794364929199
citrus,GEO,-1.0738159716129303
citrus,GHA,-1.5956847667694092
citrus,GIN,1.3642606139183044
citrus,GRC,4.64168119430542
citrus,GTM,-0.04967877268791199
citrus,GUY,-7.5
citrus,HND,7.5
citrus,HRV,-4.903197526931763
citrus,HTI,-2.137332022190094
citrus,IDN,-7.5
citrus,IND,-0.9668276906013489
citrus,IRN,-4.970452308654785
citrus,IRQ,-0.0
citrus,ISR,-7.5
citrus,ITA,-3.120672430843115
citrus,JAM,-7.5
citrus,JOR,-0.5892976522445679
citrus,JPN,-7.5
citrus,KEN,5.383404731750488
citrus,KHM,-2.9612659215927124
citrus,KOR,1.6220898032188416
citrus,LAO,-2.441878914833069
citrus,LBN,-7.5
citrus,LBR,-4.291792988777161
citrus,LBY,1.0532159805297852
citrus,LKA,3.6036412715911865
citrus,LSO,-0.0
citrus,MAR,1.524413824081421
citrus,MDG,-4.947878360748291
citrus,MEX,2.7811107635498047
citrus,MKD,-0.0
citrus,MLI,2.533550262451172
citrus,MLT,-7.5
citrus,MMR,-0.0
citrus,MNE,1.2823021411895752
citrus,MOZ,-2.9378175735473633
citrus,MRT,-0.0
citrus,MUS,-2.8551217317581177
citrus,MWI,-0.45226695761084557
citrus,MYS,0.585880696773529
citrus,NAM,-2.3457512855529785
citrus,NER,-0.0
citrus,NGA,-4.354124307632446
citrus,NIC,3.673570394515991
citrus,NPL,1.2085086107254028
citrus,NZL,3.3580039739608765
citrus,OMN,7.5
citrus,PAK,-0.7795025184750557
citrus,PAN,4.423754930496216
citrus,PER,6.643495798110962
citrus,PHL,3.4227832555770874
citrus,PNG,-0.0
citrus,PRI,-7.067363262176514
citrus,PRT,-7.0706946849823
citrus,PRY,-2.8833805322647095
citrus,PSE,-3.0154836177825928
citrus,RUS,-2.2380008697509766
citrus,RWA,0.36429502069950104
citrus,SAU,-1.6608998775482178
citrus,SDN,0.9132734537124634
citrus,SEN,0.5652767792344093
citrus,SLE,-1.8251850008964539
citrus,SLV,3.5749674141407013
citrus,SOM,-2.632472276687622
citrus,SSD,-4.579357624053955
citrus,SUR,-7.5
citrus,SVN,-0.0
citrus,SWZ,-4.552384376525879
citrus,SYR,0.8065097033977509
citrus,TGO,2.0139510333538055
citrus,THA,-7.02281379699707
citrus,TJK,-7.5
citrus,TKM,-0.0
citrus,TLS,0.7320956103503704
citrus,TTO,-4.201215982437134
citrus,TUN,-0.2735957130789757
citrus,TUR,2.195544719696045
citrus,TWN,-0.0
citrus,TZA,-5.003614664077759
citrus,UGA,-0.0
citrus,URY,-1.278217613697052
citrus,USA,-1.3928638696670532
citrus,UZB,-6.77368688583374
citrus,VEN,-0.2605867087841034
citrus,VNM,-5.340648889541626
citrus,VUT,-0.0
citrus,YEM,-4.34515905380249
citrus,ZAF,-3.385246753692627
citrus,ZMB,-2.565624475479126
citrus,ZWE,-0.8258373439311981
cocoa,AGO,-0.7176892161369324
cocoa,BDI,0.17595813423395157
cocoa,BEN,0.04153354838490486
cocoa,BLZ,0.7446293234825134
cocoa,BOL,0.1642775721848011
cocoa,BRA,-0.13347211480140686
cocoa,BRN,3.439333587884903
cocoa,CAF,-0.8230550587177277
cocoa,CIV,-0.09250469505786896
cocoa,CMR,-0.05844331160187721
cocoa,COD,0.18651772290468216
cocoa,COG,-0.37845438718795776
cocoa,COL,0.11821169778704643
cocoa,COM,-7.5
cocoa,CRI,-0.6169258654117584
cocoa,CUB,-0.3892042934894562
cocoa,DOM,-0.6943880319595337
cocoa,ECU,-0.049399642273783684
cocoa,FJI,0.5908415913581848
cocoa,GAB,-0.805846780538559
cocoa,GHA,-0.07294157892465591
cocoa,GIN,0.6426470279693604
cocoa,GNQ,-0.7563727498054504
cocoa,GRD,-0.014503366313874722
cocoa,GTM,4.491528511047363
cocoa,GUF,-0.0
cocoa,GUY,-0.020972808822989464
cocoa,HND,-0.6235075294971466
cocoa,HTI,-0.2997289374470711
cocoa,IDN,0.24531975388526917
cocoa,IND,-0.1816251128911972
cocoa,JAM,0.36141732335090637
cocoa,KEN,0.6424118876457214
cocoa,KHM,-0.2636415958404541
cocoa,LAO,-0.0
cocoa,LBR,-0.6102632284164429
cocoa,LKA,1.489235520362854
cocoa,MDG,0.44765225052833557
cocoa,MEX,-0.03608253505080938
cocoa,MWI,1.8206966519355774
cocoa,MYS,0.06120101734995842
cocoa,NGA,-0.4918399602174759
cocoa,NIC,0.5826320052146912
cocoa,PAN,-0.6685372292995453
cocoa,PER,-0.5674541890621185
cocoa,PHL,-0.003712898353114724
cocoa,PNG,-0.09426150098443031
cocoa,PRY,-0.0
cocoa,RWA,0.47834423184394836
cocoa,SLB,-0.23117083311080933
cocoa,SLE,-0.41456036269664764
cocoa,SLV,-0.137068971991539
cocoa,SSD,-0.17467578127980232
cocoa,STP,-0.0
cocoa,SUR,-0.8361806869506836
cocoa,TGO,-0.08039093390107155
cocoa,THA,7.5
cocoa,TLS,0.09823509305715561
cocoa,TTO,-0.6288059651851654
cocoa,TZA,-0.0
cocoa,UGA,-0.09418119303882122
cocoa,VEN,-0.11893687397241592
cocoa,VNM,0.0868929959833622
cocoa,VUT,0.4592871367931366
coconut,AGO,-1.6394718885421753
coconut,BDI,-2.314582347869873
coconut,BEN,-1.455781877040863
coconut,BGD,-2.85168993473053
coconut,BHS,-7.5
coconut,BLZ,-1.6493625044822693
coconut,BOL,-2.8256865739822388
coconut,BRA,-3.188847541809082
coconut,BRB,-7.5
coconut,BRN,-1.5349333882331848
coconut,CAF,7.5
coconut,CHN,-7.5
coconut,CIV,-1.5616269707679749
coconut,CMR,-1.6026979088783264
coconut,COD,-1.5563418865203857
coconut,COG,-1.6073487997055054
coconut,COL,-6.149581670761108
coconut,COM,-1.594299554824829
coconut,CPV,-1.7257737517356873
coconut,CRI,-2.5336302518844604
coconut,CUB,-1.7924924492835999
coconut,DOM,-4.400582790374756
coconut,ECU,-2.081963300704956
coconut,FJI,-4.400463342666626
coconut,GAB,-1.6188998222351074
coconut,GHA,-1.7695260047912598
coconut,GIN,-1.6621272563934326
coconut,GNB,-1.7141857147216797
coconut,GNQ,-1.5446873903274536
coconut,GRD,-7.5
coconut,GTM,-1.8433524370193481
coconut,GUF,2.415945053100586
coconut,GUY,-1.1933661699295044
coconut,HND,-2.041219413280487
coconut,HTI,-1.656811535358429
coconut,IDN,-1.494034767150879
coconut,IND,-1.8810259103775024
coconut,JAM,-1.9261653423309326
coconut,KEN,-0.7393614649772644
coconut,KHM,-1.9041096568107605
coconut,LAO,-2.076932907104492
coconut,LBR,-1.6182007789611816
coconut,LKA,-1.7428398728370667
coconut,MDG,-1.5175648927688599
coconut,MEX,-1.6857707500457764
coconut,MMR,-2.3644769191741943
coconut,MOZ,-1.2795050740242004
coconut,MUS,-1.463474988937378
coconut,MWI,-2.593190908432007
coconut,MYS,-2.2884762287139893
coconut,NGA,-1.892691969871521
coconut,NIC,-1.7440558671951294
coconut,OMN,-7.5
coconut,PAK,-1.9953614473342896
coconut,PAN,-1.460296630859375
coconut,PER,-3.1207642555236816
coconut,PHL,-0.908653736114502
coconut,PNG,-1.898716151714325
coconut,PRI,-3.4902321100234985
coconut,PRY,-2.4389450550079346
coconut,SEN,-1.5869349241256714
coconut,SLB,-1.7296963334083557
coconut,SLE,-0.6192086338996887
coconut,SLV,-3.27863609790802
coconut,SOM,-1.692703127861023
coconut,STP,-1.6187615990638733
coconut,SUR,-7.5
coconut,TGO,-1.5749942660331726
coconut,THA,-2.1255438327789307
coconut,TLS,-2.018200397491455
coconut,TTO,-1.9765268564224243
coconut,TWN,-2.2536871433258057
coconut,TZA,-1.7196251153945923
coconut,VEN,-2.412340521812439
coconut,VNM,-4.5547871589660645
coconut,VUT,-1.8302337527275085
coconut,ZAF,-7.5
coffee,AGO,-0.9506014585494995
coffee,ARG,7.5
coffee,BDI,0.4341273456811905
coffee,BEN,-0.9852059483528137
coffee,BGD,-0.0
coffee,BLZ,-0.3832239657640457
coffee,BOL,0.41871178150177
coffee,BRA,0.8091004192829132
coffee,BRN,-0.0
coffee,BTN,-0.0
coffee,CAF,-0.748501718044281
coffee,CHN,2.9732112884521484
coffee,CIV,-0.04216654709307477
coffee,CMR,-0.4025406390428543
coffee,COD,-0.7227544188499451
coffee,COG,-0.8230364620685577
coffee,COL,-1.6792138814926147
coffee,COM,-0.9103385806083679
coffee,CPV,-0.8592715263366699
coffee,CRI,-1.556145429611206
coffee,CUB,-0.8027857542037964
coffee,DOM,-0.7394409775733948
coffee,ECU,0.09154342114925385
coffee,ERI,-0.0
coffee,ETH,-0.310863733291626
coffee,FJI,-0.19525223597884178
coffee,GAB,-0.7845479249954224
coffee,GHA,-0.2710554897785187
coffee,GIN,0.384910449385643
coffee,GNQ,-0.7694944441318512
coffee,GTM,-0.7129372358322144
coffee,GUF,-0.0
coffee,GUY,0.14235851168632507
coffee,HND,-0.8353763520717621
coffee,HTI,-0.4930472820997238
coffee,IDN,-0.02843944914638996
coffee,IND,0.0667387992143631
coffee,JAM,1.0861213207244873
coffee,KEN,-1.0165563821792603
coffee,KHM,-0.4493902549147606
coffee,LAO,1.1737581491470337
coffee,LBR,-1.028562307357788
coffee,LKA,-0.5995996287092566
coffee,MDG,-0.6495911478996277
coffee,MEX,0.28065070509910583
coffee,MMR,-0.18906929343938828
coffee,MOZ,1.276774287223816
coffee,MWI,0.13299771677702665
coffee,MYS,2.2992974519729614
coffee,NAM,-7.5
coffee,NGA,-0.021662278100848198
coffee,NIC,-0.005282234400510788
coffee,NPL,-0.08693523705005646
coffee,OMN,-7.5
coffee,PAN,-0.8895375728607178
coffee,PER,-0.7032388746738434
coffee,PHL,-0.16436035186052322
coffee,PNG,0.4150860458612442
coffee,PRI,-1.3750629425048828
coffee,PRY,0.3725593686103821
coffee,RWA,0.6026889681816101
coffee,SAU,-7.5
coffee,SDN,-7.5
coffee,SLE,-0.09393800050020218
coffee,SLV,-0.13211877271533012
coffee,SSD,-0.6390317678451538
coffee,STP,7.5
coffee,SUR,-1.1543826460838318
coffee,TGO,0.24870377779006958
coffee,THA,0.1344839185476303
coffee,TLS,-0.07177948951721191
coffee,TTO,-0.870389997959137
coffee,TWN,0.1767781302332878
coffee,TZA,-0.8592462539672852
coffee,UGA,-0.4595620781183243
coffee,USA,-2.3416415452957153
coffee,VEN,-0.5935704410076141
coffee,VNM,0.7182274162769318
coffee,VUT,-0.1436947991605848
coffee,YEM,-1.4218811988830566
coffee,ZAF,-0.0
coffee,ZMB,-0.6201182007789612
coffee,ZWE,-0.13237587362527847
cotton,AFG,-1.273659884929657
cotton,AGO,7.5
cotton,ALB,-1.2884576916694641
cotton,ARG,-1.2369766235351562
cotton,ARM,-1.2091712951660156
cotton,ATG,-7.5
cotton,AUS,-5.805370092391968
cotton,AZE,-0.6901426017284393
cotton,BDI,-0.27662813663482666
cotton,BEN,-1.8401677012443542
cotton,BFA,-1.2705925703048706
cotton,BGD,-1.267061173915863
cotton,BGR,-1.3680455088615417
cotton,BLZ,-0.0
cotton,BOL,-1.1367363929748535
cotton,BRA,-2.6360576152801514
cotton,BTN,-7.5
cotton,BWA,-1.1839808821678162
cotton,CAF,-1.285906732082367
cotton,CHN,-5.341255187988281
cotton,CIV,-0.40842773020267487
cotton,CMR,-1.2714096307754517
cotton,COD,-1.2856404185295105
cotton,COG,-7.5
cotton,COL,-2.7531166076660156
cotton,CRI,-1.2094618082046509
cotton,DJI,-1.220795750617981
cotton,DOM,7.5
cotton,DZA,7.5
cotton,ECU,-0.8945652544498444
cotton,EGY,-1.546363890171051
cotton,ERI,-1.2698895931243896
cotton,ESP,-1.5985016822814941
cotton,ETH,-1.354934573173523
cotton,GAB,-0.0
cotton,GEO,-1.2766042947769165
cotton,GHA,-1.254031240940094
cotton,GIN,-0.1064918115735054
cotton,GMB,-1.2813069224357605
cotton,GNB,-1.2635108828544617
cotton,GRC,-1.5929860472679138
cotton,GRD,-7.5
cotton,GTM,-3.6544346809387207
cotton,HND,3.1102506518363953
cotton,HTI,-1.2880721688270569
cotton,IND,-1.2883179187774658
cotton,IRN,-2.679276943206787
cotton,IRQ,7.5
cotton,ISR,-1.1856964826583862
cotton,JOR,2.840751051902771
cotton,KAZ,-1.0594329833984375
cotton,KEN,7.5
cotton,KGZ,-1.2529088258743286
cotton,KHM,-1.2739723324775696
cotton,KOR,-1.238003134727478
cotton,LAO,-1.2835124135017395
cotton,LBN,2.83571457862854
cotton,LBR,-4.3907840847969055
cotton,LSO,7.5
cotton,MAR,-2.1660224199295044
cotton,MDG,-1.253730058670044
cotton,MEX,-2.9290127754211426
cotton,MKD,3.1238434314727783
cotton,MLI,-0.3879779875278473
cotton,MMR,-1.2868703603744507
cotton,MNE,-0.0
cotton,MOZ,-1.2791366577148438
cotton,MRT,-1.2235907316207886
cotton,MWI,-1.2785321474075317
cotton,MYS,-0.0
cotton,NAM,7.5
cotton,NER,-0.6615659892559052
cotton,NGA,-1.2848358154296875
cotton,NIC,3.1657186150550842
cotton,NPL,-1.2972212433815002
cotton,OMN,-0.0
cotton,PAK,-1.095504641532898
cotton,PER,-2.5341548919677734
cotton,PRT,-1.2390683889389038
cotton,PRY,-0.6072068512439728
cotton,PSE,-1.7862574458122253
cotton,ROU,-0.0
cotton,RUS,7.5
cotton,RWA,-1.2802188992500305
cotton,SAU,2.934857130050659
cotton,SDN,-1.267576813697815
cotton,SEN,-1.267755389213562
cotton,SLE,-1.2776485681533813
cotton,SLV,2.8837442994117737
cotton,SOM,-1.3390032052993774
cotton,SSD,-1.2027517557144165
cotton,SWZ,-1.2773557901382446
cotton,SYR,-2.102160692214966
cotton,TCD,-1.221569299697876
cotton,TGO,-1.2741798758506775
cotton,THA,-1.279765248298645
cotton,TJK,-3.612910747528076
cotton,TKM,-1.219003438949585
cotton,TUN,-1.762300431728363
cotton,TUR,-1.3973330855369568
cotton,TWN,-7.5
cotton,TZA,-1.2782492637634277
cotton,UGA,-1.2620834708213806
cotton,URY,-1.2129471898078918
cotton,USA,-1.2855717539787292
cotton,UZB,-1.9485822916030884
cotton,VEN,-1.248627245426178
cotton,VNM,-1.291759729385376
cotton,YEM,-1.6049434542655945
cotton,ZAF,7.5
cotton,ZMB,-1.2792459726333618
cotton,ZWE,-0.5035021603107452
cowpea,AFG,-0.742558091878891
cowpea,AGO,-0.7877429723739624
cowpea,ALB,-0.7349549531936646
cowpea,ARE,-0.0
cowpea,ARG,-0.752922534942627
cowpea,ARM,-7.5
cowpea,AUS,-0.6850051879882812
cowpea,AUT,-0.8828507363796234
cowpea,AZE,-0.5250105708837509
cowpea,BDI,-0.8027659356594086
cowpea,BEL,3.6728290915489197
cowpea,BEN,-0.7410452961921692
cowpea,BFA,-0.7808294892311096
cowpea,BGD,-0.7065812945365906
cowpea,BGR,-0.6277671754360199
cowpea,BHS,-0.6936183869838715
cowpea,BIH,0.0
cowpea,BLR,3.558222994208336
cowpea,BLZ,-0.7409453094005585
cowpea,BOL,-0.7157776355743408
cowpea,BRA,-0.7616880536079407
cowpea,BRB,-0.5782256126403809
cowpea,BRN,0.0
cowpea,BTN,-0.7150042355060577
cowpea,BWA,-0.7819882035255432
cowpea,CAF,-0.7424006164073944
cowpea,CAN,-7.5
cowpea,CHE,-3.9663514345884323
cowpea,CHL,-0.7296481430530548
cowpea,CHN,-0.5089596211910248
cowpea,CIV,-0.7365219295024872
cowpea,CMR,-0.7784284055233002
cowpea,COD,-0.8096501529216766
cowpea,COG,-0.795683741569519
cowpea,COL,-0.6983560025691986
cowpea,COM,-0.7504180371761322
cowpea,CPV,-0.807558536529541
cowpea,CRI,-0.7783526480197906
cowpea,CUB,-0.7168209254741669
cowpea,CYP,-2.42164945602417
cowpea,CZE,-0.6129777431488037
cowpea,DEU,-0.2836003601551056
cowpea,DJI,-0.6810076832771301
cowpea,DNK,-0.34820690751075745
cowpea,DOM,-1.607829749584198
cowpea,DZA,-0.6301794052124023
cowpea,ECU,-0.7507553696632385
cowpea,EGY,-1.458447277545929
cowpea,ERI,-0.7582966685295105
cowpea,ESP,-0.6519029140472412
cowpea,EST,-0.5803811252117157
cowpea,ETH,-0.7588599920272827
cowpea,FIN,3.51748825609684
cowpea,FJI,-0.5383236408233643
cowpea,FRA,-0.4129032790660858
cowpea,GAB,-0.7245879471302032
cowpea,GBR,-0.5238874703645706
cowpea,GEO,-0.6724502146244049
cowpea,GHA,-0.7629081308841705
cowpea,GIN,-0.7251404225826263
cowpea,GMB,-0.7611111104488373
cowpea,GNB,-0.7819665670394897
cowpea,GNQ,7.5
cowpea,GRC,-0.7213357985019684
cowpea,GRD,-0.6009289622306824
cowpea,GTM,-0.7234782576560974
cowpea,GUF,-0.7433504462242126
cowpea,GUY,-4.305983543395996
cowpea,HND,-0.796939343214035
cowpea,HRV,3.463323414325714
cowpea,HTI,-0.7987648248672485
cowpea,HUN,-0.520863950252533
cowpea,IDN,-0.6973613500595093
cowpea,IND,-0.8066416382789612
cowpea,IRL,-0.20755960792303085
cowpea,IRN,-0.7613919079303741
cowpea,IRQ,0.6226058900356293
cowpea,ISR,-0.653144896030426
cowpea,ITA,-0.6382672190666199
cowpea,JAM,-2.509313941001892
cowpea,JOR,-2.0527572631835938
cowpea,JPN,-0.3622433692216873
cowpea,KAZ,-0.7882982790470123
cowpea,KEN,-0.2330697625875473
cowpea,KGZ,-0.6172748506069183
cowpea,KHM,-0.6549808382987976
cowpea,KOR,-0.4927821606397629
cowpea,LAO,-0.5783837735652924
cowpea,LBN,-0.7198087275028229
cowpea,LBR,-0.7661008834838867
cowpea,LBY,-0.9037585258483887
cowpea,LKA,-1.2396352887153625
cowpea,LSO,-0.7591575086116791
cowpea,LTU,-0.5166255831718445
cowpea,LUX,-7.5
cowpea,LVA,-0.4129931628704071
cowpea,MAR,-1.1717692017555237
cowpea,MDA,-0.7158364653587341
cowpea,MDG,-0.6549326479434967
cowpea,MEX,-0.7748311758041382
cowpea,MKD,-0.47903552651405334
cowpea,MLI,-0.1469707041978836
cowpea,MMR,-0.6923781037330627
cowpea,MNE,-3.967818334698677
cowpea,MNG,0.0
cowpea,MOZ,-0.7658556699752808
cowpea,MRT,-0.7659669518470764
cowpea,MWI,3.6955514550209045
cowpea,MYS,3.473284661769867
cowpea,NAM,-0.6507798433303833
cowpea,NER,-0.8090792894363403
cowpea,NGA,-0.7601111233234406
cowpea,NIC,3.379292994737625
cowpea,NLD,-4.0327982902526855
cowpea,NOR,-0.6279022097587585
cowpea,NPL,-0.6831593215465546
cowpea,NZL,-3.9711704701185226
cowpea,OMN,-0.0
cowpea,PAK,-0.7868269681930542
cowpea,PAN,-0.7958703935146332
cowpea,PER,-0.6210343837738037
cowpea,PHL,-0.6934381723403931
cowpea,PNG,-0.7933188080787659
cowpea,POL,3.5036689192056656
cowpea,PRI,3.5024998486042023
cowpea,PRT,-0.6860067546367645
cowpea,PRY,-0.7789283692836761
cowpea,PSE,-4.255577385425568
cowpea,ROU,-4.098560929298401
cowpea,RUS,-0.75018110871315
cowpea,RWA,-0.7918887138366699
cowpea,SAU,-0.80600905418396
cowpea,SDN,-0.7466915845870972
cowpea,SEN,-0.7172594666481018
cowpea,SLB,-0.7108006775379181
cowpea,SLE,-0.7648946344852448
cowpea,SLV,3.3936655521392822
cowpea,SOM,-0.7998166084289551
cowpea,SRB,-4.058304935693741
cowpea,SSD,-0.7317507863044739
cowpea,SUR,3.3710224330425262
cowpea,SVK,-0.5898884236812592
cowpea,SVN,3.5365484803915024
cowpea,SWE,-0.5575720071792603
cowpea,SWZ,-0.7372479438781738
cowpea,SYR,-0.7807962894439697
cowpea,TCD,-0.7914814651012421
cowpea,TGO,-0.7830798029899597
cowpea,THA,-0.6886316537857056
cowpea,TJK,-1.4837410151958466
cowpea,TKM,-0.6395513415336609
cowpea,TLS,3.440685957670212
cowpea,TTO,-0.6048314571380615
cowpea,TUN,-0.8447656035423279
cowpea,TUR,-0.6601703763008118
cowpea,TWN,-0.48581235110759735
cowpea,TZA,-0.23499207198619843
cowpea,UGA,-0.7545995712280273
cowpea,UKR,-0.7301050126552582
cowpea,URY,-0.6829394102096558
cowpea,USA,-0.7275065779685974
cowpea,UZB,-0.7291962504386902
cowpea,VEN,-0.7224133312702179
cowpea,VNM,3.423065483570099
cowpea,YEM,-0.6669609546661377
cowpea,ZAF,-1.4490970373153687
cowpea,ZMB,-0.7457090020179749
cowpea,ZWE,-0.881014347076416
dry-pea,AFG,-0.5763541162014008
dry-pea,AGO,-0.6164260506629944
dry-pea,ALB,-0.5656448304653168
dry-pea,ARE,-0.0
dry-pea,ARG,-0.586119681596756
dry-pea,ARM,-0.3563123643398285
dry-pea,AUS,-0.518236517906189
dry-pea,AUT,-0.15918537974357605
dry-pea,AZE,-1.80337393283844
dry-pea,BDI,-0.6302985846996307
dry-pea,BEL,-0.04626108333468437
dry-pea,BEN,-0.5684695541858673
dry-pea,BFA,-0.6090422570705414
dry-pea,BGD,-0.5392660796642303
dry-pea,BGR,-0.279867559671402
dry-pea,BHS,-7.5
dry-pea,BIH,3.553747534751892
dry-pea,BLR,3.481587767601013
dry-pea,BLZ,-0.6440850496292114
dry-pea,BOL,-0.5400653183460236
dry-pea,BRA,7.5
dry-pea,BRB,-7.5
dry-pea,BRN,-7.5
dry-pea,BTN,-0.5482014715671539
dry-pea,BWA,-0.6173390746116638
dry-pea,CAF,-0.572819709777832
dry-pea,CAN,-0.4466952830553055
dry-pea,CHE,-0.5948182344436646
dry-pea,CHL,-1.0000464916229248
dry-pea,CHN,-0.30263519287109375
dry-pea,CIV,-0.5651213824748993
dry-pea,CMR,-0.6054696440696716
dry-pea,COD,-7.5
dry-pea,COG,-0.6251137852668762
dry-pea,COL,-0.8990608155727386
dry-pea,COM,-0.5786975920200348
dry-pea,CPV,-0.6260808110237122
dry-pea,CRI,-0.6059374213218689
dry-pea,CUB,-0.5440828204154968
dry-pea,CYP,-0.3163352906703949
dry-pea,CZE,-0.16817432641983032
dry-pea,DEU,-0.11570427194237709
dry-pea,DJI,-7.5
dry-pea,DNK,-0.3164744973182678
dry-pea,DOM,-0.566302627325058
dry-pea,DZA,-0.5423257946968079
dry-pea,ECU,-0.4209129959344864
dry-pea,EGY,7.5
dry-pea,ERI,-0.5879358649253845
dry-pea,ESP,-0.19402142614126205
dry-pea,EST,-0.39979010820388794
dry-pea,ETH,-0.7747321724891663
dry-pea,FIN,3.6012592017650604
dry-pea,FJI,-7.5
dry-pea,FRA,-0.24573904275894165
dry-pea,GAB,-7.5
dry-pea,GBR,-0.41658006608486176
dry-pea,GEO,-0.4134276211261749
dry-pea,GHA,-0.5903756618499756
dry-pea,GIN,-0.5525470972061157
dry-pea,GMB,-0.5882160663604736
dry-pea,GNB,-0.6100137531757355
dry-pea,GNQ,7.5
dry-pea,GRC,-0.5517261624336243
dry-pea,GRD,-7.5
dry-pea,GTM,-0.5520111322402954
dry-pea,GUF,-7.5
dry-pea,GUY,-0.5294385552406311
dry-pea,HND,-0.8640693128108978
dry-pea,HRV,3.5132482051849365
dry-pea,HTI,-0.6158127188682556
dry-pea,HUN,-0.6509804725646973
dry-pea,IDN,-0.5846506357192993
dry-pea,IND,-0.6092028319835663
dry-pea,IRL,-0.043835507705807686
dry-pea,IRN,-0.5889852643013
dry-pea,IRQ,0.7905685305595398
dry-pea,ISR,0.021417698822915554
dry-pea,ITA,-0.42905084788799286
dry-pea,JAM,-4.335882842540741
dry-pea,JOR,-0.7357350587844849
dry-pea,JPN,-0.055004374793497846
dry-pea,KAZ,-0.10451241582632065
dry-pea,KEN,-0.6387993693351746
dry-pea,KGZ,-0.36578764021396637
dry-pea,KHM,-0.49022291600704193
dry-pea,KOR,3.591595634818077
dry-pea,LAO,-0.3948688954114914
dry-pea,LBN,-0.4895095080137253
dry-pea,LBR,-0.5949351489543915
dry-pea,LBY,-0.7487205564975739
dry-pea,LKA,-0.5140222012996674
dry-pea,LSO,3.7693396266549826
dry-pea,LTU,-0.17106404900550842
dry-pea,LUX,-0.23255522549152374
dry-pea,LVA,-0.0952591672539711
dry-pea,MAR,-0.5730382204055786
dry-pea,MDA,-0.09457711223512888
dry-pea,MDG,-0.48502378165721893
dry-pea,MEX,-0.4358249306678772
dry-pea,MKD,-0.3106994777917862
dry-pea,MLI,-0.5846582651138306
dry-pea,MMR,-0.5256636738777161
dry-pea,MNE,-0.2608320415019989
dry-pea,MNG,-0.2438591867685318
dry-pea,MOZ,-0.5949410796165466
dry-pea,MRT,-0.6071754992008209
dry-pea,MWI,3.4942056834697723
dry-pea,MYS,3.5592215806245804
dry-pea,NAM,-0.4899337887763977
dry-pea,NER,-0.6296944618225098
dry-pea,NGA,-0.5871186256408691
dry-pea,NIC,3.464499682188034
dry-pea,NLD,-1.5255171954631805
dry-pea,NOR,-0.35771268606185913
dry-pea,NPL,-0.5107178092002869
dry-pea,NZL,-0.2686745375394821
dry-pea,OMN,-0.0
dry-pea,PAK,-0.6128467321395874
dry-pea,PAN,-0.6196939051151276
dry-pea,PER,-1.08821502327919
dry-pea,PHL,-0.5293351709842682
dry-pea,PNG,-7.5
dry-pea,POL,-0.316598579287529
dry-pea,PRI,-7.5
dry-pea,PRT,-0.5196737349033356
dry-pea,PRY,-0.6017546653747559
dry-pea,PSE,-1.8412739634513855
dry-pea,ROU,-1.9241222739219666
dry-pea,RUS,-0.19581736624240875
dry-pea,RWA,-0.7504282891750336
dry-pea,SAU,-0.44989416003227234
dry-pea,SDN,-0.5861651003360748
dry-pea,SEN,-0.5925172567367554
dry-pea,SLB,-0.5386015176773071
dry-pea,SLE,-0.5921421051025391
dry-pea,SLV,3.4794811606407166
dry-pea,SOM,-0.6069486439228058
dry-pea,SRB,-0.346237376332283
dry-pea,SSD,-0.5640181303024292
dry-pea,SUR,0.0
dry-pea,SVK,-0.299690306186676
dry-pea,SVN,-0.3057422637939453
dry-pea,SWE,-0.38953590393066406
dry-pea,SWZ,-0.5678097307682037
dry-pea,SYR,-0.5855399370193481
dry-pea,TCD,-0.6213465631008148
dry-pea,TGO,-0.6105064451694489
dry-pea,THA,-0.5460451245307922
dry-pea,TJK,-0.5949536263942719
dry-pea,TKM,-0.47641411423683167
dry-pea,TLS,3.5246971547603607
dry-pea,TTO,-3.962533116340637
dry-pea,TUN,-0.6023371517658234
dry-pea,TUR,-1.169978141784668
dry-pea,TWN,-0.30261053144931793
dry-pea,TZA,-0.4995932877063751
dry-pea,UGA,-0.5833180844783783
dry-pea,UKR,-0.35087335109710693
dry-pea,URY,-0.5175571739673615
dry-pea,USA,-0.3295847177505493
dry-pea,UZB,-2.300550937652588
dry-pea,VEN,3.51328544318676
dry-pea,VNM,-0.45602816343307495
dry-pea,YEM,-1.5868552327156067
dry-pea,ZAF,-0.5753569602966309
dry-pea,ZMB,-0.575914740562439
dry-pea,ZWE,-0.7098487019538879
dryland-rice,AFG,-1.0951203107833862
dryland-rice,AGO,-1.5299698114395142
dryland-rice,ALB,-0.0
dryland-rice,ARG,-1.0888912677764893
dryland-rice,ARM,-0.0
dryland-rice,AUS,-1.6240004301071167
dryland-rice,AZE,-2.6981661319732666
dryland-rice,BDI,-0.40925656259059906
dryland-rice,BEN,-1.838856279850006
dryland-rice,BFA,-1.3975671529769897
dryland-rice,BGD,-0.4306889921426773
dryland-rice,BGR,-1.274803102016449
dryland-rice,BLZ,-1.6705456972122192
dryland-rice,BOL,-0.5394448637962341
dryland-rice,BRA,-0.9496661424636841
dryland-rice,BRN,-1.4630968570709229
dryland-rice,BTN,-1.5592828392982483
dryland-rice,BWA,-0.0
dryland-rice,CAF,-1.5133150815963745
dryland-rice,CAN,-0.0
dryland-rice,CHE,-0.0
dryland-rice,CHL,-4.2121778428554535
dryland-rice,CHN,-1.959573209285736
dryland-rice,CIV,-0.2833888381719589
dryland-rice,CMR,-1.4252973198890686
dryland-rice,COD,-1.6212639808654785
dryland-rice,COG,-1.6099397540092468
dryland-rice,COL,-1.452290654182434
dryland-rice,COM,-0.0
dryland-rice,CRI,-1.3775368332862854
dryland-rice,CUB,-1.2810020446777344
dryland-rice,DOM,-2.0593067407608032
dryland-rice,DZA,7.5
dryland-rice,ECU,-0.7868479490280151
dryland-rice,EGY,-2.032635807991028
dryland-rice,ERI,-0.0
dryland-rice,ESP,-1.7250423431396484
dryland-rice,ETH,-1.0975691974163055
dryland-rice,FJI,-0.8348589837551117
dryland-rice,FRA,-1.025679349899292
dryland-rice,GAB,7.5
dryland-rice,GEO,7.5
dryland-rice,GHA,-0.6477228403091431
dryland-rice,GIN,-0.6473399102687836
dryland-rice,GMB,-0.38981568813323975
dryland-rice,GNB,-1.457575500011444
dryland-rice,GNQ,7.5
dryland-rice,GRC,-1.2547135651111603
dryland-rice,GTM,-1.5701602697372437
dryland-rice,GUF,7.5
dryland-rice,GUY,-1.3117097616195679
dryland-rice,HND,-1.458204746246338
dryland-rice,HRV,-0.0
dryland-rice,HTI,-1.488037884235382
dryland-rice,HUN,-7.5
dryland-rice,IDN,-1.5002368688583374
dryland-rice,IND,-1.2640531063079834
dryland-rice,IRN,-3.3428502082824707
dryland-rice,IRQ,-1.600984513759613
dryland-rice,ISR,0.0
dryland-rice,ITA,-2.163403272628784
dryland-rice,JPN,-3.723128914833069
dryland-rice,KAZ,-0.29696187376976013
dryland-rice,KEN,-1.2773882746696472
dryland-rice,KGZ,-3.138092517852783
dryland-rice,KHM,-1.398906946182251
dryland-rice,KOR,-6.4175498485565186
dryland-rice,LAO,-1.3497570753097534
dryland-rice,LBR,-1.566301703453064
dryland-rice,LBY,-0.0
dryland-rice,LKA,-0.49827688932418823
dryland-rice,LSO,-0.0
dryland-rice,MAR,-0.7547996342182159
dryland-rice,MDA,-0.0
dryland-rice,MDG,-0.4480758458375931
dryland-rice,MEX,-0.6832652688026428
dryland-rice,MKD,-7.5
dryland-rice,MLI,-0.523592472076416
dryland-rice,MMR,-1.4349029064178467
dryland-rice,MOZ,-0.391398161649704
dryland-rice,MRT,-1.1650394201278687
dryland-rice,MUS,-0.0
dryland-rice,MWI,-1.224080502986908
dryland-rice,MYS,-0.546116828918457
dryland-rice,NAM,7.5
dryland-rice,NER,-1.3835564851760864
dryland-rice,NGA,-0.4306328147649765
dryland-rice,NIC,-0.23938850313425064
dryland-rice,NPL,-0.40334589779376984
dryland-rice,PAK,-1.3181896209716797
dryland-rice,PAN,-1.1545853018760681
dryland-rice,PER,-1.1555179357528687
dryland-rice,PHL,-0.8838640451431274
dryland-rice,PNG,7.5
dryland-rice,PRI,-2.6505953073501587
dryland-rice,PRT,-1.2803558111190796
dryland-rice,PRY,-0.9990241229534149
dryland-rice,PSE,-7.5
dryland-rice,ROU,-4.358515381813049
dryland-rice,RUS,-2.987667679786682
dryland-rice,RWA,-2.0654500126838684
dryland-rice,SAU,7.5
dryland-rice,SDN,7.5
dryland-rice,SEN,-0.2576884850859642
dryland-rice,SLB,-1.5083528757095337
dryland-rice,SLE,-0.3911692500114441
dryland-rice,SLV,2.8035911321640015
dryland-rice,SOM,-1.41139554977417
dryland-rice,SRB,-0.0
dryland-rice,SSD,-1.5240747928619385
dryland-rice,SUR,-0.2833854407072067
dryland-rice,SVK,-0.0
dryland-rice,SVN,-0.0
dryland-rice,SWZ,7.5
dryland-rice,SYR,-7.5
dryland-rice,TCD,-0.9026926159858704
dryland-rice,TGO,-0.27889062464237213
dryland-rice,THA,-0.5490337312221527
dryland-rice,TJK,-3.5690500736236572
dryland-rice,TKM,-1.0838743448257446
dryland-rice,TLS,-1.9672682881355286
dryland-rice,TTO,-0.1975058764219284
dryland-rice,TUN,-0.0
dryland-rice,TUR,-2.865366220474243
dryland-rice,TWN,-1.0452470183372498
dryland-rice,TZA,-0.1515534147620201
dryland-rice,UGA,3.004153847694397
dryland-rice,UKR,-1.923391580581665
dryland-rice,URY,-0.7495004236698151
dryland-rice,USA,-1.4800493717193604
dryland-rice,UZB,-4.528323173522949
dryland-rice,VEN,-1.1642547845840454
dryland-rice,VNM,-1.114937961101532
dryland-rice,YEM,-0.0
dryland-rice,ZAF,7.5
dryland-rice,ZMB,-1.1722197532653809
dryland-rice,ZWE,7.5
foxtail-millet,AFG,-0.5469042658805847
foxtail-millet,AGO,-0.40684472024440765
foxtail-millet,ARG,-0.4919593334197998
foxtail-millet,ARM,-0.0
foxtail-millet,AUS,7.5
foxtail-millet,AZE,-4.347458600997925
foxtail-millet,BDI,-0.48601867258548737
foxtail-millet,BEN,-0.5482176244258881
foxtail-millet,BFA,-0.3707796037197113
foxtail-millet,BGD,-0.488968625664711
foxtail-millet,BGR,-0.0
foxtail-millet,BLR,-0.3229052722454071
foxtail-millet,BOL,-0.0
foxtail-millet,BRA,-0.0
foxtail-millet,BTN,-4.289632320404053
foxtail-millet,BWA,-0.4291660338640213
foxtail-millet,CAF,-7.5
foxtail-millet,CAN,-0.0
foxtail-millet,CHE,-2.6688425540924072
foxtail-millet,CHN,-0.719974935054779
foxtail-millet,CIV,-0.577817440032959
foxtail-millet,CMR,-0.4593006670475006
foxtail-millet,COD,-0.4491131752729416
foxtail-millet,COG,-0.4458978623151779
foxtail-millet,DEU,7.5
foxtail-millet,DZA,-0.0
foxtail-millet,ERI,-0.4153728485107422
foxtail-millet,ETH,-0.7273882031440735
foxtail-millet,FRA,3.2705741226673126
foxtail-millet,GAB,-0.0
foxtail-millet,GEO,-0.0
foxtail-millet,GHA,-0.6622898280620575
foxtail-millet,GIN,-0.22182247042655945
foxtail-millet,GMB,-0.46135395765304565
foxtail-millet,GNB,-0.4469609558582306
foxtail-millet,GRC,-0.0
foxtail-millet,HUN,7.5
foxtail-millet,IND,-0.4914517402648926
foxtail-millet,IRN,-1.2599350810050964
foxtail-millet,IRQ,-0.8328883051872253
foxtail-millet,KAZ,-0.2774594873189926
foxtail-millet,KEN,-0.49875615537166595
foxtail-millet,KGZ,-0.7159605026245117
foxtail-millet,KHM,-0.0
foxtail-millet,KOR,-0.40312229096889496
foxtail-millet,LAO,0.0
foxtail-millet,LBY,-0.8158671259880066
foxtail-millet,LKA,-1.034119188785553
foxtail-millet,LSO,7.5
foxtail-millet,MAR,-0.7446264028549194
foxtail-millet,MDA,3.4062991440296173
foxtail-millet,MLI,-0.3181726336479187
foxtail-millet,MMR,-0.4503839612007141
foxtail-millet,MNG,-0.0
foxtail-millet,MOZ,-0.44207559525966644
foxtail-millet,MRT,-0.36481301486492157
foxtail-millet,MWI,-0.4817148894071579
foxtail-millet,NAM,-0.07812097668647766
foxtail-millet,NER,-0.13796497881412506
foxtail-millet,NGA,-0.46686674654483795
foxtail-millet,NPL,-0.47128425538539886
foxtail-millet,OMN,-0.0
foxtail-millet,PAK,-0.3077806532382965
foxtail-millet,POL,7.5
foxtail-millet,PRY,-0.0
foxtail-millet,ROU,7.5
foxtail-millet,RUS,-0.2878616452217102
foxtail-millet,RWA,-0.42523670196533203
foxtail-millet,SAU,-7.5
foxtail-millet,SDN,-0.4389075040817261
foxtail-millet,SEN,-0.49853432178497314
foxtail-millet,SLE,-0.4648708999156952
foxtail-millet,SOM,7.5
foxtail-millet,SSD,-0.4133584797382355
foxtail-millet,SVK,7.5
foxtail-millet,SWZ,3.5366004556417465
foxtail-millet,SYR,7.5
foxtail-millet,TCD,-0.21842259913682938
foxtail-millet,TGO,-0.3329737037420273
foxtail-millet,THA,-0.4839485436677933
foxtail-millet,TJK,-0.4736505150794983
foxtail-millet,TKM,7.5
foxtail-millet,TUN,-0.0
foxtail-millet,TUR,-1.3685643672943115
foxtail-millet,TWN,-7.5
foxtail-millet,TZA,-0.5091361999511719
foxtail-millet,UGA,-0.4820815324783325
foxtail-millet,UKR,-0.5722740292549133
foxtail-millet,URY,-0.0
foxtail-millet,USA,-0.43647652864456177
foxtail-millet,UZB,-0.800752580165863
foxtail-millet,VNM,2.965010344982147
foxtail-millet,YEM,-0.48086604475975037
foxtail-millet,ZAF,-0.3926069587469101
foxtail-millet,ZMB,-0.40837621688842773
foxtail-millet,ZWE,0.044467393308877945
gram,AFG,-1.1372126936912537
gram,AGO,-1.18069326877594
gram,ALB,-1.1285741925239563
gram,ARE,-0.0
gram,ARG,-1.1439133286476135
gram,ARM,-7.5
gram,AUS,-0.3946610987186432
gram,AUT,-1.2768600583076477
gram,AZE,-0.9195431768894196
gram,BDI,-1.1953327059745789
gram,BEL,3.4761987924575806
gram,BEN,-1.1335759162902832
gram,BFA,-1.1736230254173279
gram,BGD,-0.5807308554649353
gram,BGR,-1.0214280486106873
gram,BHS,-1.0861351490020752
gram,BIH,3.272563248872757
gram,BLR,3.3610230684280396
gram,BLZ,-1.1334654688835144
gram,BOL,7.5
gram,BRA,-1.1510757207870483
gram,BRB,-0.9701248705387115
gram,BRN,0.0
gram,BTN,-1.1094592809677124
gram,BWA,-1.1744059324264526
gram,CAF,-1.1349925994873047
gram,CAN,-7.5
gram,CHE,-0.6049191355705261
gram,CHL,-1.0351555347442627
gram,CHN,-0.8635447919368744
gram,CIV,-1.1294443011283875
gram,CMR,-1.170831322669983
gram,COD,-1.2022104859352112
gram,COG,-1.1888830065727234
gram,COL,7.5
gram,COM,-1.129755437374115
gram,CPV,-1.200072169303894
gram,CRI,-1.1697925329208374
gram,CUB,-1.1092974543571472
gram,CYP,2.7775928378105164
gram,CZE,-0.9825824499130249
gram,DEU,-0.6776908934116364
gram,DJI,-1.0740660429000854
gram,DNK,-0.6813328862190247
gram,DOM,-0.0
gram,DZA,-1.2227336168289185
gram,ECU,-1.143744707107544
gram,EGY,-1.1372992992401123
gram,ERI,-1.151565670967102
gram,ESP,-0.48859287798404694
gram,EST,-0.9738097488880157
gram,ETH,-1.0216580629348755
gram,FIN,3.3203839361667633
gram,FJI,-0.9329599142074585
gram,FRA,-0.8072378039360046
gram,GAB,-1.117870271205902
gram,GBR,-0.9182171523571014
gram,GEO,-1.0671104788780212
gram,GHA,-1.1554532051086426
gram,GIN,-1.1176652312278748
gram,GMB,-1.1535353660583496
gram,GNB,-1.174996793270111
gram,GNQ,7.5
gram,GRC,-3.032135844230652
gram,GRD,-0.9927678108215332
gram,GTM,-1.1163785457611084
gram,GUF,7.5
gram,GUY,-1.1008450984954834
gram,HND,-1.1897278428077698
gram,HRV,3.2663431763648987
gram,HTI,-1.1919591426849365
gram,HUN,-1.070666491985321
gram,IDN,-1.094393014907837
gram,IND,-1.197445034980774
gram,IRL,-0.6010408997535706
gram,IRN,-0.31414084136486053
gram,IRQ,7.5
gram,ISR,-3.4025431871414185
gram,ITA,-1.0323638916015625
gram,JAM,-1.0019433498382568
gram,JOR,-3.393300771713257
gram,JPN,-0.7857798635959625
gram,KAZ,-7.5
gram,KEN,-0.12402293086051941
gram,KGZ,-1.0116065442562103
gram,KHM,-1.0501174926757812
gram,KOR,-0.9037455022335052
gram,LAO,-0.9678004384040833
gram,LBN,-1.7694522738456726
gram,LBR,-1.1591015458106995
gram,LBY,7.5
gram,LKA,-1.0750637650489807
gram,LSO,-1.1521055698394775
gram,LTU,-0.9101323485374451
gram,LUX,-7.5
gram,LVA,-0.8064576387405396
gram,MAR,-1.0164952278137207
gram,MDA,-4.30890828371048
gram,MDG,-1.0483522415161133
gram,MEX,-1.1914504766464233
gram,MKD,-0.8729794919490814
gram,MLI,-1.1283177137374878
gram,MMR,-1.0861837267875671
gram,MNE,-0.8227515518665314
gram,MNG,0.0
gram,MOZ,-1.1544231176376343
gram,MRT,-1.142539381980896
gram,MWI,3.2094152569770813
gram,MYS,3.27571639418602
gram,NAM,-1.0433826446533203
gram,NER,-1.2023040652275085
gram,NGA,-1.1525028944015503
gram,NIC,3.183667302131653
gram,NLD,-4.229416996240616
gram,NOR,-1.0209797620773315
gram,NPL,-0.6928913593292236
gram,NZL,-7.5
gram,OMN,-0.0
gram,PAK,-1.180343747138977
gram,PAN,-1.187530279159546
gram,PER,3.1707512736320496
gram,PHL,-1.0961561799049377
gram,PNG,-1.1874069571495056
gram,POL,3.3065993785858154
gram,PRI,7.5
gram,PRT,-1.0806182622909546
gram,PRY,-1.169926404953003
gram,PSE,-2.3768099546432495
gram,ROU,-4.295415759086609
gram,RUS,-2.4955302476882935
gram,RWA,-1.1845026016235352
gram,SAU,-1.083662211894989
gram,SDN,-1.1371086835861206
gram,SEN,-1.1097044944763184
gram,SLB,-1.1034569144248962
gram,SLE,-1.157366394996643
gram,SLV,3.197242796421051
gram,SOM,-1.1897459030151367
gram,SRB,-0.9972614645957947
gram,SSD,-1.1237104535102844
gram,SUR,3.175038993358612
gram,SVK,-0.9837824404239655
gram,SVN,3.3395456075668335
gram,SWE,-7.5
gram,SWZ,-1.1267929077148438
gram,SYR,-1.1751506328582764
gram,TCD,-1.1828256845474243
gram,TGO,-1.1756112575531006
gram,THA,-1.0838267803192139
gram,TJK,-1.1043488383293152
gram,TKM,-1.033324122428894
gram,TLS,3.2436617612838745
gram,TTO,-0.99668949842453
gram,TUN,-0.9247303605079651
gram,TUR,-0.8100154995918274
gram,TWN,-0.8621782064437866
gram,TZA,-1.063334584236145
gram,UGA,-1.1475616693496704
gram,UKR,-1.1238870024681091
gram,URY,-1.074395775794983
gram,USA,-0.6382606029510498
gram,UZB,-1.1230682134628296
gram,VEN,-1.1138831973075867
gram,VNM,3.225572943687439
gram,YEM,-2.137147545814514
gram,ZAF,-1.6844271421432495
gram,ZMB,-1.1391668319702148
gram,ZWE,-1.2685701847076416
groundnut,AFG,7.5
groundnut,AGO,-1.332887053489685
groundnut,ARG,-1.1621986627578735
groundnut,ARM,3.3617196083068848
groundnut,AUS,-1.7088521718978882
groundnut,AZE,-0.7731723189353943
groundnut,BDI,-1.3629387617111206
groundnut,BEN,-1.3252108693122864
groundnut,BFA,-1.309589684009552
groundnut,BGD,-1.0387463569641113
groundnut,BGR,-0.0
groundnut,BLZ,-2.0953140258789062
groundnut,BOL,-0.8193732500076294
groundnut,BRA,-1.4049584865570068
groundnut,BRB,-0.0
groundnut,BRN,-0.0
groundnut,BTN,0.24895966425538063
groundnut,BWA,-1.2784066200256348
groundnut,CAF,-1.2135555744171143
groundnut,CAN,-0.0
groundnut,CHN,-3.5810787677764893
groundnut,CIV,-0.4846532493829727
groundnut,CMR,-1.273964524269104
groundnut,COD,-1.3472160696983337
groundnut,COG,-1.354073703289032
groundnut,COL,-1.148911714553833
groundnut,COM,-1.30336332321167
groundnut,CRI,-1.230976641178131
groundnut,CUB,-1.2718458771705627
groundnut,DOM,-1.490837574005127
groundnut,DZA,-0.3386896550655365
groundnut,ECU,-2.286484956741333
groundnut,EGY,-5.90234637260437
groundnut,ERI,-1.3335273265838623
groundnut,ETH,-1.2330689430236816
groundnut,FJI,-1.2898627519607544
groundnut,GAB,-1.325886309146881
groundnut,GEO,-1.2214245796203613
groundnut,GHA,-1.0966302752494812
groundnut,GIN,-0.1047619991004467
groundnut,GMB,-0.6119354367256165
groundnut,GNB,-1.2673543095588684
groundnut,GNQ,0.0
groundnut,GRC,-3.143160581588745
groundnut,GTM,3.324442893266678
groundnut,GUF,-0.0
groundnut,GUY,-1.2865738272666931
groundnut,HND,-1.3830792903900146
groundnut,HTI,-1.3800976872444153
groundnut,IDN,-2.0025521516799927
groundnut,IND,-1.1072850227355957
groundnut,IRN,-1.4559659361839294
groundnut,IRQ,-0.948161780834198
groundnut,ISR,-5.378809213638306
groundnut,JAM,-2.5640482902526855
groundnut,JOR,-1.178453266620636
groundnut,JPN,-4.433071136474609
groundnut,KAZ,7.5
groundnut,KEN,-0.9819578528404236
groundnut,KGZ,-1.0044675767421722
groundnut,KHM,-1.26724511384964
groundnut,KOR,-0.9468048214912415
groundnut,LAO,-1.0507493019104004
groundnut,LBN,-1.0981732606887817
groundnut,LBR,-1.3598037362098694
groundnut,LBY,-1.8146607875823975
groundnut,LKA,-1.3846753239631653
groundnut,LSO,7.5
groundnut,MAR,-2.7473634481430054
groundnut,MDG,-1.328651487827301
groundnut,MEX,-0.8416150212287903
groundnut,MLI,-0.3948613703250885
groundnut,MMR,-1.2261360883712769
groundnut,MOZ,-0.2900065779685974
groundnut,MRT,-1.3374780416488647
groundnut,MUS,-4.153782606124878
groundnut,MWI,3.5051995515823364
groundnut,MYS,-1.1726086735725403
groundnut,NAM,-1.3369932174682617
groundnut,NER,-0.15467074513435364
groundnut,NGA,-1.3073191046714783
groundnut,NIC,-1.1877633333206177
groundnut,NPL,-0.9016287624835968
groundnut,OMN,-0.0
groundnut,PAK,-1.2072325348854065
groundnut,PAN,-0.0
groundnut,PER,-1.1222348809242249
groundnut,PHL,-0.7631126642227173
groundnut,PNG,-1.3126314282417297
groundnut,PRY,-0.4849552661180496
groundnut,PSE,-7.5
groundnut,RWA,-0.5303389132022858
groundnut,SAU,-1.0964235067367554
groundnut,SDN,-1.3605588674545288
groundnut,SEN,-0.4038173258304596
groundnut,SLE,-0.402411088347435
groundnut,SLV,7.5
groundnut,SOM,-1.2939673066139221
groundnut,SSD,-1.2787640690803528
groundnut,SUR,-2.949501633644104
groundnut,SWZ,-1.3467848896980286
groundnut,SYR,3.1434367895126343
groundnut,TCD,-0.5166021138429642
groundnut,TGO,-0.3158516436815262
groundnut,THA,-2.063141107559204
groundnut,TJK,-1.079384684562683
groundnut,TKM,-0.8541628122329712
groundnut,TLS,3.7116449251770973
groundnut,TUN,-0.0
groundnut,TUR,-3.896994113922119
groundnut,TWN,-1.0237821638584137
groundnut,TZA,-0.22789131104946136
groundnut,UGA,-1.3572733998298645
groundnut,URY,-1.3352423310279846
groundnut,USA,-1.528880000114441
groundnut,UZB,-7.5
groundnut,VEN,-0.9438872337341309
groundnut,VNM,-2.1014246940612793
groundnut,VUT,-1.2330230474472046
groundnut,YEM,-1.3227019309997559
groundnut,ZAF,-0.4546072632074356
groundnut,ZMB,-0.5950130820274353
groundnut,ZWE,-0.4582020044326782
maize,AFG,3.435896635055542
maize,AGO,-0.89885413646698
maize,ALB,-1.4504863023757935
maize,ARE,0.5653487741947174
maize,ARG,-0.48180681467056274
maize,ARM,-0.48087170720100403
maize,ATG,-1.1189191341400146
maize,AUS,7.5
maize,AUT,-0.8003884553909302
maize,AZE,-0.5624334216117859
maize,BDI,-0.4374552369117737
maize,BEL,-0.2090086191892624
maize,BEN,-0.2718924582004547
maize,BFA,-0.30488939583301544
maize,BGD,-0.295992948114872
maize,BGR,-0.30753518640995026
maize,BHS,-0.128977682441473
maize,BIH,-3.6519078612327576
maize,BLR,-0.8845748603343964
maize,BLZ,-1.140367865562439
maize,BOL,-0.40401339530944824
maize,BRA,-0.4595794379711151
maize,BRB,5.3675127029418945
maize,BTN,0.12715719640254974
maize,BWA,-0.8996114134788513
maize,CAF,-0.9634392857551575
maize,CAN,-1.1188112497329712
maize,CHE,-1.8630369305610657
maize,CHL,-1.6416659355163574
maize,CHN,-1.578072428703308
maize,CIV,-0.695766270160675
maize,CMR,-0.8166807293891907
maize,COD,-0.9750955402851105
maize,COG,-0.909870445728302
maize,COL,-0.9461132287979126
maize,COM,-0.7948787808418274
maize,CPV,-0.00810333713889122
maize,CRI,-0.515379011631012
maize,CUB,-0.7234449982643127
maize,CZE,-0.4408496916294098
maize,DEU,-0.776001363992691
maize,DJI,-0.0
maize,DNK,-0.35094617307186127
maize,DOM,3.490846037864685
maize,DZA,-0.7478675544261932
maize,ECU,-0.9160992801189423
maize,EGY,-1.345724105834961
maize,ERI,-0.8533221781253815
maize,ESP,-1.8522716760635376
maize,EST,-0.5681719779968262
maize,ETH,-0.13901827484369278
maize,FIN,7.5
maize,FJI,-1.9770166873931885
maize,FRA,-0.7118397057056427
maize,GAB,-0.8881354629993439
maize,GEO,-0.2711896449327469
maize,GHA,-0.503684014081955
maize,GIN,-0.2941260486841202
maize,GMB,-0.3160467594861984
maize,GNB,-0.9351294338703156
maize,GNQ,-0.988785445690155
maize,GRC,-2.0290918350219727
maize,GRD,-0.5370913743972778
maize,GTM,-0.9028687477111816
maize,GUF,-7.5
maize,GUY,-0.9334299564361572
maize,HND,-0.6276575326919556
maize,HRV,-4.170748203992844
maize,HTI,-0.9499429762363434
maize,HUN,-0.2062123641371727
maize,IDN,7.5
maize,IND,-0.5567933917045593
maize,IRN,-1.5734480619430542
maize,IRQ,3.3758135735988617
maize,ISR,-7.469736814498901
maize,ITA,-1.5075510144233704
maize,JAM,-0.5601756423711777
maize,JOR,0.1837824434041977
maize,KAZ,-0.3655751645565033
maize,KEN,-0.2764442712068558
maize,KGZ,-1.001324087381363
maize,KHM,-0.615400642156601
maize,KOR,-0.2010822370648384
maize,LAO,-0.683945894241333
maize,LBN,-0.9203011691570282
maize,LBR,-0.9268793761730194
maize,LBY,-0.7348927557468414
maize,LKA,-0.6854110956192017
maize,LSO,-0.33112430572509766
maize,LTU,-0.41597379744052887
maize,LUX,-0.5776959508657455
maize,LVA,-0.44954001903533936
maize,MAR,-0.16542376577854156
maize,MDA,0.11440286040306091
maize,MDG,-0.7905453443527222
maize,MEX,-0.5801578760147095
maize,MKD,-0.31789055466651917
maize,MLI,-0.30224817991256714
maize,MMR,-0.6571893692016602
maize,MNE,-0.42061182856559753
maize,MNG,-0.4865938425064087
maize,MOZ,-0.21048052608966827
maize,MRT,-0.8863611817359924
maize,MUS,0.16657202393980697
maize,MWI,-0.1705310121178627
maize,MYS,-7.5
maize,NAM,-0.35467538237571716
maize,NER,-0.2390461266040802
maize,NGA,-0.31639693677425385
maize,NIC,-0.046499100513756275
maize,NLD,-1.4075786918401718
maize,NOR,-0.0
maize,NPL,-0.3402838706970215
maize,NZL,-1.563895583152771
maize,OMN,-4.095101833343506
maize,PAK,-0.7465835213661194
maize,PAN,-0.8652222752571106
maize,PER,-1.3317623734474182
maize,PHL,-0.5062786340713501
maize,PNG,-0.39486274123191833
maize,POL,-0.37615562975406647
maize,PRI,-1.62974613904953
maize,PRT,-0.5833457708358765
maize,PRY,-0.36698880791664124
maize,PSE,4.357960522174835
maize,ROU,-0.32242631912231445
maize,RUS,-0.3057945966720581
maize,RWA,-0.3364266902208328
maize,SAU,7.5
maize,SDN,-0.8885903358459473
maize,SEN,-0.4491252601146698
maize,SLE,-0.15140017494559288
maize,SLV,3.4282869696617126
maize,SOM,-0.8607601523399353
maize,SRB,-0.2039734423160553
maize,SSD,-0.8298951387405396
maize,STP,-4.113119810819626
maize,SUR,-7.5
maize,SVK,-0.3433014899492264
maize,SVN,-0.5801605582237244
maize,SWE,-0.5741465091705322
maize,SWZ,-0.8188715577125549
maize,SYR,-0.8604607582092285
maize,TCD,-0.20251883566379547
maize,TGO,-0.2905884385108948
maize,THA,-0.5171343088150024
maize,TJK,-1.9840025305747986
maize,TKM,-0.7101861834526062
maize,TLS,3.6146592497825623
maize,TTO,-0.8000484108924866
maize,TUN,-0.0
maize,TUR,-0.9434753060340881
maize,TWN,-0.2747230678796768
maize,TZA,-0.1148873008787632
maize,UGA,-0.8007032573223114
maize,UKR,-0.5962257385253906
maize,URY,-0.5233606100082397
maize,USA,-0.9802699387073517
maize,UZB,-2.0889129638671875
maize,VEN,-0.5842638313770294
maize,VNM,-0.7517631351947784
maize,VUT,-0.9315140247344971
maize,YEM,-0.9088909327983856
maize,ZAF,-0.41581904888153076
maize,ZMB,-0.1295097917318344
maize,ZWE,0.7749455571174622
mango,AGO,-1.8043760061264038
mango,ARG,4.85997200012207
mango,ATG,-5.9299726486206055
mango,AUS,3.6783087253570557
mango,BDI,-0.0
mango,BEN,-5.070006608963013
mango,BFA,2.2009966373443604
mango,BGD,-1.9765393733978271
mango,BHS,1.3321688175201416
mango,BLZ,-0.0
mango,BOL,1.1487901210784912
mango,BRA,0.1323447823524475
mango,BRB,-0.0
mango,BRN,-0.0
mango,BTN,-2.912118673324585
mango,BWA,-0.0
mango,CAF,-4.412701368331909
mango,CHN,-6.412930011749268
mango,CIV,0.7973107099533081
mango,CMR,-4.12673020362854
mango,COD,-1.2005916833877563
mango,COG,-4.3320839405059814
mango,COL,-2.1216830015182495
mango,COM,-0.0
mango,CPV,-3.4983479976654053
mango,CRI,-4.449241399765015
mango,CUB,-2.098416030406952
mango,DOM,4.551478147506714
mango,ECU,1.3338513374328613
mango,EGY,5.677823781967163
mango,ERI,-0.0
mango,ETH,0.5745884776115417
mango,FJI,-7.5
mango,GAB,-0.0
mango,GHA,-0.7652482986450195
mango,GIN,1.2452408075332642
mango,GMB,1.6892479062080383
mango,GNB,-1.562175989151001
mango,GNQ,-0.0
mango,GRD,0.0930548906326294
mango,GTM,-0.12153744697570801
mango,GUF,-0.0
mango,GUY,-7.5
mango,HND,6.655632495880127
mango,HTI,-1.8978594541549683
mango,IDN,-3.417733669281006
mango,IND,-1.4526039361953735
mango,ISR,-7.5
mango,JAM,-0.8278069198131561
mango,JOR,1.325854331254959
mango,JPN,-3.6686209440231323
mango,KEN,5.085688591003418
mango,KHM,-2.933666467666626
mango,LAO,-2.5387405157089233
mango,LBR,-0.0
mango,LKA,1.8383594155311584
mango,MAR,-1.163823425769806
mango,MDG,-4.55850076675415
mango,MEX,2.230954885482788
mango,MLI,2.559091329574585
mango,MMR,-3.84570050239563
mango,MOZ,-2.7925570011138916
mango,MRT,-0.0
mango,MUS,-0.0
mango,MWI,-0.8181677758693695
mango,MYS,-2.909432053565979
mango,NAM,-2.412468910217285
mango,NER,0.35264745354652405
mango,NGA,-3.8400527238845825
mango,NIC,-0.0
mango,NPL,0.6037481818348169
mango,OMN,-5.826828956604004
mango,PAK,0.0812443196773529
mango,PAN,-1.823959231376648
mango,PER,5.944425821304321
mango,PHL,1.5975165963172913
mango,PNG,-0.0
mango,PRI,-7.5
mango,PRY,-2.333696722984314
mango,PSE,-5.772782325744629
mango,RWA,-3.8084962368011475
mango,SAU,-6.554208993911743
mango,SDN,0.03677179291844368
mango,SEN,1.2846832871437073
mango,SLB,-0.0
mango,SLE,-2.8811758756637573
mango,SLV,2.3984335511922836
mango,SOM,-2.572509288787842
mango,SSD,-0.0
mango,STP,-0.0
mango,SUR,-5.867498159408569
mango,SWZ,4.127260357141495
mango,TCD,-0.0
mango,TGO,-0.0
mango,THA,-1.7679228782653809
mango,TLS,3.4559943675994873
mango,TTO,-3.679188847541809
mango,TWN,0.4314611107110977
mango,TZA,-4.454237461090088
mango,UGA,-0.0
mango,USA,7.5
mango,VEN,-0.4351174831390381
mango,VNM,-2.8116146326065063
mango,VUT,-0.0
mango,YEM,-3.2953884601593018
mango,ZAF,-1.647788166999817
mango,ZMB,-0.0
mango,ZWE,-1.207976758480072
oat,AFG,-0.13327856361865997
oat,AGO,-0.0
oat,ALB,-0.6619435250759125
oat,ARE,-7.5
oat,ARG,-0.372663676738739
oat,ARM,-0.23738250136375427
oat,AUS,-0.011910186149179935
oat,AUT,-0.22627510875463486
oat,AZE,-0.062252966687083244
oat,BDI,-0.410981148481369
oat,BEL,0.16369380056858063
oat,BEN,-0.43547090888023376
oat,BFA,-0.3938731849193573
oat,BGD,-0.0
oat,BGR,-0.2797299176454544
oat,BIH,-0.27431556582450867
oat,BLR,-2.822245478630066
oat,BLZ,7.5
oat,BOL,-0.3910616636276245
oat,BRA,-0.18151214718818665
oat,BTN,0.1768800914287567
oat,BWA,-0.2933477610349655
oat,CAF,0.0
oat,CAN,-0.44360698759555817
oat,CHE,-0.9501529335975647
oat,CHL,-0.5374706983566284
oat,CHN,-0.35358890891075134
oat,CIV,-0.3874320834875107
oat,CMR,-0.38605116307735443
oat,COD,-7.5
oat,COG,-0.4238891750574112
oat,COL,-0.3160722553730011
oat,CYP,-0.04404866322875023
oat,CZE,-0.33972054719924927
oat,DEU,-0.209464430809021
oat,DNK,-0.29091256111860275
oat,DZA,-0.1790148764848709
oat,ECU,-0.19905215501785278
oat,EGY,-0.2714719921350479
oat,ERI,-0.41490109264850616
oat,ESP,-0.22678577154874802
oat,EST,-0.08637433499097824
oat,ETH,-0.48230527341365814
oat,FIN,-0.40378448367118835
oat,FRA,-0.3987346440553665
oat,GAB,7.5
oat,GBR,-0.6116591989994049
oat,GEO,-0.12696179375052452
oat,GHA,-7.5
oat,GIN,-0.4360026568174362
oat,GMB,-0.43191398680210114
oat,GNB,-0.42701300978660583
oat,GRC,-0.2126319706439972
oat,GTM,7.5
oat,GUF,-0.0
oat,GUY,7.5
oat,HRV,3.696773659437895
oat,HUN,-0.04002060182392597
oat,IND,-0.30636677145957947
oat,IRL,-0.304133802652359
oat,IRN,-0.19707639515399933
oat,IRQ,-0.0
oat,ISR,0.1386416181921959
oat,ITA,-0.40245918929576874
oat,JOR,7.5
oat,JPN,-0.034983305260539055
oat,KAZ,-0.054961878806352615
oat,KEN,-0.2700447738170624
oat,KGZ,-0.2479068860411644
oat,KHM,-7.5
oat,KOR,-0.18329232186079025
oat,LAO,-7.5
oat,LBN,-0.3932173401117325
oat,LBR,-7.5
oat,LBY,-0.0
oat,LSO,-0.17880117520689964
oat,LTU,-0.10453067719936371
oat,LUX,-0.30302347242832184
oat,LVA,-0.06330564431846142
oat,MAR,-0.23011146485805511
oat,MDA,-0.00723792240023613
oat,MEX,-0.40349188446998596
oat,MKD,-0.24016372114419937
oat,MLI,-0.42763856053352356
oat,MMR,-0.4442124366760254
oat,MNE,-0.11039287224411964
oat,MNG,-0.09740832448005676
oat,MOZ,0.0
oat,MRT,-7.5
oat,MWI,0.0
oat,MYS,-0.0
oat,NAM,-0.0
oat,NER,-3.9557620733976364
oat,NGA,-0.4454670697450638
oat,NLD,-1.2676411271095276
oat,NOR,-0.8242159187793732
oat,NPL,-0.3028006851673126
oat,NZL,-0.7654881179332733
oat,OMN,-0.8046389222145081
oat,PER,-0.0
oat,POL,-0.18640068918466568
oat,PRT,-0.19330399483442307
oat,PRY,-7.5
oat,PSE,-0.3199342042207718
oat,ROU,-0.24269773066043854
oat,RUS,-0.11369966343045235
oat,RWA,-7.5
oat,SAU,-0.14163187891244888
oat,SDN,-0.4041660726070404
oat,SEN,-0.3609718233346939
oat,SLE,-0.43370410799980164
oat,SOM,-7.5
oat,SRB,-0.16232043504714966
oat,SSD,-7.5
oat,SUR,-0.0
oat,SVK,-0.30803045630455017
oat,SVN,-0.25656498223543167
oat,SWE,-0.3509441316127777
oat,SWZ,-7.5
oat,SYR,-0.23197783529758453
oat,TCD,-0.30479809641838074
oat,TGO,-0.4264407455921173
oat,THA,-0.3944617211818695
oat,TJK,-0.1327425353229046
oat,TKM,-0.1498054563999176
oat,TUN,-0.3738185167312622
oat,TUR,-0.25539612770080566
oat,TWN,-0.37210462987422943
oat,TZA,-0.3526216894388199
oat,UGA,7.5
oat,UKR,-0.2623877227306366
oat,URY,0.0037017464637756348
oat,USA,-0.2942340224981308
oat,UZB,-0.42627573013305664
oat,VEN,7.5
oat,VNM,7.5
oat,YEM,-7.5
oat,ZAF,-0.26045089960098267
oat,ZMB,7.5
oat,ZWE,-7.5
oil-palm,AGO,-1.6501270532608032
oil-palm,BDI,-4.650212526321411
oil-palm,BEN,-1.5152283310890198
oil-palm,BLZ,-0.8906666338443756
oil-palm,BOL,7.5
oil-palm,BRA,0.0133635513484478
oil-palm,BRN,-2.075209140777588
oil-palm,CAF,-1.7019859552383423
oil-palm,CHN,-1.728135347366333
oil-palm,CIV,-0.5366305410861969
oil-palm,CMR,-1.6982844471931458
oil-palm,COD,-1.6954774856567383
oil-palm,COG,-1.5845192074775696
oil-palm,COL,-7.196508169174194
oil-palm,CRI,-1.5934602618217468
oil-palm,DOM,-1.5267077088356018
oil-palm,ECU,-1.4508421421051025
oil-palm,GAB,-1.722981333732605
oil-palm,GHA,-1.6671578884124756
oil-palm,GIN,-1.719420611858368
oil-palm,GMB,-1.5481852293014526
oil-palm,GNB,-1.6286104917526245
oil-palm,GNQ,-1.614128589630127
oil-palm,GTM,-1.4615467190742493
oil-palm,GUF,-0.0
oil-palm,GUY,-0.0
oil-palm,HND,-1.0101880431175232
oil-palm,HTI,-7.5
oil-palm,IDN,-1.896592915058136
oil-palm,KEN,-1.5783458948135376
oil-palm,KHM,-1.936069369316101
oil-palm,LAO,-1.9100898504257202
oil-palm,LBR,-1.5422415733337402
oil-palm,MDG,-1.5369675159454346
oil-palm,MEX,-0.3376922309398651
oil-palm,MMR,-2.0095162391662598
oil-palm,MOZ,-0.0
oil-palm,MWI,-1.1213287711143494
oil-palm,MYS,-2.799743413925171
oil-palm,NGA,-1.7060292959213257
oil-palm,NIC,-1.1902052760124207
oil-palm,PAN,-1.2908030152320862
oil-palm,PER,-1.0243512392044067
oil-palm,PHL,-0.6562532782554626
oil-palm,PNG,-2.0502140522003174
oil-palm,PRY,-1.517020046710968
oil-palm,RWA,-1.6880975365638733
oil-palm,SEN,-1.5251579284667969
oil-palm,SLB,-2.0725317001342773
oil-palm,SLE,-1.539501428604126
oil-palm,SLV,-0.0
oil-palm,STP,-1.592331051826477
oil-palm,SUR,-1.6951317191123962
oil-palm,TGO,-1.824631929397583
oil-palm,THA,-2.4479498863220215
oil-palm,TLS,-1.8240917921066284
oil-palm,TZA,-1.5756824612617493
oil-palm,UGA,-1.6886852979660034
oil-palm,VEN,-1.242343783378601
oil-palm,VNM,-1.9486604928970337
olive,AFG,-0.3398706763982773
olive,ALB,-1.237353265285492
olive,ARG,-0.8020415604114532
olive,ARM,-0.0
olive,AUS,1.6934558153152466
olive,AZE,1.7803470492362976
olive,BDI,-7.5
olive,BGR,-0.0
olive,BIH,3.8810489773750305
olive,BLZ,-0.0
olive,BRA,7.5
olive,BRN,-7.5
olive,BWA,7.5
olive,CHL,-0.45870859920978546
olive,CHN,-0.0
olive,COL,7.5
olive,CYP,-0.4297545999288559
olive,DNK,-0.0
olive,DOM,0.0
olive,DZA,-0.4394933581352234
olive,EGY,0.07486620545387268
olive,ESP,-0.24604055285453796
olive,FRA,0.6897424906492233
olive,GAB,-7.5
olive,GEO,-0.3426142781972885
olive,GIN,0.0
olive,GMB,-7.5
olive,GNB,-0.0
olive,GNQ,7.5
olive,GRC,-3.290686011314392
olive,GTM,0.0
olive,HND,0.0
olive,HRV,3.415221184492111
olive,IRN,-1.6989113092422485
olive,IRQ,2.5045783519744873
olive,ISR,0.5839786231517792
olive,ITA,-0.7322101593017578
olive,JOR,-1.1308598220348358
olive,KAZ,-0.0
olive,KGZ,-0.0
olive,KOR,-0.0
olive,LAO,0.0
olive,LBN,-2.3755449056625366
olive,LBR,-7.5
olive,LBY,-1.6630033254623413
olive,LSO,-0.0
olive,MAR,0.2928430587053299
olive,MDA,-7.5
olive,MEX,-0.658452033996582
olive,MKD,-0.15051641687750816
olive,MLT,-2.1883184909820557
olive,MNE,-0.43609488010406494
olive,MNG,-7.5
olive,NAM,0.0
olive,NIC,-0.0
olive,NOR,-0.0
olive,NZL,-0.0
olive,PAK,-0.0
olive,PER,4.329333662986755
olive,PRT,0.5581578016281128
olive,PSE,-0.3389883041381836
olive,ROU,-0.0
olive,RUS,-0.0
olive,RWA,-7.5
olive,SAU,-0.0
olive,SLV,-4.3597500920295715
olive,SOM,7.5
olive,SRB,-0.0
olive,SVN,3.2262659072875977
olive,SWZ,0.0
olive,SYR,-0.8499757051467896
olive,TJK,-0.0
olive,TKM,7.5
olive,TUN,-0.03372928127646446
olive,TUR,-0.7081306278705597
olive,TWN,-7.5
olive,URY,-0.6887072324752808
olive,USA,7.5
olive,UZB,-1.1979424357414246
olive,YEM,-7.5
olive,ZAF,-0.0
olive,ZMB,-7.5
onion,AFG,-5.45753812789917
onion,AGO,-6.069908618927002
onion,ALB,-3.0366406440734863
onion,ARE,-1.6044793725013733
onion,ARG,-3.572468400001526
onion,ARM,-3.6614526510238647
onion,ATG,-4.058975696563721
onion,AUS,-7.5
onion,AUT,-0.9881209321320057
onion,AZE,0.6249297931790352
onion,BDI,-6.856076240539551
onion,BEL,0.7323680818080902
onion,BEN,-5.107938766479492
onion,BFA,-5.427097320556641
onion,BGD,-0.3560837507247925
onion,BGR,1.168594092130661
onion,BHS,-6.018382549285889
onion,BIH,1.3107516169548035
onion,BLR,5.11232590675354
onion,BLZ,-6.4541847705841064
onion,BOL,-1.931535005569458
onion,BRA,-6.6468634605407715
onion,BRB,-6.519959449768066
onion,BRN,-7.5
onion,BTN,-0.23412638902664185
onion,BWA,-4.557155609130859
onion,CAF,-7.5
onion,CAN,-7.5
onion,CHE,-7.5
onion,CHL,-7.5
onion,CHN,-3.961477041244507
onion,CIV,-6.470970869064331
onion,CMR,-7.5
onion,COD,-6.639217853546143
onion,COG,-7.39917778968811
onion,COL,-3.58959424495697
onion,COM,-7.5
onion,CPV,-3.75
onion,CRI,-7.5
onion,CUB,-4.1059815883636475
onion,CYP,-4.47982382774353
onion,CZE,1.2452465295791626
onion,DEU,-0.9300465881824493
onion,DJI,-7.303046703338623
onion,DNK,-5.073211193084717
onion,DOM,-7.5
onion,DZA,-5.9921555519104
onion,ECU,-0.05045725405216217
onion,EGY,-0.0
onion,ERI,-7.5
onion,ESP,-5.151505470275879
onion,EST,4.47997510433197
onion,ETH,-1.3217759132385254
onion,FIN,-7.5
onion,FJI,-5.23038649559021
onion,FRA,-2.6952719688415527
onion,GAB,-7.5
onion,GBR,-7.5
onion,GEO,-0.4730106294155121
onion,GHA,-4.856071829795837
onion,GIN,-7.326941728591919
onion,GMB,-6.9366631507873535
onion,GNB,-7.444730758666992
onion,GNQ,7.5
onion,GRC,-7.5
onion,GRD,-7.5
onion,GTM,-6.509727954864502
onion,GUF,-7.5
onion,GUY,3.418565273284912
onion,HND,-7.5
onion,HRV,5.858184337615967
onion,HTI,-7.2266974449157715
onion,HUN,-3.421717882156372
onion,IDN,-6.4108240604400635
onion,IND,-4.852508783340454
onion,IRL,-4.341736197471619
onion,IRN,-3.408548593521118
onion,IRQ,-0.8335139453411102
onion,ISR,-7.5
onion,ITA,-5.1234214305877686
onion,JAM,-5.350806832313538
onion,JOR,-7.072571277618408
onion,JPN,0.1418752670288086
onion,KAZ,-0.0
onion,KEN,-3.1168227195739746
onion,KGZ,-1.501651108264923
onion,KHM,-6.292891025543213
onion,KOR,0.14628857374191284
onion,LAO,-6.991247177124023
onion,LBN,-7.5
onion,LBR,-7.362583160400391
onion,LBY,-6.199017524719238
onion,LKA,-6.449427127838135
onion,LSO,-6.2640345096588135
onion,LTU,1.2224481105804443
onion,LUX,-2.9461749792099
onion,LVA,2.591572642326355
onion,MAR,-0.38129568845033646
onion,MDA,1.1928377747535706
onion,MDG,-6.402074337005615
onion,MEX,-4.0250020027160645
onion,MKD,0.7567458152770996
onion,MLI,-7.5
onion,MLT,-7.4442994594573975
onion,MMR,-5.5221779346466064
onion,MNE,-4.864177465438843
onion,MNG,-4.439741611480713
onion,MOZ,-7.5
onion,MRT,-7.401103496551514
onion,MUS,-7.3336591720581055
onion,MWI,-7.5
onion,MYS,-5.522788047790527
onion,NAM,-5.225369453430176
onion,NER,-7.361387729644775
onion,NGA,-7.5
onion,NIC,-6.684140920639038
onion,NLD,5.771205425262451
onion,NOR,-7.136017322540283
onion,NPL,-5.762574195861816
onion,NZL,-4.392284393310547
onion,OMN,-7.5
onion,PAK,-2.0396015644073486
onion,PAN,-7.5
onion,PER,-4.297708988189697
onion,PHL,-6.450530290603638
onion,PNG,-4.9884607791900635
onion,POL,2.119906961917877
onion,PRI,-6.350046396255493
onion,PRT,-1.4764146208763123
onion,PRY,-7.1445653438568115
onion,PSE,-7.390567064285278
onion,ROU,-1.5269322395324707
onion,RUS,1.836944580078125
onion,RWA,-3.9305546283721924
onion,SAU,-7.5
onion,SDN,-6.033060550689697
onion,SEN,-7.5
onion,SLB,-7.5
onion,SLE,-7.5
onion,SLV,-3.208861470222473
onion,SOM,-7.468142032623291
onion,SRB,1.524566650390625
onion,SSD,-6.9253997802734375
onion,STP,-7.5
onion,SUR,-5.528019666671753
onion,SVK,-5.101098299026489
onion,SVN,0.8447349071502686
onion,SWE,-7.5
onion,SWZ,-7.209907054901123
onion,SYR,-5.071665287017822
onion,TCD,-5.479206085205078
onion,TGO,-7.383195638656616
onion,THA,-4.41835618019104
onion,TJK,-0.4427864160388708
onion,TKM,-4.601176738739014
onion,TLS,-7.5
onion,TTO,-7.168378829956055
onion,TUN,-0.8433419167995453
onion,TUR,0.7390205562114716
onion,TWN,-5.048919200897217
onion,TZA,-4.374893426895142
onion,UGA,-7.329152584075928
onion,UKR,2.731492280960083
onion,URY,-7.5
onion,USA,-7.5
onion,UZB,4.208451271057129
onion,VEN,-4.438777208328247
onion,VNM,0.2515822649002075
onion,VUT,-3.7290133237838745
onion,YEM,-6.007746696472168
onion,ZAF,-2.1807265281677246
onion,ZMB,-7.5
onion,ZWE,-7.5
pearl-millet,AFG,0.0924314446747303
pearl-millet,AGO,-0.3734550029039383
pearl-millet,ARG,-0.22928984463214874
pearl-millet,ARM,-0.0
pearl-millet,AUS,7.5
pearl-millet,AZE,-3.8594610691070557
pearl-millet,BDI,-0.30451488494873047
pearl-millet,BEN,-0.4041243642568588
pearl-millet,BFA,-0.2145380973815918
pearl-millet,BGD,-0.22386051714420319
pearl-millet,BGR,-0.0
pearl-millet,BLR,-0.009230299852788448
pearl-millet,BOL,-0.0
pearl-millet,BRA,-0.0
pearl-millet,BTN,-7.5
pearl-millet,BWA,-0.3286331593990326
pearl-millet,CAF,-7.5
pearl-millet,CAN,-0.0
pearl-millet,CHE,-1.8898600339889526
pearl-millet,CHN,-0.1823417842388153
pearl-millet,CIV,-0.44734491407871246
pearl-millet,CMR,-0.2659517079591751
pearl-millet,COD,-0.359405055642128
pearl-millet,COG,-0.2834717780351639
pearl-millet,DEU,7.5
pearl-millet,DZA,-0.0
pearl-millet,ERI,-0.3569375276565552
pearl-millet,ETH,-0.4004113972187042
pearl-millet,FRA,3.799760766327381
pearl-millet,GAB,-0.0
pearl-millet,GEO,-0.0
pearl-millet,GHA,-0.4259766638278961
pearl-millet,GIN,-0.02827825490385294
pearl-millet,GMB,-0.3531493991613388
pearl-millet,GNB,-0.29049496352672577
pearl-millet,GRC,-0.0
pearl-millet,HUN,7.5
pearl-millet,IND,-0.12922101467847824
pearl-millet,IRN,-0.712905764579773
pearl-millet,IRQ,-0.5056772530078888
pearl-millet,KAZ,-0.11909784004092216
pearl-millet,KEN,-0.303804486989975
pearl-millet,KGZ,-0.29641085863113403
pearl-millet,KHM,-0.0
pearl-millet,KOR,-7.5
pearl-millet,LAO,0.0
pearl-millet,LBY,-0.44693028926849365
pearl-millet,LKA,-0.776326596736908
pearl-millet,LSO,7.5
pearl-millet,MAR,-0.3854451850056648
pearl-millet,MDA,0.0
pearl-millet,MLI,-0.18806548416614532
pearl-millet,MMR,-0.31221646070480347
pearl-millet,MNG,-0.0
pearl-millet,MOZ,-0.34876132011413574
pearl-millet,MRT,-0.32272888720035553
pearl-millet,MWI,-0.32092049717903137
pearl-millet,NAM,-0.02160012722015381
pearl-millet,NER,-0.07007209211587906
pearl-millet,NGA,-0.2673289030790329
pearl-millet,NPL,-0.13617878779768944
pearl-millet,OMN,-0.0
pearl-millet,PAK,-0.0012764506973326206
pearl-millet,POL,7.5
pearl-millet,PRY,-0.0
pearl-millet,ROU,7.5
pearl-millet,RUS,-0.034667909145355225
pearl-millet,RWA,-0.33283817768096924
pearl-millet,SAU,-0.47264283895492554
pearl-millet,SDN,-0.33695241808891296
pearl-millet,SEN,-0.255119189620018
pearl-millet,SLE,-0.33532100915908813
pearl-millet,SOM,7.5
pearl-millet,SSD,-0.21003074198961258
pearl-millet,SVK,7.5
pearl-millet,SWZ,3.60988050699234
pearl-millet,SYR,7.5
pearl-millet,TCD,-0.11133979260921478
pearl-millet,TGO,-0.2506413906812668
pearl-millet,THA,-0.3619624376296997
pearl-millet,TJK,-0.09312073141336441
pearl-millet,TKM,7.5
pearl-millet,TUN,-0.0
pearl-millet,TUR,-0.8433518409729004
pearl-millet,TWN,-7.5
pearl-millet,TZA,-0.26459014415740967
pearl-millet,UGA,-0.20491445809602737
pearl-millet,UKR,-0.24136999249458313
pearl-millet,URY,-0.0
pearl-millet,USA,-0.13347797095775604
pearl-millet,UZB,-0.36270883679389954
pearl-millet,VNM,3.1908390522003174
pearl-millet,YEM,-0.1820385605096817
pearl-millet,ZAF,-0.28768493235111237
pearl-millet,ZMB,-0.2590634226799011
pearl-millet,ZWE,0.10305001959204674
phaseolus-bean,AFG,-1.1721869111061096
phaseolus-bean,AGO,-1.2160935401916504
phaseolus-bean,ALB,-3.173647403717041
phaseolus-bean,ARE,-0.0
phaseolus-bean,ARG,-1.182770550251007
phaseolus-bean,ARM,-4.3549582958221436
phaseolus-bean,AUS,-1.1092028617858887
phaseolus-bean,AUT,-1.1043295860290527
phaseolus-bean,AZE,-2.171742558479309
phaseolus-bean,BDI,-0.3251855820417404
phaseolus-bean,BEL,-0.6207869946956635
phaseolus-bean,BEN,-1.1690811514854431
phaseolus-bean,BFA,-1.2090625166893005
phaseolus-bean,BGD,-1.1348655819892883
phaseolus-bean,BGR,-0.9486764669418335
phaseolus-bean,BHS,-1.1133084893226624
phaseolus-bean,BIH,2.039682626724243
phaseolus-bean,BLR,-0.8543361723423004
phaseolus-bean,BLZ,-0.8215188980102539
phaseolus-bean,BOL,-1.142585039138794
phaseolus-bean,BRA,-0.6470599174499512
phaseolus-bean,BRB,-1.0059029459953308
phaseolus-bean,BRN,-4.271293580532074
phaseolus-bean,BTN,-1.3635319471359253
phaseolus-bean,BWA,-1.2170990705490112
phaseolus-bean,CAF,-1.1704825162887573
phaseolus-bean,CAN,-1.414158821105957
phaseolus-bean,CHE,-0.7978373467922211
phaseolus-bean,CHL,-2.613315224647522
phaseolus-bean,CHN,-0.7054848968982697
phaseolus-bean,CIV,-0.45054522156715393
phaseolus-bean,CMR,-1.2063685059547424
phaseolus-bean,COD,-1.237708330154419
phaseolus-bean,COG,-1.224221110343933
phaseolus-bean,COL,-1.6799688339233398
phaseolus-bean,COM,-1.1786677837371826
phaseolus-bean,CPV,-1.235949695110321
phaseolus-bean,CRI,-0.8432497382164001
phaseolus-bean,CUB,-1.1448162198066711
phaseolus-bean,CYP,-4.14396333694458
phaseolus-bean,CZE,-0.861413300037384
phaseolus-bean,DEU,-0.7128061056137085
phaseolus-bean,DJI,-1.1263504028320312
phaseolus-bean,DNK,-0.6690300703048706
phaseolus-bean,DOM,-1.9734004139900208
phaseolus-bean,DZA,7.5
phaseolus-bean,ECU,-0.8676800727844238
phaseolus-bean,EGY,-2.184768795967102
phaseolus-bean,ERI,-1.1816930770874023
phaseolus-bean,ESP,-3.305432438850403
phaseolus-bean,EST,-0.9983814060688019
phaseolus-bean,ETH,-0.5366835594177246
phaseolus-bean,FIN,3.302841067314148
phaseolus-bean,FJI,-0.9679387211799622
phaseolus-bean,FRA,-0.8428211212158203
phaseolus-bean,GAB,-1.1531875729560852
phaseolus-bean,GBR,-0.953272670507431
phaseolus-bean,GEO,-1.2896060347557068
phaseolus-bean,GHA,-0.7643347978591919
phaseolus-bean,GIN,-1.1531718969345093
phaseolus-bean,GMB,-1.1890671849250793
phaseolus-bean,GNB,-1.2103770971298218
phaseolus-bean,GNQ,7.5
phaseolus-bean,GRC,-4.598284721374512
phaseolus-bean,GRD,-2.1604552268981934
phaseolus-bean,GTM,-1.1517913341522217
phaseolus-bean,GUF,-4.351879715919495
phaseolus-bean,GUY,-1.1364835500717163
phaseolus-bean,HND,-0.9255838990211487
phaseolus-bean,HRV,3.2625060975551605
phaseolus-bean,HTI,-1.2297828793525696
phaseolus-bean,HUN,-1.0624801516532898
phaseolus-bean,IDN,-1.0771989226341248
phaseolus-bean,IND,-1.2330021262168884
phaseolus-bean,IRL,-0.6364234089851379
phaseolus-bean,IRN,-2.1575511693954468
phaseolus-bean,IRQ,0.10516343638300896
phaseolus-bean,ISR,-1.0818354487419128
phaseolus-bean,ITA,-3.83740770816803
phaseolus-bean,JAM,-1.875622034072876
phaseolus-bean,JOR,-1.3629586696624756
phaseolus-bean,JPN,-0.7009026110172272
phaseolus-bean,KAZ,-1.1734092235565186
phaseolus-bean,KEN,-0.34997230768203735
phaseolus-bean,KGZ,-1.1261069178581238
phaseolus-bean,KHM,-1.0849711894989014
phaseolus-bean,KOR,-0.9089353084564209
phaseolus-bean,LAO,-1.0440860986709595
phaseolus-bean,LBN,-7.438702583312988
phaseolus-bean,LBR,-1.194489300251007
phaseolus-bean,LBY,-7.5
phaseolus-bean,LKA,-1.1100029349327087
phaseolus-bean,LSO,-0.21821795403957367
phaseolus-bean,LTU,-0.2755540609359741
phaseolus-bean,LUX,-0.9902555346488953
phaseolus-bean,LVA,-0.17487560212612152
phaseolus-bean,MAR,-1.5878798365592957
phaseolus-bean,MDA,-0.23697466403245926
phaseolus-bean,MDG,-1.0836352705955505
phaseolus-bean,MEX,-0.44684791564941406
phaseolus-bean,MKD,-1.3704072833061218
phaseolus-bean,MLI,-1.1851494312286377
phaseolus-bean,MMR,-1.1219855546951294
phaseolus-bean,MNE,-0.8578583896160126
phaseolus-bean,MNG,-0.9096820950508118
phaseolus-bean,MOZ,-0.5310706496238708
phaseolus-bean,MRT,-1.2066745162010193
phaseolus-bean,MWI,3.5610790997743607
phaseolus-bean,MYS,3.261806398630142
phaseolus-bean,NAM,-1.0844980478286743
phaseolus-bean,NER,-1.2384811043739319
phaseolus-bean,NGA,-1.1880428194999695
phaseolus-bean,NIC,3.4777716994285583
phaseolus-bean,NLD,-3.270812511444092
phaseolus-bean,NOR,-1.0627598762512207
phaseolus-bean,NPL,-1.106844186782837
phaseolus-bean,NZL,-0.8607200384140015
phaseolus-bean,OMN,-0.8757045865058899
phaseolus-bean,PAK,-0.0
phaseolus-bean,PAN,-0.5115208625793457
phaseolus-bean,PER,-1.074990451335907
phaseolus-bean,PHL,-0.7120167315006256
phaseolus-bean,PNG,-1.224680781364441
phaseolus-bean,POL,-1.6326159238815308
phaseolus-bean,PRI,-1.5577731728553772
phaseolus-bean,PRT,-1.1156033873558044
phaseolus-bean,PRY,-1.210497260093689
phaseolus-bean,PSE,-1.473717212677002
phaseolus-bean,ROU,-2.053197979927063
phaseolus-bean,RUS,-0.9184719622135162
phaseolus-bean,RWA,-0.35285890102386475
phaseolus-bean,SAU,-1.1945070624351501
phaseolus-bean,SDN,-1.1757705807685852
phaseolus-bean,SEN,-1.1452311277389526
phaseolus-bean,SLB,-1.1389307379722595
phaseolus-bean,SLE,-1.1928863525390625
phaseolus-bean,SLV,3.338882178068161
phaseolus-bean,SOM,-1.2276913523674011
phaseolus-bean,SRB,-1.290917158126831
phaseolus-bean,SSD,-1.1616830229759216
phaseolus-bean,SUR,-1.178801715373993
phaseolus-bean,SVK,-0.8936184644699097
phaseolus-bean,SVN,-3.5220532417297363
phaseolus-bean,SWE,-7.5
phaseolus-bean,SWZ,-1.1660682559013367
phaseolus-bean,SYR,-1.2101998329162598
phaseolus-bean,TCD,-0.3761986196041107
phaseolus-bean,TGO,-0.2845538854598999
phaseolus-bean,THA,-1.1186658143997192
phaseolus-bean,TJK,-3.331355333328247
phaseolus-bean,TKM,-1.0683462619781494
phaseolus-bean,TLS,-1.8618381023406982
phaseolus-bean,TTO,-1.0324779152870178
phaseolus-bean,TUN,-1.2553297281265259
phaseolus-bean,TUR,-2.4119625091552734
phaseolus-bean,TWN,-0.8968626260757446
phaseolus-bean,TZA,-0.4631718695163727
phaseolus-bean,UGA,-1.1829590201377869
phaseolus-bean,UKR,-1.138084888458252
phaseolus-bean,URY,-1.1172688603401184
phaseolus-bean,USA,-1.1658320426940918
phaseolus-bean,UZB,-1.1583530902862549
phaseolus-bean,VEN,-1.1640014052391052
phaseolus-bean,VNM,-1.110733985900879
phaseolus-bean,YEM,-2.3873953819274902
phaseolus-bean,ZAF,-0.9654402732849121
phaseolus-bean,ZMB,-1.1744403839111328
phaseolus-bean,ZWE,-0.5584303140640259
pigeonpea,AFG,-0.9364999532699585
pigeonpea,AGO,-0.964421272277832
pigeonpea,ALB,-2.859191358089447
pigeonpea,ARE,-0.0
pigeonpea,ARG,-0.92999267578125
pigeonpea,ARM,-7.5
pigeonpea,AUS,-0.8508253693580627
pigeonpea,AUT,-1.059317171573639
pigeonpea,AZE,-0.701372355222702
pigeonpea,BDI,-0.979520857334137
pigeonpea,BEL,3.5851209610700607
pigeonpea,BEN,-0.9178074300289154
pigeonpea,BFA,-0.9575391411781311
pigeonpea,BGD,-0.8829602599143982
pigeonpea,BGR,-0.8043032884597778
pigeonpea,BHS,-0.8703833818435669
pigeonpea,BIH,3.3812688887119293
pigeonpea,BLR,3.4700288474559784
pigeonpea,BLZ,-0.917709618806839
pigeonpea,BOL,-0.8917723894119263
pigeonpea,BRA,-0.932523787021637
pigeonpea,BRB,-0.7046724855899811
pigeonpea,BRN,7.5
pigeonpea,BTN,-0.891381561756134
pigeonpea,BWA,-0.9575729370117188
pigeonpea,CAF,-0.9191505312919617
pigeonpea,CAN,-7.5
pigeonpea,CHE,-4.054068684577942
pigeonpea,CHL,-7.5
pigeonpea,CHN,-0.7001157104969025
pigeonpea,CIV,-0.9132057726383209
pigeonpea,CMR,-0.9552160799503326
pigeonpea,COD,-0.9864063858985901
pigeonpea,COG,-0.9723121523857117
pigeonpea,COL,-0.87015300989151
pigeonpea,COM,-0.9271231889724731
pigeonpea,CPV,-0.9834061563014984
pigeonpea,CRI,-0.954133003950119
pigeonpea,CUB,-0.8935939371585846
pigeonpea,CYP,7.5
pigeonpea,CZE,-0.6087421178817749
pigeonpea,DEU,-0.460050567984581
pigeonpea,DJI,-0.8564644455909729
pigeonpea,DNK,-0.4638075828552246
pigeonpea,DOM,-1.3972702622413635
pigeonpea,DZA,-0.7083519697189331
pigeonpea,ECU,-0.887841671705246
pigeonpea,EGY,-0.675431102514267
pigeonpea,ERI,-0.9349112510681152
pigeonpea,ESP,-0.776583731174469
pigeonpea,EST,-0.756963700056076
pigeonpea,ETH,-0.9356347918510437
pigeonpea,FIN,3.429274946451187
pigeonpea,FJI,-0.7146647274494171
pigeonpea,FRA,-0.5893048048019409
pigeonpea,GAB,-0.9011998474597931
pigeonpea,GBR,-0.7002898752689362
pigeonpea,GEO,-4.184423893690109
pigeonpea,GHA,-0.9396673738956451
pigeonpea,GIN,-0.8957245349884033
pigeonpea,GMB,-0.9378945827484131
pigeonpea,GNB,-0.958628922700882
pigeonpea,GNQ,7.5
pigeonpea,GRC,-0.8979002833366394
pigeonpea,GRD,-1.8051538467407227
pigeonpea,GTM,-0.9001665711402893
pigeonpea,GUF,7.5
pigeonpea,GUY,-0.8857165575027466
pigeonpea,HND,-0.9736499488353729
pigeonpea,HRV,3.3750852942466736
pigeonpea,HTI,-0.984810471534729
pigeonpea,HUN,-0.6973514258861542
pigeonpea,IDN,-0.8654575645923615
pigeonpea,IND,-0.9783791899681091
pigeonpea,IRL,-0.3829316794872284
pigeonpea,IRN,-0.928160548210144
pigeonpea,IRQ,0.36943116784095764
pigeonpea,ISR,-0.8285632133483887
pigeonpea,ITA,-0.8006649315357208
pigeonpea,JAM,-2.435450553894043
pigeonpea,JOR,-2.3605265617370605
pigeonpea,JPN,-0.482538565993309
pigeonpea,KAZ,-0.9674575328826904
pigeonpea,KEN,-0.27219676971435547
pigeonpea,KGZ,-0.794128954410553
pigeonpea,KHM,-0.831221878528595
pigeonpea,KOR,-0.6839298903942108
pigeonpea,LAO,3.3912639021873474
pigeonpea,LBN,-4.289572358131409
pigeonpea,LBR,-0.9427690207958221
pigeonpea,LBY,-1.1472206711769104
pigeonpea,LKA,-0.8565784990787506
pigeonpea,LSO,-0.9570236504077911
pigeonpea,LTU,-0.6931926012039185
pigeonpea,LUX,-7.5
pigeonpea,LVA,-0.5895686745643616
pigeonpea,MAR,-1.3545675873756409
pigeonpea,MDA,-4.200371205806732
pigeonpea,MDG,-0.8315170109272003
pigeonpea,MEX,-0.9516685903072357
pigeonpea,MKD,-0.7646501660346985
pigeonpea,MLI,-0.912484884262085
pigeonpea,MMR,-0.8606241643428802
pigeonpea,MNE,-7.5
pigeonpea,MNG,7.5
pigeonpea,MOZ,-0.9374729990959167
pigeonpea,MRT,-0.9638694822788239
pigeonpea,MWI,3.3179145455360413
pigeonpea,MYS,3.388826072216034
pigeonpea,NAM,-0.8263276219367981
pigeonpea,NER,-0.9857567548751831
pigeonpea,NGA,-0.9369011223316193
pigeonpea,NIC,3.291383981704712
pigeonpea,NLD,-7.5
pigeonpea,NOR,-0.8033550977706909
pigeonpea,NPL,-0.5852826237678528
pigeonpea,NZL,-7.5
pigeonpea,OMN,-0.0
pigeonpea,PAK,7.5
pigeonpea,PAN,-0.9716112911701202
pigeonpea,PER,-0.9149341881275177
pigeonpea,PHL,-0.8777836561203003
pigeonpea,PNG,-0.9697695076465607
pigeonpea,POL,3.415448695421219
pigeonpea,PRI,-4.471604347229004
pigeonpea,PRT,-0.862352728843689
pigeonpea,PRY,-0.955997109413147
pigeonpea,PSE,-4.419967830181122
pigeonpea,ROU,-0.8492648899555206
pigeonpea,RUS,-0.9429735243320465
pigeonpea,RWA,-0.9686342477798462
pigeonpea,SAU,-1.4592816829681396
pigeonpea,SDN,-0.9201289415359497
pigeonpea,SEN,-0.8940387964248657
pigeonpea,SLB,-0.854127436876297
pigeonpea,SLE,-0.9416686296463013
pigeonpea,SLV,3.3053159415721893
pigeonpea,SOM,-0.9754247069358826
pigeonpea,SRB,-0.7579005360603333
pigeonpea,SSD,-0.9141421318054199
pigeonpea,SUR,3.2825849056243896
pigeonpea,SVK,-4.148913770914078
pigeonpea,SVN,3.3696528673171997
pigeonpea,SWE,-7.5
pigeonpea,SWZ,-0.9097694158554077
pigeonpea,SYR,-0.9571937322616577
pigeonpea,TCD,-0.9672808945178986
pigeonpea,TGO,-0.959841787815094
pigeonpea,THA,-0.8648608922958374
pigeonpea,TJK,-5.7788145542144775
pigeonpea,TKM,-0.8148651719093323
pigeonpea,TLS,3.3524566292762756
pigeonpea,TTO,-3.3822309970855713
pigeonpea,TUN,-1.031380534172058
pigeonpea,TUR,-0.8200299143791199
pigeonpea,TWN,-0.6424698233604431
pigeonpea,TZA,-0.26649898290634155
pigeonpea,UGA,-0.9312754571437836
pigeonpea,UKR,-0.8856224119663239
pigeonpea,URY,-0.8575197458267212
pigeonpea,USA,-0.9165992736816406
pigeonpea,UZB,-6.50142765045166
pigeonpea,VEN,-0.8888160884380341
pigeonpea,VNM,3.3349297642707825
pigeonpea,YEM,-0.8615917265415192
pigeonpea,ZAF,-1.5050554275512695
pigeonpea,ZMB,-0.9222856760025024
pigeonpea,ZWE,-1.0530579090118408
plantain,AFG,-0.0
plantain,AGO,-0.0
plantain,ALB,-0.0
plantain,ARG,-0.0
plantain,AUS,-0.0
plantain,BDI,-4.36437463760376
plantain,BEN,-4.321059465408325
plantain,BFA,-0.0
plantain,BGD,-1.9271945357322693
plantain,BHS,-7.5
plantain,BLZ,-0.11934585124254227
plantain,BOL,-0.03321252763271332
plantain,BRA,-0.0
plantain,BRB,-5.383464336395264
plantain,BRN,-4.405629634857178
plantain,BTN,-0.0
plantain,BWA,-0.0
plantain,CAF,-4.832671403884888
plantain,CHN,-0.0
plantain,CIV,-4.086431622505188
plantain,CMR,-3.3986830711364746
plantain,COD,-4.499749422073364
plantain,COG,-3.992329716682434
plantain,COL,-1.5240842700004578
plantain,COM,-0.0
plantain,CPV,-0.0
plantain,CRI,6.137685298919678
plantain,CUB,-4.050309777259827
plantain,CYP,-0.0
plantain,DJI,-0.0
plantain,DOM,-0.40982893481850624
plantain,DZA,-0.0
plantain,ECU,2.5701019167900085
plantain,EGY,-0.0
plantain,ERI,7.5
plantain,ESP,-0.0
plantain,ETH,-0.0
plantain,FJI,-2.820748209953308
plantain,FRA,-0.0
plantain,GAB,-4.047968149185181
plantain,GHA,-3.4225664138793945
plantain,GIN,-3.8136402368545532
plantain,GMB,-0.0
plantain,GNB,-4.264759540557861
plantain,GNQ,-4.248010873794556
plantain,GRC,-0.0
plantain,GRD,-4.29531717300415
plantain,GTM,2.410981774330139
plantain,GUF,7.5
plantain,GUY,-7.5
plantain,HND,0.8836248070001602
plantain,HTI,-3.4693914651870728
plantain,IDN,-0.0
plantain,IND,-0.0
plantain,IRQ,-0.0
plantain,ISR,-0.0
plantain,JAM,-7.5
plantain,JOR,-0.0
plantain,KEN,-1.2414876222610474
plantain,KHM,-0.0
plantain,LAO,-0.0
plantain,LBN,-0.0
plantain,LBR,-4.399608373641968
plantain,LKA,1.4487049281597137
plantain,MAR,-0.0
plantain,MDG,-0.0
plantain,MEX,-0.0
plantain,MLI,-0.0
plantain,MMR,-2.558951735496521
plantain,MOZ,-0.0
plantain,MRT,7.5
plantain,MUS,-0.0
plantain,MWI,-2.3734554052352905
plantain,MYS,-0.0
plantain,NAM,-1.336081087589264
plantain,NER,-2.5636558532714844
plantain,NGA,-3.8615500926971436
plantain,NIC,-2.794480800628662
plantain,NPL,-0.0
plantain,OMN,-0.0
plantain,PAK,-0.0
plantain,PAN,-0.6480766236782074
plantain,PER,-0.0
plantain,PHL,-1.8875449895858765
plantain,PNG,-0.0
plantain,PRI,-7.5
plantain,PRT,-0.0
plantain,PRY,-0.0
plantain,PSE,-0.0
plantain,RWA,-3.805476427078247
plantain,SAU,-0.0
plantain,SDN,-0.0
plantain,SEN,-0.0
plantain,SLB,-0.0
plantain,SLE,-4.104663729667664
plantain,SLV,-3.5448697805404663
plantain,SOM,-0.0
plantain,SSD,-4.453648567199707
plantain,STP,-2.413503110408783
plantain,SUR,-7.5
plantain,SWZ,-0.0
plantain,SYR,-0.0
plantain,TGO,-4.3070924282073975
plantain,THA,-0.0
plantain,TLS,-0.0
plantain,TTO,-4.30031681060791
plantain,TUR,-0.0
plantain,TWN,-0.0
plantain,TZA,-4.217215538024902
plantain,UGA,-4.15982723236084
plantain,URY,7.5
plantain,USA,-0.0
plantain,VEN,-2.8937443494796753
plantain,VNM,-0.0
plantain,VUT,-0.0
plantain,YEM,-0.0
plantain,ZAF,-0.0
plantain,ZMB,-0.0
plantain,ZWE,-0.0
rapeseed,AFG,0.9145267009735107
rapeseed,ALB,-0.0
rapeseed,ARG,-0.41288477182388306
rapeseed,ARM,7.5
rapeseed,AUS,0.17331793904304504
rapeseed,AUT,0.2120431289076805
rapeseed,AZE,1.3626052141189575
rapeseed,BEL,4.1000019907951355
rapeseed,BGD,-0.09084504470229149
rapeseed,BGR,0.4335416704416275
rapeseed,BIH,0.2697337120771408
rapeseed,BLR,0.229098379611969
rapeseed,BLZ,-0.0
rapeseed,BOL,7.5
rapeseed,BRA,-0.4883459508419037
rapeseed,BTN,-0.46816930174827576
rapeseed,BWA,7.5
rapeseed,CAN,-0.19460724294185638
rapeseed,CHE,-0.07613622071221471
rapeseed,CHL,0.7015898823738098
rapeseed,CHN,-0.005582484416663647
rapeseed,CZE,0.1933346390724182
rapeseed,DEU,0.35496939718723297
rapeseed,DNK,0.2348797842860222
rapeseed,DZA,-0.6971861124038696
rapeseed,ERI,-0.0
rapeseed,ESP,0.2299867421388626
rapeseed,EST,0.3656504303216934
rapeseed,ETH,-0.1268579512834549
rapeseed,FIN,-0.24880634248256683
rapeseed,FRA,0.14930295944213867
rapeseed,GBR,-0.14178192988038063
rapeseed,GEO,7.5
rapeseed,GRC,-0.08644092082977295
rapeseed,GTM,-0.0
rapeseed,GUY,-0.0
rapeseed,HRV,3.853096805512905
rapeseed,HUN,0.5279878675937653
rapeseed,IND,-0.4626804292201996
rapeseed,IRL,0.7230370938777924
rapeseed,IRN,-0.22261175513267517
rapeseed,IRQ,-0.12052760925143957
rapeseed,ITA,0.15614093840122223
rapeseed,JPN,0.04179424233734608
rapeseed,KAZ,-0.04918949585407972
rapeseed,KGZ,-0.2929666116833687
rapeseed,KOR,-0.43650905787944794
rapeseed,LAO,7.5
rapeseed,LSO,0.47595155239105225
rapeseed,LTU,0.2477779984474182
rapeseed,LUX,0.2850924748927355
rapeseed,LVA,0.35151292383670807
rapeseed,MAR,-0.6082144975662231
rapeseed,MDA,0.480289027094841
rapeseed,MEX,-0.01518486998975277
rapeseed,MKD,0.5067317634820938
rapeseed,MMR,-0.0694329272955656
rapeseed,MNE,7.5
rapeseed,MNG,-0.7601828575134277
rapeseed,MOZ,3.41128209233284
rapeseed,NLD,-1.1891164630651474
rapeseed,NOR,-0.6845631003379822
rapeseed,NPL,-0.0887636924162507
rapeseed,NZL,-0.1650849860161543
rapeseed,PAK,-0.5180995464324951
rapeseed,POL,0.20553457736968994
rapeseed,PRT,0.3104211837053299
rapeseed,PRY,-0.062427863478660583
rapeseed,ROU,0.46658340096473694
rapeseed,RUS,0.060064878314733505
rapeseed,SRB,0.6987292170524597
rapeseed,SVK,0.41894057393074036
rapeseed,SVN,3.9248293191194534
rapeseed,SWE,0.27305999398231506
rapeseed,SWZ,0.1682630218565464
rapeseed,SYR,0.058138322085142136
rapeseed,TJK,-0.7933091521263123
rapeseed,TKM,0.14019480347633362
rapeseed,TUN,-0.8642737567424774
rapeseed,TUR,0.04186327010393143
rapeseed,TWN,0.3965418040752411
rapeseed,UKR,-0.297787606716156
rapeseed,URY,-0.3277819901704788
rapeseed,USA,0.23963525891304016
rapeseed,UZB,-0.6624892354011536
rapeseed,VEN,-0.0
rapeseed,VNM,-0.21583550423383713
rapeseed,ZAF,-0.4215966910123825
rye,AFG,-0.16677483916282654
rye,AGO,-0.0
rye,ALB,-0.5733318030834198
rye,ARE,-7.5
rye,ARG,-0.3694576621055603
rye,ARM,-0.187505342066288
rye,AUS,-0.12778177857398987
rye,AUT,-0.37406015396118164
rye,AZE,-0.12540163472294807
rye,BDI,-0.41152194142341614
rye,BEL,3.7728352025151253
rye,BEN,-0.43585775792598724
rye,BFA,-0.39424923062324524
rye,BGD,-0.0
rye,BGR,-0.11196491867303848
rye,BIH,-0.3142737150192261
rye,BLR,-2.8208312317728996
rye,BLZ,7.5
rye,BOL,-7.5
rye,BRA,7.5
rye,BTN,0.40983450412750244
rye,BWA,-0.29898248612880707
rye,CAF,0.0
rye,CAN,-0.3654945641756058
rye,CHE,-0.8339592516422272
rye,CHL,0.054483579471707344
rye,CHN,-0.3541087210178375
rye,CIV,-0.3877876251935959
rye,CMR,-7.5
rye,COD,-7.5
rye,COG,-0.42439617216587067
rye,COL,-7.5
rye,CYP,-0.021506585413590074
rye,CZE,-0.35780268907546997
rye,DEU,-0.2757472023367882
rye,DNK,-0.40719735622406006
rye,DZA,-0.4644307941198349
rye,ECU,-3.804378245025873
rye,EGY,-0.27204038202762604
rye,ERI,-0.41532810032367706
rye,ESP,-0.23207926005125046
rye,EST,-0.20038656890392303
rye,ETH,-0.34207719564437866
rye,FIN,-0.45843710005283356
rye,FRA,-0.4413444846868515
rye,GAB,7.5
rye,GBR,-0.15776287019252777
rye,GEO,-0.12755978852510452
rye,GHA,-7.5
rye,GIN,-0.4363551586866379
rye,GMB,-3.961386561393738
rye,GNB,-0.4274469316005707
rye,GRC,-0.2574818432331085
rye,GTM,-0.0
rye,GUF,-0.0
rye,GUY,7.5
rye,HRV,3.6341860219836235
rye,HUN,-0.050389840733259916
rye,IND,-0.2977190166711807
rye,IRL,-0.0
rye,IRN,-0.19768433272838593
rye,IRQ,-0.16350160539150238
rye,ISR,0.13305694609880447
rye,ITA,-0.29561758041381836
rye,JOR,7.5
rye,JPN,-0.04080567602068186
rye,KAZ,-0.08284184336662292
rye,KEN,-7.5
rye,KGZ,-0.40868306159973145
rye,KHM,-7.5
rye,KOR,3.6590181067585945
rye,LAO,-7.5
rye,LBN,-0.3996070623397827
rye,LBR,-7.5
rye,LBY,-0.0
rye,LSO,-0.17946752533316612
rye,LTU,-0.11370738223195076
rye,LUX,-0.34032614529132843
rye,LVA,-0.12604766339063644
rye,MAR,-0.42046500742435455
rye,MDA,-0.14801428467035294
rye,MEX,-0.0
rye,MKD,-0.19386479258537292
rye,MLI,-0.42800065875053406
rye,MMR,-0.43846841156482697
rye,MNE,-0.11086311936378479
rye,MNG,-0.27486759424209595
rye,MOZ,7.5
rye,MRT,-7.5
rye,MWI,0.0
rye,MYS,-0.0
rye,NAM,-0.0
rye,NER,-7.5
rye,NGA,-0.44581058621406555
rye,NLD,-1.2731290608644485
rye,NOR,-0.9753198325634003
rye,NPL,-0.3034825623035431
rye,NZL,0.14151109755039215
rye,OMN,-0.8075626492500305
rye,PER,7.5
rye,POL,-0.20468223839998245
rye,PRT,-0.13995122909545898
rye,PRY,-7.5
rye,PSE,-0.33041566610336304
rye,ROU,-0.2354201376438141
rye,RUS,-0.13981784880161285
rye,RWA,-7.5
rye,SAU,-0.15677278488874435
rye,SDN,-7.5
rye,SEN,-0.36131151020526886
rye,SLE,-0.43413199484348297
rye,SOM,-7.5
rye,SRB,-0.2782140374183655
rye,SSD,-7.5
rye,SUR,-0.0
rye,SVK,-0.19858863949775696
rye,SVN,-0.3422546535730362
rye,SWE,-0.6600717902183533
rye,SWZ,0.0
rye,SYR,-0.2324737161397934
rye,TCD,-0.310221403837204
rye,TGO,-0.42679545283317566
rye,THA,-0.39499664306640625
rye,TJK,-0.3556029051542282
rye,TKM,-0.15542474389076233
rye,TUN,-0.38363806903362274
rye,TUR,-0.28654175996780396
rye,TWN,-0.38460564613342285
rye,TZA,-0.3531850129365921
rye,UGA,-0.0
rye,UKR,-0.298989936709404
rye,URY,-0.09545649215579033
rye,USA,-0.30400899052619934
rye,UZB,-1.4942033290863037
rye,VEN,-0.0
rye,VNM,-0.0
rye,YEM,0.0
rye,ZAF,-0.3536283075809479
rye,ZMB,7.5
rye,ZWE,-7.5
sesame,AFG,-0.7420348823070526
sesame,AGO,-0.7606291472911835
sesame,ALB,-0.0
sesame,ARE,-0.0
sesame,ARG,-0.7730022370815277
sesame,ARM,-0.0
sesame,AZE,-0.7383017241954803
sesame,BDI,-0.7610663175582886
sesame,BEN,-0.7703573405742645
sesame,BFA,-0.765112042427063
sesame,BGD,-0.5253276973962784
sesame,BGR,-0.0
sesame,BLZ,7.5
sesame,BOL,-0.7308245897293091
sesame,BRA,-0.764302670955658
sesame,BTN,7.5
sesame,BWA,3.3822641372680664
sesame,CAF,-0.7853713929653168
sesame,CHN,-2.9299678802490234
sesame,CIV,-0.7571866810321808
sesame,CMR,-0.7694805562496185
sesame,COD,-0.7571205198764801
sesame,COG,-0.7561937570571899
sesame,COL,-0.7221286296844482
sesame,CRI,-7.5
sesame,DOM,-1.631877601146698
sesame,DZA,-0.0
sesame,ECU,-0.0
sesame,EGY,-1.0975343585014343
sesame,ERI,-0.7561881840229034
sesame,ETH,-0.6161245703697205
sesame,GAB,-0.0
sesame,GHA,-0.7605016827583313
sesame,GIN,-0.7583020031452179
sesame,GMB,-1.023487627506256
sesame,GNB,-0.7637598514556885
sesame,GRC,7.5
sesame,GTM,-0.7585489749908447
sesame,GUY,7.5
sesame,HND,-0.7538217604160309
sesame,HTI,-0.7620267868041992
sesame,IND,-0.752643346786499
sesame,IRN,-1.205495834350586
sesame,IRQ,-0.751717209815979
sesame,ISR,-0.7141188979148865
sesame,JOR,-1.1112033128738403
sesame,KEN,-0.3927890211343765
sesame,KGZ,3.39434614777565
sesame,KHM,-0.7451099455356598
sesame,KOR,-0.7013068795204163
sesame,LAO,-0.7360659837722778
sesame,LBN,-1.173029601573944
sesame,LBR,-7.5
sesame,LKA,-1.0040843486785889
sesame,MAR,-1.3808788061141968
sesame,MEX,-0.6140283346176147
sesame,MKD,-0.7498471736907959
sesame,MLI,-0.4846557378768921
sesame,MMR,-0.7516634464263916
sesame,MOZ,-0.5593268573284149
sesame,MRT,-4.10953763127327
sesame,MWI,-0.7588669955730438
sesame,MYS,-0.0
sesame,NAM,-0.7187034487724304
sesame,NER,-0.23325102031230927
sesame,NGA,-0.7696222960948944
sesame,NIC,-0.6038180887699127
sesame,NPL,-0.750274658203125
sesame,OMN,-0.0
sesame,PAK,-0.7123274207115173
sesame,PER,7.5
sesame,PRY,-0.5958534777164459
sesame,PSE,-2.3244853019714355
sesame,RWA,-0.7609761655330658
sesame,SAU,-1.1898042559623718
sesame,SDN,-0.7579439282417297
sesame,SEN,-0.7741239368915558
sesame,SLE,-1.2005358934402466
sesame,SLV,-0.6666156649589539
sesame,SOM,-0.7189798951148987
sesame,SSD,-0.7207430601119995
sesame,SWZ,-0.7577372789382935
sesame,SYR,-1.2055009007453918
sesame,TCD,-0.41855765879154205
sesame,TGO,-0.3543263226747513
sesame,THA,-0.7487671673297882
sesame,TJK,-0.8256634473800659
sesame,TKM,-0.6967312097549438
sesame,TUR,-1.3131253719329834
sesame,TWN,-0.7382283210754395
sesame,TZA,-0.5332835614681244
sesame,UGA,-0.7597569227218628
sesame,URY,-0.7270119190216064
sesame,USA,7.5
sesame,UZB,-0.9675440192222595
sesame,VEN,-0.7158090770244598
sesame,VNM,-1.466878056526184
sesame,YEM,-1.9215038418769836
sesame,ZAF,-0.7173686623573303
sesame,ZMB,-0.7582780718803406
sesame,ZWE,-0.850664347410202
silage-maize,AFG,-0.5459530353546143
silage-maize,AGO,-1.109889566898346
silage-maize,ALB,-1.1112560033798218
silage-maize,ARE,-0.0
silage-maize,ARG,-0.8995620310306549
silage-maize,ARM,-0.07429507002234459
silage-maize,ATG,-7.5
silage-maize,AUS,-0.5728596746921539
silage-maize,AUT,-0.8501690328121185
silage-maize,AZE,-0.027370713651180267
silage-maize,BDI,-0.2942366600036621
silage-maize,BEL,-0.6738333404064178
silage-maize,BEN,-7.5
silage-maize,BFA,-7.5
silage-maize,BGD,-1.5699321627616882
silage-maize,BGR,0.011528285220265388
silage-maize,BHS,-0.8151110708713531
silage-maize,BIH,3.5165161937475204
silage-maize,BLR,-3.3802652657032013
silage-maize,BLZ,-0.49235209822654724
silage-maize,BOL,-0.4005788564682007
silage-maize,BRA,-0.4954288899898529
silage-maize,BRB,-7.5
silage-maize,BRN,-7.5
silage-maize,BTN,-1.338334858417511
silage-maize,BWA,2.0788495540618896
silage-maize,CAF,-1.1564192175865173
silage-maize,CAN,-0.9829385280609131
silage-maize,CHE,-1.4534710049629211
silage-maize,CHL,-2.2012723684310913
silage-maize,CHN,-0.45734383165836334
silage-maize,CIV,-0.0
silage-maize,CMR,0.2779855281114578
silage-maize,COD,-0.3462420701980591
silage-maize,COG,-0.2849804759025574
silage-maize,COL,-0.5788552761077881
silage-maize,COM,0.11334363743662834
silage-maize,CPV,-0.0
silage-maize,CRI,-0.08029822632670403
silage-maize,CUB,-0.4708503633737564
silage-maize,CYP,6.215296506881714
silage-maize,CZE,-0.13499589264392853
silage-maize,DEU,0.04845169186592102
silage-maize,DJI,-0.96165931224823
silage-maize,DNK,5.818270206451416
silage-maize,DOM,-0.471339151263237
silage-maize,DZA,-0.3272773027420044
silage-maize,ECU,-0.6901985108852386
silage-maize,EGY,1.4739094972610474
silage-maize,ERI,-1.0582258701324463
silage-maize,ESP,-1.4772010445594788
silage-maize,EST,-0.5369093418121338
silage-maize,ETH,-0.41442641615867615
silage-maize,FIN,-0.0
silage-maize,FJI,-2.0458428859710693
silage-maize,FRA,-0.35143423080444336
silage-maize,GAB,-1.0544922947883606
silage-maize,GBR,0.5917624682188034
silage-maize,GEO,-0.25794827938079834
silage-maize,GHA,-0.0
silage-maize,GIN,-0.49152234196662903
silage-maize,GMB,-0.0
silage-maize,GNB,-0.0
silage-maize,GNQ,-7.5
silage-maize,GRC,-1.0472217202186584
silage-maize,GRD,7.5
silage-maize,GTM,-0.7509736716747284
silage-maize,GUF,-2.9576374292373657
silage-maize,GUY,-0.2563372626900673
silage-maize,HND,-0.7615140676498413
silage-maize,HRV,-3.8214792907238007
silage-maize,HTI,-1.168519139289856
silage-maize,HUN,-0.8180555999279022
silage-maize,IDN,-0.946922779083252
silage-maize,IND,2.078779935836792
silage-maize,IRL,-0.3015189468860626
silage-maize,IRN,-1.7687515020370483
silage-maize,IRQ,3.694502592086792
silage-maize,ISL,-0.966104656457901
silage-maize,ISR,-7.5
silage-maize,ITA,0.6307711601257324
silage-maize,JAM,1.4804964661598206
silage-maize,JOR,0.6662553548812866
silage-maize,JPN,0.2326422706246376
silage-maize,KAZ,-0.7314736247062683
silage-maize,KEN,-0.5726515650749207
silage-maize,KGZ,-1.2703809142112732
silage-maize,KHM,-1.1268579959869385
silage-maize,KOR,-0.23895525187253952
silage-maize,LAO,3.3135581612586975
silage-maize,LBN,5.385620832443237
silage-maize,LBR,-4.306936800479889
silage-maize,LBY,-1.5141921639442444
silage-maize,LKA,-0.7820157706737518
silage-maize,LSO,-0.10608528926968575
silage-maize,LTU,-0.4349348247051239
silage-maize,LUX,-0.36038631200790405
silage-maize,LVA,-0.48937687277793884
silage-maize,MAR,2.014980435371399
silage-maize,MDA,-0.07858902402222157
silage-maize,MDG,-0.4498777836561203
silage-maize,MEX,-0.5420507788658142
silage-maize,MKD,-0.4101841002702713
silage-maize,MLI,-7.5
silage-maize,MLT,-3.871568262577057
silage-maize,MMR,3.604243755340576
silage-maize,MNE,0.08098536357283592
silage-maize,MNG,-0.945484459400177
silage-maize,MOZ,-0.0700236577540636
silage-maize,MRT,-1.1714264154434204
silage-maize,MUS,-1.096381664276123
silage-maize,MWI,-0.35929355025291443
silage-maize,MYS,-0.4821712076663971
silage-maize,NAM,-0.0997663214802742
silage-maize,NER,-0.0
silage-maize,NGA,-0.6011995673179626
silage-maize,NIC,-0.3473995327949524
silage-maize,NLD,1.3511061072349548
silage-maize,NOR,-0.0
silage-maize,NPL,-0.7349407076835632
silage-maize,NZL,-2.1261870861053467
silage-maize,OMN,-2.7477941513061523
silage-maize,PAK,-1.3223413228988647
silage-maize,PAN,-1.3098434805870056
silage-maize,PER,-0.7046878933906555
silage-maize,PHL,-0.3233786076307297
silage-maize,PNG,-0.3958222270011902
silage-maize,POL,-0.28034086525440216
silage-maize,PRI,-1.5121358036994934
silage-maize,PRT,-1.4826185703277588
silage-maize,PRY,-0.2913094311952591
silage-maize,PSE,0.9765154719352722
silage-maize,ROU,-0.09787898510694504
silage-maize,RUS,-0.5313146114349365
silage-maize,RWA,0.693379282951355
silage-maize,SAU,-2.9142396450042725
silage-maize,SDN,-1.0312068462371826
silage-maize,SEN,-0.0
silage-maize,SLB,-4.200185596942902
silage-maize,SLE,-0.05400258209556341
silage-maize,SLV,0.7478204965591431
silage-maize,SOM,-1.0517184138298035
silage-maize,SRB,0.13137287460267544
silage-maize,SSD,-1.005646526813507
silage-maize,STP,0.6073128283023834
silage-maize,SUR,-7.5
silage-maize,SVK,-0.41883163154125214
silage-maize,SVN,-0.2829592004418373
silage-maize,SWE,-0.0
silage-maize,SWZ,-1.1005496978759766
silage-maize,SYR,2.0241470336914062
silage-maize,TCD,-3.9875045269727707
silage-maize,TGO,-0.0878865085542202
silage-maize,THA,-0.9173120856285095
silage-maize,TJK,-1.8881919980049133
silage-maize,TKM,-0.0
silage-maize,TLS,-0.7068769037723541
silage-maize,TTO,-0.9018086493015289
silage-maize,TUN,-0.06128251738846302
silage-maize,TUR,2.357075810432434
silage-maize,TWN,-0.0
silage-maize,TZA,-0.06755524128675461
silage-maize,UGA,-0.4662639647722244
silage-maize,UKR,-0.5135127007961273
silage-maize,URY,-0.3631240278482437
silage-maize,USA,-0.4795050323009491
silage-maize,UZB,-1.8962221145629883
silage-maize,VEN,-0.9649530053138733
silage-maize,VNM,1.9513731901533902
silage-maize,VUT,-0.7447617053985596
silage-maize,YEM,-0.7713357508182526
silage-maize,ZAF,-0.7468855082988739
silage-maize,ZMB,-0.5480837821960449
silage-maize,ZWE,0.06686485826503485
sorghum,AFG,7.5
sorghum,AGO,-0.38795533776283264
sorghum,ALB,-0.0
sorghum,ARE,-0.44661012291908264
sorghum,ARG,-0.15550648421049118
sorghum,ARM,-0.0
sorghum,AUS,-0.01163686253130436
sorghum,AUT,0.18943585455417633
sorghum,AZE,-0.06663096975535154
sorghum,BDI,-0.3187790662050247
sorghum,BEL,-0.0
sorghum,BEN,-0.31670035421848297
sorghum,BFA,-0.1615997552871704
sorghum,BGD,-0.3648824691772461
sorghum,BGR,-0.2395874187350273
sorghum,BIH,3.6427434906363487
sorghum,BLR,-0.15455003082752228
sorghum,BLZ,-0.7565084099769592
sorghum,BOL,-0.0954139456152916
sorghum,BRA,-0.13698039948940277
sorghum,BTN,-7.5
sorghum,BWA,-0.3455660045146942
sorghum,CAF,-0.37120096385478973
sorghum,CAN,-0.0
sorghum,CHE,7.5
sorghum,CHN,0.08452999219298363
sorghum,CIV,-0.36999958753585815
sorghum,CMR,-0.27530720829963684
sorghum,COD,-0.39257626235485077
sorghum,COG,-0.3335985392332077
sorghum,COL,-0.40834924578666687
sorghum,CRI,-0.11730006337165833
sorghum,CUB,-0.24420997500419617
sorghum,CZE,0.4355992376804352
sorghum,DEU,7.5
sorghum,DOM,-1.3257283568382263
sorghum,DZA,7.5
sorghum,ECU,-0.30154822766780853
sorghum,EGY,-0.35092416405677795
sorghum,ERI,-0.3185252845287323
sorghum,ESP,-0.41751471161842346
sorghum,EST,-0.0
sorghum,ETH,-0.4418492913246155
sorghum,FJI,-7.5
sorghum,FRA,-0.5809460282325745
sorghum,GAB,7.5
sorghum,GEO,-0.0
sorghum,GHA,-0.2915680408477783
sorghum,GIN,-0.30430807173252106
sorghum,GMB,-0.3552282452583313
sorghum,GNB,-0.3003003001213074
sorghum,GRC,-0.17605415359139442
sorghum,GTM,-0.23214849829673767
sorghum,GUY,-0.0
sorghum,HND,-0.3595699220895767
sorghum,HRV,3.721135115250945
sorghum,HTI,-0.2335335537791252
sorghum,HUN,-0.1048358790576458
sorghum,IDN,-7.5
sorghum,IND,-0.2724684923887253
sorghum,IRN,-0.0
sorghum,IRQ,3.4641545116901398
sorghum,ISR,1.2214345335960388
sorghum,ITA,0.00838661938905716
sorghum,JOR,-0.34017813205718994
sorghum,KAZ,7.5
sorghum,KEN,-0.17065592110157013
sorghum,KGZ,0.17159977555274963
sorghum,KHM,-0.3090231567621231
sorghum,KOR,-0.13955383747816086
sorghum,LAO,-0.2926832586526871
sorghum,LBN,-0.41145090758800507
sorghum,LBR,-7.5
sorghum,LSO,-0.030611702241003513
sorghum,LTU,-0.0
sorghum,LUX,7.5
sorghum,LVA,-0.0
sorghum,MAR,0.30658724904060364
sorghum,MDA,-0.019563492387533188
sorghum,MDG,-0.354323148727417
sorghum,MEX,-0.46091920137405396
sorghum,MKD,7.5
sorghum,MLI,-0.19515959918498993
sorghum,MMR,-0.35041874647140503
sorghum,MNE,-0.0
sorghum,MNG,7.5
sorghum,MOZ,-0.3807503432035446
sorghum,MRT,-0.3260962963104248
sorghum,MWI,3.614423528313637
sorghum,MYS,-0.0
sorghum,NAM,-0.32321280241012573
sorghum,NER,-0.04763743281364441
sorghum,NGA,-0.269067645072937
sorghum,NIC,0.3181617707014084
sorghum,NPL,-0.24369259923696518
sorghum,OMN,-3.8999478816986084
sorghum,PAK,-0.15507088601589203
sorghum,PAN,-3.75
sorghum,PER,7.5
sorghum,PNG,-0.03479152172803879
sorghum,POL,3.6674863174557686
sorghum,PRT,7.5
sorghum,PRY,0.05574488639831543
sorghum,PSE,-0.5113651752471924
sorghum,ROU,3.707806706428528
sorghum,RUS,-0.33645448088645935
sorghum,RWA,-0.3214143365621567
sorghum,SAU,-0.08829039707779884
sorghum,SDN,-0.37689685821533203
sorghum,SEN,-0.3194226622581482
sorghum,SLE,-0.3539770096540451
sorghum,SLV,-0.48047859966754913
sorghum,SOM,-0.3303423821926117
sorghum,SRB,-0.16402118653059006
sorghum,SSD,-0.25249773263931274
sorghum,SUR,-0.0
sorghum,SVK,3.7080846577882767
sorghum,SVN,-0.12747709080576897
sorghum,SWZ,-0.2592614144086838
sorghum,SYR,-0.6002477407455444
sorghum,TCD,-0.08867480978369713
sorghum,TGO,-0.2873982936143875
sorghum,THA,-0.26478660106658936
sorghum,TJK,-2.186619520187378
sorghum,TKM,7.5
sorghum,TUN,-0.24871528148651123
sorghum,TUR,7.5
sorghum,TWN,-0.34481990337371826
sorghum,TZA,-0.060217058286070824
sorghum,UGA,-0.3026861250400543
sorghum,UKR,-0.1799437329173088
sorghum,URY,-0.19279328733682632
sorghum,USA,-0.3147391974925995
sorghum,UZB,-0.47668328881263733
sorghum,VEN,-0.18909524381160736
sorghum,VNM,-0.0
sorghum,YEM,-0.210019052028656
sorghum,ZAF,-0.14706109464168549
sorghum,ZMB,-0.18459118902683258
sorghum,ZWE,1.152106761932373
soybean,AFG,7.5
soybean,AGO,3.511496350169182
soybean,ALB,-0.5775765180587769
soybean,ARG,-0.059217918664216995
soybean,ARM,7.5
soybean,AUS,7.5
soybean,AUT,-0.3364245891571045
soybean,AZE,1.1452709436416626
soybean,BDI,-0.7110958099365234
soybean,BEL,7.5
soybean,BEN,-0.46856430172920227
soybean,BFA,-0.5284311920404434
soybean,BGD,-0.09874993562698364
soybean,BGR,0.07563490699976683
soybean,BIH,0.03405684232711792
soybean,BLR,3.8979095071554184
soybean,BLZ,-0.4965862035751343
soybean,BOL,0.025466861901804805
soybean,BRA,-0.1455053836107254
soybean,BTN,-0.133688535541296
soybean,BWA,3.87861967086792
soybean,CAF,7.5
soybean,CAN,-0.3528493344783783
soybean,CHE,0.06460713176056743
soybean,CHN,-0.31507784128189087
soybean,CIV,7.5
soybean,CMR,-0.4082020968198776
soybean,COD,-0.726405143737793
soybean,COG,-0.6115303039550781
soybean,COL,-0.09376933425664902
soybean,CRI,7.5
soybean,CUB,0.009323014877736568
soybean,CZE,-0.08417171239852905
soybean,DEU,-0.03902446827851236
soybean,DNK,-0.0
soybean,DZA,-0.0
soybean,ECU,-0.3568958640098572
soybean,EGY,-0.8680726289749146
soybean,ERI,3.6841882914304733
soybean,ESP,-0.6889673173427582
soybean,EST,-0.0
soybean,ETH,-0.20301003754138947
soybean,FRA,-0.012089129071682692
soybean,GAB,3.488043636083603
soybean,GEO,0.3787160813808441
soybean,GHA,-0.32258227467536926
soybean,GIN,3.4612321257591248
soybean,GNQ,7.5
soybean,GRC,-0.17269324697554111
soybean,GTM,3.79855103045702
soybean,GUF,-0.0
soybean,GUY,-0.09934588521718979
soybean,HND,7.5
soybean,HRV,-0.191416397690773
soybean,HUN,0.5029668733477592
soybean,IDN,-0.45617733895778656
soybean,IND,-0.3965333253145218
soybean,IRN,-0.7643370926380157
soybean,IRQ,0.09470803290605545
soybean,ISR,0.3226134926080704
soybean,ITA,-0.07839804328978062
soybean,JOR,-0.0
soybean,JPN,0.07872732076793909
soybean,KAZ,-0.0
soybean,KEN,3.7096075415611267
soybean,KGZ,3.6913684271275997
soybean,KHM,7.5
soybean,KOR,-0.22931687533855438
soybean,LAO,0.6022164821624756
soybean,LBN,7.5
soybean,LBR,-0.7664240002632141
soybean,LKA,-0.29539506882429123
soybean,LSO,0.5234273076057434
soybean,LTU,-0.41738569736480713
soybean,LUX,0.09868702292442322
soybean,LVA,-0.0
soybean,MAR,-1.1640751361846924
soybean,MDA,0.3041510134935379
soybean,MEX,0.1480872482061386
soybean,MKD,0.743951290845871
soybean,MLI,-0.7440697848796844
soybean,MMR,0.49382516741752625
soybean,MNE,-0.02788597345352173
soybean,MNG,-0.44571825861930847
soybean,MOZ,-0.34728068113327026
soybean,MWI,-0.19301683455705643
soybean,MYS,3.5134615302085876
soybean,NAM,-0.33207693696022034
soybean,NER,-0.7093810439109802
soybean,NGA,-0.5729147493839264
soybean,NIC,-1.0568557679653168
soybean,NLD,-1.1635600924491882
soybean,NPL,-0.2427426017820835
soybean,PAK,7.5
soybean,PAN,-0.782579630613327
soybean,PER,7.5
soybean,PNG,7.5
soybean,POL,3.7155709452927113
soybean,PRT,4.1016636192798615
soybean,PRY,-0.027831025421619415
soybean,PSE,-0.7565852403640747
soybean,ROU,0.3266962021589279
soybean,RUS,-0.14304948598146439
soybean,RWA,-0.15342309325933456
soybean,SDN,7.5
soybean,SEN,-0.0
soybean,SLE,-0.6791015565395355
soybean,SLV,-0.20394495129585266
soybean,SRB,0.4776105582714081
soybean,SSD,7.5
soybean,SUR,-0.5123076736927032
soybean,SVK,0.6610247641801834
soybean,SVN,-0.10991672798991203
soybean,SWZ,-0.27612925320863724
soybean,SYR,-0.5595348477363586
soybean,TCD,-0.4152308851480484
soybean,TGO,-0.07349089160561562
soybean,THA,-0.05465101823210716
soybean,TJK,7.5
soybean,TKM,7.5
soybean,TLS,7.5
soybean,TUR,-0.16653595864772797
soybean,TWN,-0.029792040586471558
soybean,TZA,7.5
soybean,UGA,-0.654827356338501
soybean,UKR,-0.4343007355928421
soybean,URY,3.78203521668911
soybean,USA,-0.09394925832748413
soybean,UZB,-1.5538170337677002
soybean,VEN,-0.386645644903183
soybean,VNM,-0.4948519617319107
soybean,ZAF,-0.3957725614309311
soybean,ZMB,-0.393204927444458
soybean,ZWE,-0.3511918634176254
sugarbeet,AFG,-1.3107519745826721
sugarbeet,ALB,-1.1763364672660828
sugarbeet,ARM,-1.4475210905075073
sugarbeet,AUT,-1.5357742309570312
sugarbeet,AZE,-0.5337497740983963
sugarbeet,BEL,-0.7298892438411713
sugarbeet,BGR,-0.9187615215778351
sugarbeet,BIH,-4.525532841682434
sugarbeet,BLR,-3.141335666179657
sugarbeet,CAN,-1.2113828659057617
sugarbeet,CHE,-2.246185302734375
sugarbeet,CHL,-3.15947687625885
sugarbeet,CHN,-2.0963993072509766
sugarbeet,CZE,-0.7110653221607208
sugarbeet,DEU,-1.2988175749778748
sugarbeet,DNK,-0.8864010274410248
sugarbeet,DZA,7.5
sugarbeet,EGY,-1.161360740661621
sugarbeet,ESP,-0.8585182428359985
sugarbeet,EST,-0.0
sugarbeet,FIN,-0.6475841701030731
sugarbeet,FRA,-0.7389625608921051
sugarbeet,GBR,-1.6337471008300781
sugarbeet,GEO,-1.1719378232955933
sugarbeet,GRC,-0.7994129657745361
sugarbeet,HRV,-4.817080616950989
sugarbeet,HUN,-0.8012512028217316
sugarbeet,IND,-0.0
sugarbeet,IRL,-0.0
sugarbeet,IRN,-2.8041350841522217
sugarbeet,IRQ,-1.8514482975006104
sugarbeet,ISR,7.5
sugarbeet,ITA,-0.6295227408409119
sugarbeet,JOR,-0.0
sugarbeet,JPN,-1.2700833082199097
sugarbeet,KAZ,-0.21126799285411835
sugarbeet,KGZ,-1.249664306640625
sugarbeet,LBN,-1.70884370803833
sugarbeet,LTU,-0.8677384257316589
sugarbeet,LUX,-7.5
sugarbeet,LVA,-1.0569598078727722
sugarbeet,MAR,-1.2777553796768188
sugarbeet,MDA,-0.5167595595121384
sugarbeet,MEX,-2.0513110756874084
sugarbeet,MKD,-1.4433767199516296
sugarbeet,MMR,-0.0
sugarbeet,MNE,-1.2817468047142029
sugarbeet,MNG,7.5
sugarbeet,NLD,-3.0678234100341797
sugarbeet,NOR,3.81427413970232
sugarbeet,PAK,7.5
sugarbeet,POL,-0.8625374138355255
sugarbeet,PRT,0.21171994839096442
sugarbeet,PSE,3.1707669496536255
sugarbeet,ROU,-0.5712442994117737
sugarbeet,RUS,-1.122506320476532
sugarbeet,SRB,-1.0256485342979431
sugarbeet,SVK,-0.47758330404758453
sugarbeet,SVN,-0.7952138483524323
sugarbeet,SWE,-0.7857612073421478
sugarbeet,SYR,7.5
sugarbeet,TJK,7.5
sugarbeet,TKM,-1.7888094186782837
sugarbeet,TUN,-1.1844534873962402
sugarbeet,TUR,-2.2806246280670166
sugarbeet,UKR,-1.4299033284187317
sugarbeet,USA,-2.2768778800964355
sugarbeet,UZB,-0.3826087862253189
sugarbeet,VNM,7.5
sugarcane,AFG,-2.0507633686065674
sugarcane,AGO,-1.9481117725372314
sugarcane,ARE,-0.0
sugarcane,ARG,-2.314885377883911
sugarcane,AUS,-2.2520792484283447
sugarcane,BDI,-1.685348093509674
sugarcane,BEN,-3.190860867500305
sugarcane,BFA,-1.4823298454284668
sugarcane,BGD,-1.9043952226638794
sugarcane,BHS,-2.247260093688965
sugarcane,BLZ,-1.403139591217041
sugarcane,BOL,-4.18591833114624
sugarcane,BRA,-1.3874925374984741
sugarcane,BRB,-0.0
sugarcane,BRN,-0.0
sugarcane,BTN,-7.5
sugarcane,BWA,-0.5330908894538879
sugarcane,CAF,-2.196305274963379
sugarcane,CHN,-7.5
sugarcane,CIV,-1.9599081873893738
sugarcane,CMR,-1.2935102581977844
sugarcane,COD,-1.8600575923919678
sugarcane,COG,-1.8880205750465393
sugarcane,COL,-1.9819039106369019
sugarcane,CPV,-2.2860699892044067
sugarcane,CRI,-1.5991621613502502
sugarcane,CUB,-2.1995705366134644
sugarcane,DJI,-0.0
sugarcane,DOM,-3.0453120470046997
sugarcane,DZA,2.6831552982330322
sugarcane,ECU,-1.6363898515701294
sugarcane,EGY,-3.2623000144958496
sugarcane,ERI,-0.3628006726503372
sugarcane,ETH,-4.456330299377441
sugarcane,FJI,-1.5515044331550598
sugarcane,GAB,-1.5493046641349792
sugarcane,GHA,-2.0485401153564453
sugarcane,GIN,-1.8926978707313538
sugarcane,GMB,-0.0
sugarcane,GNB,-2.0677871704101562
sugarcane,GNQ,7.5
sugarcane,GRD,-7.5
sugarcane,GTM,-2.1855177879333496
sugarcane,GUF,7.5
sugarcane,GUY,-2.4523895978927612
sugarcane,HND,-1.7211182117462158
sugarcane,HTI,-2.0152719020843506
sugarcane,IDN,-1.5915229320526123
sugarcane,IND,-1.8835065364837646
sugarcane,IRN,-1.8649572134017944
sugarcane,IRQ,-0.815069854259491
sugarcane,ISR,-0.0
sugarcane,JAM,-1.3819416761398315
sugarcane,JPN,-6.430645942687988
sugarcane,KEN,-1.6819005608558655
sugarcane,KHM,-2.024905502796173
sugarcane,LAO,-1.8715988993644714
sugarcane,LBR,-2.171266555786133
sugarcane,LKA,-0.5698975622653961
sugarcane,LSO,-1.9144834280014038
sugarcane,MAR,-2.863424301147461
sugarcane,MDG,-2.006892681121826
sugarcane,MEX,-2.2299153804779053
sugarcane,MLI,-1.7064985036849976
sugarcane,MMR,-1.790530800819397
sugarcane,MOZ,-1.4201620817184448
sugarcane,MRT,-1.330452799797058
sugarcane,MUS,-2.0784415006637573
sugarcane,MWI,-1.7587194442749023
sugarcane,MYS,-3.3701523542404175
sugarcane,NAM,-1.4165849089622498
sugarcane,NER,-6.666846036911011
sugarcane,NGA,-2.1672390699386597
sugarcane,NIC,-1.5581707954406738
sugarcane,NPL,-1.5868211388587952
sugarcane,OMN,-2.7624183893203735
sugarcane,PAK,-1.9735950231552124
sugarcane,PAN,-1.9825116395950317
sugarcane,PER,-2.5175576210021973
sugarcane,PHL,-1.8303541541099548
sugarcane,PNG,-2.1636794805526733
sugarcane,PRY,-1.408294141292572
sugarcane,PSE,-0.0
sugarcane,RWA,-3.5537525415420532
sugarcane,SDN,-0.4409797042608261
sugarcane,SEN,-0.9550142288208008
sugarcane,SLE,-4.612291038036346
sugarcane,SLV,-2.019521415233612
sugarcane,SOM,-2.0073280334472656
sugarcane,SSD,-1.4909546375274658
sugarcane,SUR,-2.149531364440918
sugarcane,SWZ,-1.6488335132598877
sugarcane,TCD,-1.5938013195991516
sugarcane,TGO,2.7825178503990173
sugarcane,THA,-1.0808930397033691
sugarcane,TKM,7.5
sugarcane,TLS,-1.3572559356689453
sugarcane,TWN,-1.484372615814209
sugarcane,TZA,-1.3371207118034363
sugarcane,UGA,-3.8233951330184937
sugarcane,URY,-2.258635640144348
sugarcane,USA,-2.3997507095336914
sugarcane,VEN,-1.9354549646377563
sugarcane,VNM,-1.8569751381874084
sugarcane,ZAF,-2.054438829421997
sugarcane,ZMB,-1.328389048576355
sugarcane,ZWE,-7.5
sunflower,AFG,-0.33211398124694824
sunflower,AGO,-0.5521509051322937
sunflower,ALB,-1.254780888557434
sunflower,ARG,-0.15682180225849152
sunflower,ARM,0.33725398778915405
sunflower,AUS,7.5
sunflower,AUT,-0.2283436805009842
sunflower,AZE,-0.6165146380662918
sunflower,BDI,-0.42395220696926117
sunflower,BEL,0.11075353249907494
sunflower,BGD,3.531840980052948
sunflower,BGR,0.06443360447883606
sunflower,BIH,0.034964588237926364
sunflower,BLR,-0.269698828458786
sunflower,BOL,0.11826904118061066
sunflower,BRA,0.0972977876663208
sunflower,BTN,7.5
sunflower,BWA,-0.5927475094795227
sunflower,CAF,7.5
sunflower,CAN,-0.043219251558184624
sunflower,CHE,-0.9474361538887024
sunflower,CHL,-0.40469399094581604
sunflower,CHN,-1.2051079273223877
sunflower,COD,-0.3363659083843231
sunflower,COG,-0.5971294045448303
sunflower,COL,7.5
sunflower,CZE,0.07514028996229172
sunflower,DEU,0.0914480872452259
sunflower,DNK,-0.0
sunflower,DZA,0.21193237602710724
sunflower,ECU,-0.29490918666124344
sunflower,EGY,-0.11348236352205276
sunflower,ERI,-0.0
sunflower,ESP,-0.07233066484332085
sunflower,EST,-0.1294816331937909
sunflower,ETH,-0.17007297277450562
sunflower,FIN,-0.0
sunflower,FRA,-0.09125140309333801
sunflower,GEO,-0.09894166886806488
sunflower,GRC,-0.37179601192474365
sunflower,GUF,-0.0
sunflower,GUY,-0.0
sunflower,HRV,-3.947154775261879
sunflower,HUN,0.4829641357064247
sunflower,IND,-0.4193477928638458
sunflower,IRN,-0.6649324595928192
sunflower,IRQ,0.12180887162685394
sunflower,ISR,-3.3997204303741455
sunflower,ITA,-0.0
sunflower,JOR,7.5
sunflower,KAZ,0.07907525449991226
sunflower,KEN,-0.03318547643721104
sunflower,KGZ,-0.3417547941207886
sunflower,KHM,3.516571208834648
sunflower,LAO,3.533530592918396
sunflower,LBN,7.5
sunflower,LSO,0.12017571553587914
sunflower,LTU,-0.25305742770433426
sunflower,LUX,-0.22418257035315037
sunflower,LVA,3.7147355154156685
sunflower,MAR,-0.9045921862125397
sunflower,MDA,0.32911431789398193
sunflower,MEX,0.07194328308105469
sunflower,MKD,0.07674377970397472
sunflower,MMR,-0.4196018576622009
sunflower,MNE,3.807077329605818
sunflower,MNG,-0.14567600190639496
sunflower,MOZ,0.16816741228103638
sunflower,MWI,3.554990276694298
sunflower,MYS,-0.0
sunflower,NAM,7.5
sunflower,NLD,-1.3241107165813446
sunflower,NPL,3.5269596874713898
sunflower,PAK,-0.3594595193862915
sunflower,PER,-0.0
sunflower,POL,3.751647054683417
sunflower,PRT,-0.041858808137476444
sunflower,PRY,-0.3506888449192047
sunflower,PSE,0.15652285516262054
sunflower,ROU,0.3665842339396477
sunflower,RUS,0.19937261939048767
sunflower,RWA,-0.508271187543869
sunflower,SDN,-0.5516582727432251
sunflower,SOM,-0.0
sunflower,SRB,0.7818926423788071
sunflower,SSD,-0.27194279432296753
sunflower,SUR,-0.0
sunflower,SVK,0.3664610395208001
sunflower,SVN,0.2705685570836067
sunflower,SWZ,-0.2539714053273201
sunflower,SYR,-0.5464197993278503
sunflower,TCD,3.485738068819046
sunflower,THA,-0.13218184188008308
sunflower,TJK,-0.298012912273407
sunflower,TKM,0.07396804541349411
sunflower,TUN,-0.40021976828575134
sunflower,TUR,-0.5322834253311157
sunflower,TWN,0.9306599497795105
sunflower,TZA,0.10516033321619034
sunflower,UGA,-0.44273070991039276
sunflower,UKR,-0.2593200355768204
sunflower,URY,-0.19466568529605865
sunflower,USA,0.017087969463318586
sunflower,UZB,-0.5804853439331055
sunflower,VEN,-0.511641263961792
sunflower,VNM,-0.0
sunflower,ZAF,-0.24306177347898483
sunflower,ZMB,-0.5919135808944702
sunflower,ZWE,-0.07368859648704529
sweet-potato,AFG,-1.9192432761192322
sweet-potato,AGO,-3.198032855987549
sweet-potato,ALB,-1.8855436444282532
sweet-potato,ARE,-2.095809817314148
sweet-potato,ARG,-0.13471268489956856
sweet-potato,ARM,-1.5438308119773865
sweet-potato,ATG,-4.1917619705200195
sweet-potato,AUS,7.5
sweet-potato,AUT,-0.9499566853046417
sweet-potato,AZE,-2.2849515676498413
sweet-potato,BDI,-0.5438300371170044
sweet-potato,BEL,-0.0
sweet-potato,BEN,-1.360405683517456
sweet-potato,BFA,-3.103135347366333
sweet-potato,BGD,0.9769735038280487
sweet-potato,BGR,-1.508312165737152
sweet-potato,BHS,-3.5734505653381348
sweet-potato,BIH,2.5080337524414062
sweet-potato,BLR,-3.869260787963867
sweet-potato,BLZ,-2.7601243257522583
sweet-potato,BOL,-0.27304965257644653
sweet-potato,BRA,-0.9793644547462463
sweet-potato,BRB,-7.5
sweet-potato,BRN,-7.5
sweet-potato,BTN,7.5
sweet-potato,BWA,-0.0
sweet-potato,CAF,-3.810372829437256
sweet-potato,CAN,-0.7554610669612885
sweet-potato,CHE,-0.0
sweet-potato,CHL,-7.5
sweet-potato,CHN,-7.5
sweet-potato,CIV,-0.39246606826782227
sweet-potato,CMR,-2.9989737272262573
sweet-potato,COD,-3.3576773405075073
sweet-potato,COG,-3.022473096847534
sweet-potato,COL,-1.9344483017921448
sweet-potato,COM,-3.5574982166290283
sweet-potato,CPV,-7.5
sweet-potato,CRI,3.603176921606064
sweet-potato,CUB,-2.494421124458313
sweet-potato,CYP,-4.172020584344864
sweet-potato,CZE,-0.27531448006629944
sweet-potato,DEU,-0.0
sweet-potato,DNK,-0.0
sweet-potato,DOM,-1.7689489126205444
sweet-potato,DZA,-1.8986735939979553
sweet-potato,ECU,0.7807817161083221
sweet-potato,EGY,-1.6685402393341064
sweet-potato,ERI,1.8305708169937134
sweet-potato,ESP,-7.5
sweet-potato,EST,-0.7400773763656616
sweet-potato,ETH,-2.280057907104492
sweet-potato,FIN,-1.2138773202896118
sweet-potato,FJI,-4.901826858520508
sweet-potato,FRA,0.6889048218727112
sweet-potato,GAB,-3.7182594537734985
sweet-potato,GBR,-0.6050923578441143
sweet-potato,GEO,-2.499752402305603
sweet-potato,GHA,-0.46097269654273987
sweet-potato,GIN,0.6378686428070068
sweet-potato,GMB,3.0768012404441833
sweet-potato,GNB,-3.3176629543304443
sweet-potato,GNQ,-3.4353625774383545
sweet-potato,GRC,-1.9236143827438354
sweet-potato,GRD,-7.5
sweet-potato,GTM,-2.3480527997016907
sweet-potato,GUF,-1.9435502886772156
sweet-potato,GUY,0.0
sweet-potato,HND,-1.6045764684677124
sweet-potato,HRV,-4.954775929450989
sweet-potato,HTI,-2.832951545715332
sweet-potato,HUN,-1.2691103219985962
sweet-potato,IDN,-1.1633429527282715
sweet-potato,IND,-0.906154602766037
sweet-potato,IRL,-0.0
sweet-potato,IRN,-0.7688232660293579
sweet-potato,IRQ,-0.3500778526067734
sweet-potato,ISR,-7.5
sweet-potato,ITA,-1.546323299407959
sweet-potato,JAM,-7.5
sweet-potato,JOR,-0.548787459731102
sweet-potato,JPN,-7.5
sweet-potato,KAZ,-1.984000027179718
sweet-potato,KEN,-2.5283477306365967
sweet-potato,KGZ,-2.4194066524505615
sweet-potato,KHM,-2.6620535850524902
sweet-potato,KOR,-1.4717452824115753
sweet-potato,LAO,-1.55629962682724
sweet-potato,LBN,-1.1760985255241394
sweet-potato,LBR,-2.6142382621765137
sweet-potato,LBY,-2.442838668823242
sweet-potato,LKA,-0.9270695447921753
sweet-potato,LSO,-1.8748398423194885
sweet-potato,LTU,-1.863678753376007
sweet-potato,LUX,-7.5
sweet-potato,LVA,-5.157782196998596
sweet-potato,MAR,-1.679243564605713
sweet-potato,MDA,-2.651017904281616
sweet-potato,MDG,-3.2593929767608643
sweet-potato,MEX,-2.5217217206954956
sweet-potato,MKD,-1.9618785977363586
sweet-potato,MLI,-1.404753565788269
sweet-potato,MLT,-7.5
sweet-potato,MMR,-1.9281203746795654
sweet-potato,MNE,-1.8759564757347107
sweet-potato,MNG,-7.5
sweet-potato,MOZ,-1.2957948446273804
sweet-potato,MRT,-3.388947367668152
sweet-potato,MUS,-5.612195730209351
sweet-potato,MWI,2.0278756618499756
sweet-potato,MYS,1.7713966369628906
sweet-potato,NAM,-2.5317625999450684
sweet-potato,NER,-1.4954947233200073
sweet-potato,NGA,-3.5510075092315674
sweet-potato,NIC,-2.5864782333374023
sweet-potato,NLD,-0.8233820497989655
sweet-potato,NOR,-1.6521366238594055
sweet-potato,NPL,-2.2190775871276855
sweet-potato,NZL,-7.5
sweet-potato,OMN,-4.124903202056885
sweet-potato,PAK,0.039837926626205444
sweet-potato,PAN,7.5
sweet-potato,PER,-2.0079994201660156
sweet-potato,PHL,-1.2197287678718567
sweet-potato,PNG,-3.114119052886963
sweet-potato,POL,-0.6363043189048767
sweet-potato,PRI,-6.704186916351318
sweet-potato,PRT,-7.5
sweet-potato,PRY,-1.0288070440292358
sweet-potato,PSE,-4.161870986223221
sweet-potato,ROU,-5.1231852769851685
sweet-potato,RUS,-3.046185255050659
sweet-potato,RWA,-0.5826290249824524
sweet-potato,SAU,-1.465901792049408
sweet-potato,SDN,-2.254224419593811
sweet-potato,SEN,-7.5
sweet-potato,SLB,-1.7353721261024475
sweet-potato,SLE,-2.0948985815048218
sweet-potato,SLV,2.9938809275627136
sweet-potato,SOM,-2.8206915855407715
sweet-potato,SRB,-4.642146110534668
sweet-potato,SSD,-2.588066339492798
sweet-potato,SUR,-7.5
sweet-potato,SVK,-1.6672126054763794
sweet-potato,SVN,-0.8192736506462097
sweet-potato,SWE,-7.5
sweet-potato,SWZ,-3.6837239265441895
sweet-potato,SYR,-7.5
sweet-potato,TCD,-1.0746959447860718
sweet-potato,TGO,-0.42032118141651154
sweet-potato,THA,-1.4017153978347778
sweet-potato,TJK,-2.724233627319336
sweet-potato,TKM,-2.3853678703308105
sweet-potato,TLS,-1.1886039972305298
sweet-potato,TTO,-4.361142158508301
sweet-potato,TUN,-2.72883403301239
sweet-potato,TUR,-0.6072741150856018
sweet-potato,TWN,-0.7262731194496155
sweet-potato,TZA,0.13157109916210175
sweet-potato,UGA,-3.3281540870666504
sweet-potato,UKR,-2.6421035528182983
sweet-potato,URY,-3.501429319381714
sweet-potato,USA,-5.022455215454102
sweet-potato,UZB,-1.8442890644073486
sweet-potato,VEN,-1.4541926383972168
sweet-potato,VNM,-2.439815640449524
sweet-potato,YEM,-1.9331015944480896
sweet-potato,ZAF,1.4740299582481384
sweet-potato,ZMB,-0.3304411768913269
sweet-potato,ZWE,-1.2365542650222778
tea,AGO,7.5
tea,ALB,-7.5
tea,ARG,-0.0
tea,AZE,-3.75
tea,BDI,1.8739714622497559
tea,BGD,3.2497454285621643
tea,BLZ,2.5428900718688965
tea,BOL,7.5
tea,BRA,1.159130573272705
tea,BRN,-0.0
tea,BTN,5.884720087051392
tea,CAF,-0.0
tea,CHN,-7.5
tea,CMR,5.91594123840332
tea,COD,-2.955920457839966
tea,COG,7.5
tea,COL,3.6429773345589638
tea,ECU,-7.5
tea,ETH,2.402393102645874
tea,GAB,4.583633720874786
tea,GEO,-7.5
tea,GNQ,7.5
tea,GRC,-4.95764946937561
tea,GTM,-2.643732190132141
tea,GUF,-0.0
tea,GUY,-0.0
tea,HND,-1.269011676311493
tea,HRV,-0.0
tea,IDN,1.508267343044281
tea,IND,5.511372089385986
tea,IRN,-0.0
tea,JPN,-7.5
tea,KEN,-7.5
tea,KHM,-0.6927017569541931
tea,KOR,4.45109748840332
tea,LAO,-0.20283034443855286
tea,LKA,0.48506924510002136
tea,MDG,-2.7660884857177734
tea,MEX,-2.2383440732955933
tea,MMR,-1.9867051839828491
tea,MNE,-4.865100622177124
tea,MOZ,-2.065869092941284
tea,MUS,-0.4771202504634857
tea,MWI,5.585178375244141
tea,MYS,0.6794877648353577
tea,NGA,-0.0
tea,NPL,4.834060788154602
tea,PAN,-0.0
tea,PER,0.735787034034729
tea,PNG,2.1929014921188354
tea,PRY,0.04696913808584213
tea,RUS,-4.947874546051025
tea,RWA,2.0498228073120117
tea,SLV,-1.3953935503959656
tea,SSD,-7.5
tea,SUR,-0.0
tea,SWZ,-0.0
tea,THA,-1.4225171208381653
tea,TLS,3.177404999732971
tea,TUR,-4.409297943115234
tea,TWN,-0.33041758090257645
tea,TZA,1.5612176656723022
tea,UGA,6.97077488899231
tea,URY,2.33587384223938
tea,VEN,-0.0
tea,VNM,4.141996264457703
tea,ZAF,-1.581347107887268
tea,ZMB,-1.400840401649475
tea,ZWE,1.954085648059845
tomato,AFG,-7.5
tomato,AGO,-7.5
tomato,ALB,-7.5
tomato,ARE,-4.055720925331116
tomato,ARG,-7.5
tomato,ARM,-1.5713253021240234
tomato,ATG,7.5
tomato,AUS,-7.5
tomato,AUT,-7.5
tomato,AZE,-7.034759044647217
tomato,BDI,-7.5
tomato,BEL,0.0
tomato,BEN,-1.672958105802536
tomato,BFA,-7.5
tomato,BGD,-0.12310740537941456
tomato,BGR,-7.2074134349823
tomato,BHS,-1.2021023035049438
tomato,BIH,-2.6767368998844177
tomato,BLR,-7.5
tomato,BLZ,-6.936527252197266
tomato,BOL,-0.6714333295822144
tomato,BRA,-7.5
tomato,BRB,-7.5
tomato,BRN,-7.5
tomato,BTN,0.2813168168067932
tomato,BWA,-7.5
tomato,CAF,-7.5
tomato,CAN,-4.301813125610352
tomato,CHE,-7.5
tomato,CHL,-7.5
tomato,CHN,-7.5
tomato,CIV,-3.7628172636032104
tomato,CMR,-7.5
tomato,COD,-7.5
tomato,COG,-7.5
tomato,COL,7.5
tomato,COM,-7.5
tomato,CPV,-7.5
tomato,CRI,-7.5
tomato,CUB,-7.5
tomato,CYP,-7.5
tomato,CZE,-7.5
tomato,DEU,-7.5
tomato,DJI,-7.5
tomato,DNK,0.0
tomato,DOM,0.7143454551696777
tomato,DZA,-7.5
tomato,ECU,-7.090726375579834
tomato,EGY,-0.8630908131599426
tomato,ERI,7.5
tomato,ESP,2.7078895568847656
tomato,EST,7.5
tomato,ETH,-1.159163475036621
tomato,FIN,7.5
tomato,FJI,-7.276002645492554
tomato,FRA,-7.5
tomato,GAB,-7.5
tomato,GBR,0.0
tomato,GEO,-1.9785673022270203
tomato,GHA,-4.94463324546814
tomato,GIN,-7.5
tomato,GMB,-7.5
tomato,GNB,-0.0
tomato,GNQ,7.5
tomato,GRC,-7.5
tomato,GRD,-7.5
tomato,GTM,-7.5
tomato,GUF,-0.0
tomato,GUY,-7.5
tomato,HND,-7.5
tomato,HRV,-7.5
tomato,HTI,-7.5
tomato,HUN,-7.5
tomato,IDN,-5.746147871017456
tomato,IND,-7.5
tomato,IRN,-0.0
tomato,IRQ,-0.12743985652923584
tomato,ISR,-7.5
tomato,ITA,0.0
tomato,JAM,-7.5
tomato,JOR,5.009065628051758
tomato,JPN,-7.5
tomato,KAZ,-7.5
tomato,KEN,-3.5256428718566895
tomato,KGZ,-7.060367107391357
tomato,KHM,7.5
tomato,KOR,-5.589771151542664
tomato,LAO,-7.5
tomato,LBN,-7.5
tomato,LBR,-7.5
tomato,LBY,-7.5
tomato,LKA,-3.265217661857605
tomato,LSO,1.4075794219970703
tomato,LTU,-7.5
tomato,LUX,7.5
tomato,LVA,-6.905583620071411
tomato,MAR,0.16655799746513367
tomato,MDA,1.9516196846961975
tomato,MDG,-7.5
tomato,MEX,-7.5
tomato,MKD,-4.9198750257492065
tomato,MLI,-6.799897193908691
tomato,MLT,-7.5
tomato,MMR,-5.846469163894653
tomato,MNE,-7.5
tomato,MNG,-7.5
tomato,MOZ,-7.5
tomato,MUS,-7.5
tomato,MWI,-5.287248373031616
tomato,MYS,0.0
tomato,NAM,-7.5
tomato,NER,-1.8896127045154572
tomato,NGA,-7.5
tomato,NIC,-7.5
tomato,NLD,0.0
tomato,NOR,7.5
tomato,NPL,-7.5
tomato,NZL,-5.071157455444336
tomato,OMN,-7.372703790664673
tomato,PAK,-1.373893141746521
tomato,PAN,-7.5
tomato,PER,7.5
tomato,PHL,-2.952237844467163
tomato,PNG,-7.5
tomato,POL,-7.5
tomato,PRI,-7.5
tomato,PRT,-7.5
tomato,PRY,-7.5
tomato,PSE,-7.5
tomato,ROU,-6.5495123863220215
tomato,RUS,-7.5
tomato,RWA,-2.9748942852020264
tomato,SAU,-7.5
tomato,SDN,-7.5
tomato,SEN,-2.876231551170349
tomato,SLE,-7.49881386756897
tomato,SLV,-7.262470245361328
tomato,SOM,-7.5
tomato,SRB,-1.4880952835083008
tomato,SSD,-7.5
tomato,SUR,-7.5
tomato,SVK,-7.5
tomato,SVN,-7.5
tomato,SWE,-7.5
tomato,SWZ,-7.5
tomato,SYR,-7.5
tomato,TCD,-7.5
tomato,TGO,-0.03383094072341919
tomato,THA,-4.043104887008667
tomato,TJK,-7.5
tomato,TKM,-7.5
tomato,TLS,-1.9017571210861206
tomato,TTO,-7.5
tomato,TUN,4.6364545822143555
tomato,TUR,-2.59389066696167
tomato,TWN,-7.5
tomato,TZA,-0.4218834787607193
tomato,UGA,0.0
tomato,UKR,7.493260622024536
tomato,URY,-7.5
tomato,USA,-7.5
tomato,UZB,-7.5
tomato,VEN,-7.5
tomato,VNM,-7.5
tomato,YEM,-5.4548890590667725
tomato,ZAF,-7.5
tomato,ZMB,-2.4583306312561035
tomato,ZWE,-3.9236555099487305
watermelon,AFG,-2.245093822479248
watermelon,AGO,-0.0
watermelon,ALB,2.272031784057617
watermelon,ARG,4.429373741149902
watermelon,ATG,-4.4580397605896
watermelon,AUS,-7.5
watermelon,AZE,5.442526340484619
watermelon,BDI,-0.0
watermelon,BEN,-0.0
watermelon,BFA,-0.0
watermelon,BGD,-0.0
watermelon,BGR,-0.0
watermelon,BHS,-0.0
watermelon,BIH,-2.7320520281791687
watermelon,BLZ,-2.308080665767193
watermelon,BOL,0.8568992018699646
watermelon,BRA,3.3800708055496216
watermelon,BRB,-0.0
watermelon,BTN,-0.0
watermelon,BWA,-0.5193916112184525
watermelon,CAF,-0.0
watermelon,CHL,-0.6577045917510986
watermelon,CHN,-7.484024524688721
watermelon,CIV,-0.0
watermelon,CMR,-4.952229976654053
watermelon,COD,-0.0
watermelon,COG,-0.0
watermelon,COL,2.3601794242858887
watermelon,COM,-0.0
watermelon,CPV,-7.5
watermelon,CRI,0.532394103705883
watermelon,CUB,-2.2412538528442383
watermelon,CYP,-3.965402126312256
watermelon,DOM,-7.5
watermelon,DZA,-0.44858303666114807
watermelon,ECU,-1.9820749163627625
watermelon,EGY,-1.3301100134849548
watermelon,ERI,-0.0
watermelon,ESP,-7.5
watermelon,ETH,-0.0
watermelon,FJI,-7.5
watermelon,FRA,0.5216711014509201
watermelon,GAB,-0.0
watermelon,GEO,-1.0231907069683075
watermelon,GHA,-0.0
watermelon,GIN,-5.15928840637207
watermelon,GMB,-0.0
watermelon,GNB,-0.0
watermelon,GRC,-0.784394383430481
watermelon,GTM,0.1989661604166031
watermelon,GUF,-0.0
watermelon,GUY,-7.5
watermelon,HND,-7.5
watermelon,HRV,-2.924773931503296
watermelon,HTI,-0.0
watermelon,IDN,1.7185547351837158
watermelon,IND,-2.276355743408203
watermelon,IRN,4.509305477142334
watermelon,IRQ,-0.0
watermelon,ISR,-0.5726282000541687
watermelon,ITA,2.64500792324543
watermelon,JAM,-7.5
watermelon,JOR,-4.644447326660156
watermelon,JPN,-7.5
watermelon,KEN,2.7071703672409058
watermelon,KGZ,-4.034734725952148
watermelon,KHM,-0.0
watermelon,LAO,-2.537648558616638
watermelon,LBN,-7.5
watermelon,LBR,-0.0
watermelon,LBY,0.9130091667175293
watermelon,LKA,-0.0
watermelon,LSO,-0.0
watermelon,MAR,-1.443446159362793
watermelon,MDG,-0.0
watermelon,MEX,-0.08883213251829147
watermelon,MKD,4.5114219188690186
watermelon,MLI,3.1213927268981934
watermelon,MLT,-7.5
watermelon,MMR,-0.0
watermelon,MNE,-0.1470850706100464
watermelon,MOZ,-0.0
watermelon,MRT,-4.658735752105713
watermelon,MUS,-0.0
watermelon,MWI,-0.523480759235099
watermelon,MYS,2.9212904274463654
watermelon,NAM,-2.3278777599334717
watermelon,NER,-7.5
watermelon,NGA,-0.0
watermelon,NIC,-0.0
watermelon,NPL,-0.0
watermelon,OMN,7.5
watermelon,PAK,0.948249340057373
watermelon,PER,7.174327850341797
watermelon,PHL,0.319442555308342
watermelon,PNG,-0.0
watermelon,PRI,-4.607720136642456
watermelon,PRT,-5.696748495101929
watermelon,PRY,2.7609466314315796
watermelon,PSE,-7.5
watermelon,RUS,-0.0
watermelon,RWA,-0.0
watermelon,SAU,-0.8236573934555054
watermelon,SDN,-2.4636390209198
watermelon,SEN,2.922377586364746
watermelon,SLE,-0.0
watermelon,SLV,4.181053459644318
watermelon,SOM,-2.536484479904175
watermelon,SSD,-0.0
watermelon,SUR,-6.2348151206970215
watermelon,SVN,-1.9223019480705261
watermelon,SWZ,-0.0
watermelon,SYR,0.8067891001701355
watermelon,TCD,-0.0
watermelon,TGO,-0.0
watermelon,THA,-5.462238311767578
watermelon,TJK,-3.182804822921753
watermelon,TKM,1.0307010412216187
watermelon,TLS,-0.0
watermelon,TTO,-0.2698024809360504
watermelon,TUN,-5.537251710891724
watermelon,TUR,1.657686710357666
watermelon,TZA,-5.008765697479248
watermelon,UGA,-0.0
watermelon,UKR,-0.0
watermelon,URY,1.4525058269500732
watermelon,USA,0.22569002956151962
watermelon,UZB,-0.07877466082572937
watermelon,VEN,0.33532315492630005
watermelon,VNM,-0.3652151823043823
watermelon,VUT,-0.0
watermelon,YEM,1.2473609447479248
watermelon,ZAF,7.5
watermelon,ZMB,-0.0
watermelon,ZWE,7.5
wetland-rice,AFG,-1.0677403211593628
wetland-rice,AGO,-1.5281176567077637
wetland-rice,ALB,-0.0
wetland-rice,ARG,-1.146526575088501
wetland-rice,ARM,-0.0
wetland-rice,AUS,7.5
wetland-rice,AZE,-2.6935129165649414
wetland-rice,BDI,-0.4047177881002426
wetland-rice,BEN,-1.7779616117477417
wetland-rice,BFA,-1.3930566310882568
wetland-rice,BGD,-0.4267389178276062
wetland-rice,BGR,-1.4718642234802246
wetland-rice,BLZ,-1.6666133403778076
wetland-rice,BOL,-0.5397570133209229
wetland-rice,BRA,-0.9525447189807892
wetland-rice,BRN,-1.45994234085083
wetland-rice,BTN,-1.5550525784492493
wetland-rice,BWA,-0.0
wetland-rice,CAF,-1.5085437297821045
wetland-rice,CAN,-0.0
wetland-rice,CHE,-0.0
wetland-rice,CHL,-0.8808698654174805
wetland-rice,CHN,-1.9491270184516907
wetland-rice,CIV,-0.23604928702116013
wetland-rice,CMR,-1.4134510159492493
wetland-rice,COD,-1.6164772510528564
wetland-rice,COG,-1.6050952672958374
wetland-rice,COL,-1.4069270491600037
wetland-rice,COM,-1.649828553199768
wetland-rice,CRI,-1.3741123676300049
wetland-rice,CUB,-1.2808098196983337
wetland-rice,DOM,-1.6238070726394653
wetland-rice,DZA,-1.9268113374710083
wetland-rice,ECU,3.459453821182251
wetland-rice,EGY,-1.672710120677948
wetland-rice,ERI,3.1211240887641907
wetland-rice,ESP,-1.922120451927185
wetland-rice,ETH,-1.135880708694458
wetland-rice,FJI,-0.8297505378723145
wetland-rice,FRA,-1.020203709602356
wetland-rice,GAB,-1.4860550165176392
wetland-rice,GEO,-1.2105573415756226
wetland-rice,GHA,-0.6429682075977325
wetland-rice,GIN,-0.6402623057365417
wetland-rice,GMB,-0.38500267267227173
wetland-rice,GNB,-1.452115535736084
wetland-rice,GNQ,7.5
wetland-rice,GRC,-1.2496370077133179
wetland-rice,GTM,-1.52126944065094
wetland-rice,GUF,-1.2947791814804077
wetland-rice,GUY,-1.3078415989875793
wetland-rice,HND,-1.4539058804512024
wetland-rice,HRV,-0.0
wetland-rice,HTI,-1.491448700428009
wetland-rice,HUN,-0.3124268651008606
wetland-rice,IDN,-1.4961115717887878
wetland-rice,IND,-1.2529677748680115
wetland-rice,IRN,-3.8611674308776855
wetland-rice,IRQ,-1.5961377024650574
wetland-rice,ISR,4.204609662294388
wetland-rice,ITA,-2.3482693433761597
wetland-rice,JPN,-3.7190444469451904
wetland-rice,KAZ,-0.39256639778614044
wetland-rice,KEN,-1.6334169507026672
wetland-rice,KGZ,-3.10903263092041
wetland-rice,KHM,-1.395193636417389
wetland-rice,KOR,-6.413891792297363
wetland-rice,LAO,-1.3473759889602661
wetland-rice,LBR,-1.5615077018737793
wetland-rice,LBY,-0.0
wetland-rice,LKA,-0.4937780946493149
wetland-rice,LSO,-0.0
wetland-rice,MAR,-1.6885667443275452
wetland-rice,MDA,3.2253977060317993
wetland-rice,MDG,-0.44303373992443085
wetland-rice,MEX,-0.8995972573757172
wetland-rice,MKD,-1.123809039592743
wetland-rice,MLI,-0.5188568234443665
wetland-rice,MMR,-1.4329081177711487
wetland-rice,MOZ,-0.3952755182981491
wetland-rice,MRT,-1.1292554140090942
wetland-rice,MUS,7.5
wetland-rice,MWI,-1.21916002035141
wetland-rice,MYS,-0.5421236753463745
wetland-rice,NAM,-1.457148551940918
wetland-rice,NER,-1.3785419464111328
wetland-rice,NGA,-0.4231751710176468
wetland-rice,NIC,-0.23596098273992538
wetland-rice,NPL,-0.39979974925518036
wetland-rice,PAK,-1.5440089702606201
wetland-rice,PAN,-1.1511292457580566
wetland-rice,PER,-1.4421217441558838
wetland-rice,PHL,-0.863765299320221
wetland-rice,PNG,-1.520492136478424
wetland-rice,PRI,-2.6471487283706665
wetland-rice,PRT,-1.2753294110298157
wetland-rice,PRY,-0.7168880105018616
wetland-rice,PSE,-1.0338850021362305
wetland-rice,ROU,-1.3000193238258362
wetland-rice,RUS,-1.1121360063552856
wetland-rice,RWA,-2.060689091682434
wetland-rice,SAU,7.5
wetland-rice,SDN,-1.077760934829712
wetland-rice,SEN,-0.24637958407402039
wetland-rice,SLB,2.99850732088089
wetland-rice,SLE,-0.3850844204425812
wetland-rice,SLV,2.807352900505066
wetland-rice,SOM,-1.4259328842163086
wetland-rice,SRB,3.1836307644844055
wetland-rice,SSD,-1.48295259475708
wetland-rice,SUR,-0.29805608093738556
wetland-rice,SVK,-0.0
wetland-rice,SVN,-0.0
wetland-rice,SWZ,7.5
wetland-rice,SYR,-1.2197078466415405
wetland-rice,TCD,-0.8468590378761292
wetland-rice,TGO,-0.27850475907325745
wetland-rice,THA,3.461722820997238
wetland-rice,TJK,-4.147400856018066
wetland-rice,TKM,-1.0802079439163208
wetland-rice,TLS,-1.9572893381118774
wetland-rice,TTO,-0.19401836395263672
wetland-rice,TUN,-0.0
wetland-rice,TUR,-3.0866461992263794
wetland-rice,TWN,7.5
wetland-rice,TZA,3.6727085635066032
wetland-rice,UGA,-1.4930682182312012
wetland-rice,UKR,-2.2693220376968384
wetland-rice,URY,-0.8143447637557983
wetland-rice,USA,-1.6331813335418701
wetland-rice,UZB,-5.117491722106934
wetland-rice,VEN,-1.2310757040977478
wetland-rice,VNM,-1.1111834645271301
wetland-rice,YEM,-0.0
wetland-rice,ZAF,7.5
wetland-rice,ZMB,-1.1754523515701294
wetland-rice,ZWE,1.7023093700408936
wheat,AFG,-0.594604879617691
wheat,AGO,-0.7371805906295776
wheat,ALB,-0.8102755844593048
wheat,ARE,3.4905932247638702
wheat,ARG,-0.6364215612411499
wheat,ARM,-0.26775969564914703
wheat,AUS,-0.2800113409757614
wheat,AUT,-0.6609203517436981
wheat,AZE,-0.30703315138816833
wheat,BDI,3.38121035695076
wheat,BEL,-0.5466453433036804
wheat,BGD,3.5663401782512665
wheat,BGR,3.594714507460594
wheat,BIH,-3.495462045073509
wheat,BLR,-2.9289645105600357
wheat,BOL,-0.2611357569694519
wheat,BRA,-0.2975470870733261
wheat,BTN,0.6839059293270111
wheat,BWA,-0.6082069277763367
wheat,CAN,-0.49947166442871094
wheat,CHE,-1.730389654636383
wheat,CHL,-0.8563262522220612
wheat,CHN,-1.4350398778915405
wheat,CMR,7.5
wheat,COD,7.5
wheat,COL,-0.8574634790420532
wheat,CYP,0.0820649042725563
wheat,CZE,-0.4363171458244324
wheat,DEU,-0.5910109579563141
wheat,DNK,-0.6484715342521667
wheat,DZA,-0.5493801832199097
wheat,ECU,-0.5269786715507507
wheat,EGY,-1.135744333267212
wheat,ERI,-0.7350876927375793
wheat,ESP,-0.3532664030790329
wheat,EST,-0.2960323393344879
wheat,ETH,-0.5326666831970215
wheat,FIN,3.5585394501686096
wheat,FRA,-0.6279883682727814
wheat,GBR,-1.0840263664722443
wheat,GEO,-0.2836731821298599
wheat,GRC,-0.47753196954727173
wheat,GTM,7.5
wheat,HND,-0.7804300785064697
wheat,HRV,-4.15170294046402
wheat,HUN,-0.24718762934207916
wheat,IND,-0.39058321714401245
wheat,IRL,-0.6626280546188354
wheat,IRN,-0.5889518857002258
wheat,IRQ,-0.661315381526947
wheat,ISR,0.5362032353878021
wheat,ITA,-0.6831164062023163
wheat,JOR,-0.7589737176895142
wheat,JPN,2.6089839935302734
wheat,KAZ,-0.14942628145217896
wheat,KEN,-0.6309512555599213
wheat,KGZ,-0.37015578150749207
wheat,KOR,0.06051094830036163
wheat,LAO,-0.0
wheat,LBN,-0.6281641721725464
wheat,LBY,-1.0016203224658966
wheat,LSO,-0.0037115374580025673
wheat,LTU,-0.4477772116661072
wheat,LUX,-0.4366423487663269
wheat,LVA,-0.37215811014175415
wheat,MAR,-0.6512438356876373
wheat,MDA,-0.11672109365463257
wheat,MDG,-0.5818796455860138
wheat,MEX,-0.9628743529319763
wheat,MKD,-0.16816334426403046
wheat,MLI,-0.43514300882816315
wheat,MLT,0.1503661870956421
wheat,MMR,-0.6571457982063293
wheat,MNE,-0.31177082657814026
wheat,MNG,-0.11704491823911667
wheat,MOZ,-0.43872374296188354
wheat,MRT,-0.3839586079120636
wheat,MWI,3.4140096604824066
wheat,NAM,-1.2708697319030762
wheat,NER,-0.2938033938407898
wheat,NGA,-0.6598149538040161
wheat,NIC,7.5
wheat,NLD,-1.884195238351822
wheat,NOR,-1.2662968635559082
wheat,NPL,-0.38834312558174133
wheat,NZL,-1.385552167892456
wheat,OMN,-2.3489630818367004
wheat,PAK,-0.46277880668640137
wheat,PER,-0.345427542924881
wheat,POL,-0.498719185590744
wheat,PRT,3.6228275895118713
wheat,PRY,-0.16008544713258743
wheat,PSE,-0.8061827421188354
wheat,ROU,-0.4136349707841873
wheat,RUS,-0.2825326919555664
wheat,RWA,-0.41729216277599335
wheat,SAU,-2.4718408584594727
wheat,SDN,-0.6424590051174164
wheat,SLV,-0.0
wheat,SOM,-0.7262532114982605
wheat,SRB,-0.1712339073419571
wheat,SSD,3.537735238671303
wheat,SVK,-0.38357892632484436
wheat,SVN,-0.36969655752182007
wheat,SWE,-0.9206871092319489
wheat,SWZ,-0.48412415385246277
wheat,SYR,-0.6654495000839233
wheat,TCD,-0.6328994631767273
wheat,THA,7.5
wheat,TJK,-0.45415376126766205
wheat,TKM,-0.5101821422576904
wheat,TUN,-0.34296010434627533
wheat,TUR,-0.17179903388023376
wheat,TWN,-0.41619129478931427
wheat,TZA,7.5
wheat,UGA,7.5
wheat,UKR,-0.42287300527095795
wheat,URY,-0.2196616530418396
wheat,USA,-0.35528913140296936
wheat,UZB,-0.80463045835495
wheat,VEN,7.5
wheat,VNM,7.5
wheat,YEM,-0.6164727210998535
wheat,ZAF,-0.38746193051338196
wheat,ZMB,0.17059378325939178
wheat,ZWE,2.115170955657959
white-potato,AFG,-4.2323386669158936
white-potato,AGO,-6.248565196990967
white-potato,ALB,-4.838316917419434
white-potato,ARE,-5.429963946342468
white-potato,ARG,-4.8037660121917725
white-potato,ARM,-1.324949562549591
white-potato,ATG,-7.5
white-potato,AUS,7.5
white-potato,AUT,-0.780416913330555
white-potato,AZE,-2.26721727848053
white-potato,BDI,-1.583346426486969
white-potato,BEL,1.345667839050293
white-potato,BEN,0.0
white-potato,BFA,-6.657420635223389
white-potato,BGD,0.6034288331866264
white-potato,BGR,0.01282954216003418
white-potato,BHS,-7.187550783157349
white-potato,BIH,-1.4009221196174622
white-potato,BLR,-0.5546273589134216
white-potato,BLZ,-6.015321969985962
white-potato,BOL,-0.8154157996177673
white-potato,BRA,-6.683359622955322
white-potato,BRB,-7.5
white-potato,BRN,-7.5
white-potato,BTN,-2.8564728498458862
white-potato,BWA,-7.5
white-potato,CAF,-7.5
white-potato,CAN,-2.336838722229004
white-potato,CHE,-7.5
white-potato,CHL,-5.076667785644531
white-potato,CHN,-0.2575211226940155
white-potato,CIV,-7.068480491638184
white-potato,CMR,-6.015861749649048
white-potato,COD,-6.667510986328125
white-potato,COG,-6.153130292892456
white-potato,COL,-2.7065480947494507
white-potato,COM,-7.182870626449585
white-potato,CPV,-6.651533603668213
white-potato,CRI,-7.5
white-potato,CUB,-4.543330192565918
white-potato,CYP,-4.733559012413025
white-potato,CZE,-0.1767502874135971
white-potato,DEU,0.3590337112545967
white-potato,DNK,-2.760642886161804
white-potato,DOM,-7.5
white-potato,DZA,-5.563530445098877
white-potato,ECU,-1.6488671898841858
white-potato,EGY,-2.428444266319275
white-potato,ERI,-7.137639999389648
white-potato,ESP,-5.260821104049683
white-potato,EST,0.8071079850196838
white-potato,ETH,0.5625659227371216
white-potato,FIN,-0.6591880619525909
white-potato,FRA,-7.5
white-potato,GAB,-7.02944278717041
white-potato,GBR,-3.4748202562332153
white-potato,GEO,-0.5480959415435791
white-potato,GHA,-7.048776149749756
white-potato,GIN,-6.113731145858765
white-potato,GMB,0.0
white-potato,GNB,-6.739335060119629
white-potato,GNQ,-6.760073184967041
white-potato,GRC,-7.5
white-potato,GRD,-6.830006122589111
white-potato,GTM,-3.0130324363708496
white-potato,GUF,-7.5
white-potato,GUY,3.75
white-potato,HND,-7.19405198097229
white-potato,HRV,-3.5440914034843445
white-potato,HTI,-6.67333722114563
white-potato,HUN,-1.6039954326115549
white-potato,IDN,-5.755913972854614
white-potato,IND,-2.8240537643432617
white-potato,IRL,-0.08122962340712547
white-potato,IRN,-0.21224414557218552
white-potato,IRQ,-3.7558659315109253
white-potato,ISR,-7.5
white-potato,ITA,-7.5
white-potato,JAM,-6.277691841125488
white-potato,JOR,-7.282428741455078
white-potato,JPN,-7.5
white-potato,KAZ,-0.3035024255514145
white-potato,KEN,-1.2727055549621582
white-potato,KGZ,-1.7841445803642273
white-potato,KHM,-6.010222434997559
white-potato,KOR,-3.7122304439544678
white-potato,LAO,1.9184892177581787
white-potato,LBN,-7.129741430282593
white-potato,LBR,-5.348794460296631
white-potato,LBY,-3.6757400035858154
white-potato,LKA,-7.252150774002075
white-potato,LSO,-2.7024563550949097
white-potato,LTU,-0.26730214804410934
white-potato,LUX,-3.8080108165740967
white-potato,LVA,1.099543571472168
white-potato,MAR,-2.1044013500213623
white-potato,MDA,0.612177312374115
white-potato,MDG,-6.309719562530518
white-potato,MEX,-6.034812688827515
white-potato,MKD,-1.3388609141111374
white-potato,MLI,-7.5
white-potato,MLT,-7.5
white-potato,MMR,-4.48793363571167
white-potato,MNE,-4.132070183753967
white-potato,MNG,-1.2369403839111328
white-potato,MOZ,-7.5
white-potato,MRT,-7.5
white-potato,MUS,-7.5
white-potato,MWI,2.372127890586853
white-potato,MYS,1.9422821998596191
white-potato,NAM,-5.190667152404785
white-potato,NER,-7.5
white-potato,NGA,-6.870185852050781
white-potato,NIC,-7.5
white-potato,NLD,-0.6496542692184448
white-potato,NOR,-5.8460187911987305
white-potato,NPL,-1.3680104613304138
white-potato,NZL,-0.7484760284423828
white-potato,OMN,-7.5
white-potato,PAK,-0.0
white-potato,PAN,-7.5
white-potato,PER,-2.4836816787719727
white-potato,PHL,-7.5
white-potato,PNG,-7.5
white-potato,POL,2.1020238399505615
white-potato,PRI,-7.5
white-potato,PRT,-2.033027172088623
white-potato,PRY,-2.867590069770813
white-potato,PSE,-7.5
white-potato,ROU,-2.192002058029175
white-potato,RUS,-0.2862212657928467
white-potato,RWA,-1.3822731375694275
white-potato,SAU,-7.5
white-potato,SDN,-5.008236646652222
white-potato,SEN,-5.556590557098389
white-potato,SLB,-4.641535997390747
white-potato,SLE,0.7965755462646484
white-potato,SLV,0.9726858139038086
white-potato,SOM,-5.73030424118042
white-potato,SRB,1.4517293274402618
white-potato,SSD,-7.5
white-potato,SUR,-7.5
white-potato,SVK,-1.6193366423249245
white-potato,SVN,-2.6869579553604126
white-potato,SWE,-4.817352771759033
white-potato,SWZ,-6.983173847198486
white-potato,SYR,-3.8503787517547607
white-potato,TCD,-6.66522479057312
white-potato,TGO,-6.855196714401245
white-potato,THA,-2.2440481185913086
white-potato,TJK,-1.5787546634674072
white-potato,TKM,-5.116387844085693
white-potato,TLS,-0.47124533355236053
white-potato,TTO,-6.704572677612305
white-potato,TUN,-1.3139909505844116
white-potato,TUR,-1.440903663635254
white-potato,TWN,-2.6755971908569336
white-potato,TZA,-0.15896368026733398
white-potato,UGA,-6.633254766464233
white-potato,UKR,0.5144858360290527
white-potato,URY,-7.5
white-potato,USA,0.7726277112960815
white-potato,UZB,-3.1113035678863525
white-potato,VEN,-7.5
white-potato,VNM,-4.91122579574585
white-potato,YEM,-5.8191752433776855
white-potato,ZAF,-3.9112796783447266
white-potato,ZMB,-7.5
white-potato,ZWE,-7.5
yam,AFG,-0.0
yam,AGO,-4.374988555908203
yam,ARG,2.729578137397766
yam,ATG,-4.504246711730957
yam,BDI,-4.517582178115845
yam,BEN,-1.3836317658424377
yam,BFA,-2.303346633911133
yam,BIH,3.75
yam,BLZ,-1.5081598162651062
yam,BOL,-5.207590579986572
yam,BRA,-2.857956290245056
yam,BRB,-7.5
yam,BRN,-5.238788366317749
yam,BTN,-2.948604702949524
yam,BWA,-3.5980206727981567
yam,CAF,-4.066412687301636
yam,CHN,-0.7409265637397766
yam,CIV,-0.7242934703826904
yam,CMR,-3.700819253921509
yam,COD,-4.304571866989136
yam,COG,-4.299110412597656
yam,COL,-1.3145475387573242
yam,COM,-4.3667333126068115
yam,CRI,-7.5
yam,CUB,-2.7339980602264404
yam,DOM,-1.8950867652893066
yam,ECU,-5.171971797943115
yam,EGY,0.6047983877360821
yam,ERI,-5.614358425140381
yam,ETH,-1.8049508929252625
yam,FJI,-7.5
yam,GAB,-4.268824815750122
yam,GHA,-1.3836423754692078
yam,GIN,-2.19171404838562
yam,GMB,-7.5
yam,GNB,-4.166230916976929
yam,GNQ,-4.520456552505493
yam,GRD,-7.5
yam,GTM,1.9357470273971558
yam,GUF,-0.0
yam,GUY,-7.5
yam,HND,-4.324975490570068
yam,HRV,-0.0
yam,HTI,-5.375561237335205
yam,IDN,-4.668606996536255
yam,IND,5.197897911071777
yam,IRN,-0.0
yam,ISR,3.247962176799774
yam,JAM,-7.5
yam,JOR,7.5
yam,JPN,-7.5
yam,KEN,-1.48088937997818
yam,KHM,-2.6220909357070923
yam,LAO,0.9666426181793213
yam,LBN,-4.8664950132369995
yam,LBR,-3.7778022289276123
yam,LKA,-3.0773404836654663
yam,LSO,-0.0
yam,MDG,-4.15418004989624
yam,MEX,2.674437999725342
yam,MLI,-5.247462272644043
yam,MMR,-0.903235524892807
yam,MNE,-0.0
yam,MOZ,-4.716910123825073
yam,MRT,-4.478801965713501
yam,MUS,-3.5658096075057983
yam,MWI,1.7995424270629883
yam,MYS,-2.7838165760040283
yam,NAM,-3.456242561340332
yam,NER,-5.154482841491699
yam,NGA,-3.933324098587036
yam,NIC,2.695525646209717
yam,NPL,-5.062485456466675
yam,PAK,-0.0
yam,PAN,-3.2238476276397705
yam,PER,-3.7902177572250366
yam,PHL,-1.6432258486747742
yam,PNG,-3.0153849124908447
yam,PRI,-7.5
yam,PRY,7.5
yam,PSE,-1.8483800292015076
yam,RWA,-0.8903034627437592
yam,SAU,-0.0
yam,SDN,-5.5471086502075195
yam,SEN,-0.9015388488769531
yam,SLB,-2.2431000471115112
yam,SLE,-5.427008152008057
yam,SLV,2.697283387184143
yam,SOM,7.5
yam,SSD,-5.276331424713135
yam,STP,-4.7285401821136475
yam,SUR,-2.4451063871383667
yam,SWZ,-4.030021548271179
yam,SYR,-0.0
yam,TCD,-4.674188137054443
yam,TGO,-1.0184552371501923
yam,THA,-2.0001842975616455
yam,TLS,-5.494282960891724
yam,TTO,-7.5
yam,TWN,-2.7300519943237305
yam,TZA,-4.683187007904053
yam,UGA,-4.008604407310486
yam,URY,-0.0
yam,USA,7.5
yam,VEN,-2.4252498149871826
yam,VNM,-2.4278478622436523
yam,VUT,-3.4420140981674194
yam,ZAF,-4.377967357635498
yam,ZMB,-3.4683154821395874
yam,ZWE,-3.371885895729065
